  0
SECTION
  2
HEADER
  9
$ACADVER
  1
AC1015
  9
$ACADMAINTVER
 70
     6
  9
$DWGCODEPAGE
  3
ANSI_1252
  9
$INSBASE
 10
0.0
 20
0.0
 30
0.0
  9
$EXTMIN
 10
-225.0
 20
-225.0
 30
0.0
  9
$EXTMAX
 10
225.0
 20
225.0
 30
0.0
  9
$LIMMIN
 10
0.0
 20
0.0
  9
$LIMMAX
 10
420.0
 20
297.0
  9
$ORTHOMODE
 70
     0
  9
$REGENMODE
 70
     1
  9
$FILLMODE
 70
     1
  9
$QTEXTMODE
 70
     0
  9
$MIRRTEXT
 70
     1
  9
$LTSCALE
 40
1.0
  9
$ATTMODE
 70
     1
  9
$TEXTSIZE
 40
3.5
  9
$TRACEWID
 40
1.0
  9
$TEXTSTYLE
  7
Standard
  9
$CLAYER
  8
0
  9
$CELTYPE
  6
ByLayer
  9
$CECOLOR
 62
   256
  9
$CELTSCALE
 40
1.0
  9
$DISPSILH
 70
     0
  9
$DIMSCALE
 40
1.0
  9
$DIMASZ
 40
3.302
  9
$DIMEXO
 40
0.0
  9
$DIMDLI
 40
3.75
  9
$DIMRND
 40
0.0
  9
$DIMDLE
 40
0.0
  9
$DIMEXE
 40
1.0
  9
$DIMTP
 40
0.0
  9
$DIMTM
 40
0.0
  9
$DIMTXT
 40
3.5
  9
$DIMCEN
 40
2.5
  9
$DIMTSZ
 40
0.0
  9
$DIMTOL
 70
     0
  9
$DIMLIM
 70
     0
  9
$DIMTIH
 70
     1
  9
$DIMTOH
 70
     1
  9
$DIMSE1
 70
     0
  9
$DIMSE2
 70
     0
  9
$DIMTAD
 70
     1
  9
$DIMZIN
 70
     0
  9
$DIMBLK
  1

  9
$DIMASO
 70
     1
  9
$DIMSHO
 70
     1
  9
$DIMPOST
  1

  9
$DIMAPOST
  1

  9
$DIMALT
 70
     0
  9
$DIMALTD
 70
     3
  9
$DIMALTF
 40
0.0393700787
  9
$DIMLFAC
 40
1.0
  9
$DIMTOFL
 70
     1
  9
$DIMTVP
 40
0.0
  9
$DIMTIX
 70
     0
  9
$DIMSOXD
 70
     0
  9
$DIMSAH
 70
     0
  9
$DIMBLK1
  1

  9
$DIMBLK2
  1

  9
$DIMSTYLE
  2
ISO-25
  9
$DIMCLRD
 70
     0
  9
$DIMCLRE
 70
     0
  9
$DIMCLRT
 70
     0
  9
$DIMTFAC
 40
1.0
  9
$DIMGAP
 40
1.524
  9
$DIMJUST
 70
     0
  9
$DIMSD1
 70
     0
  9
$DIMSD2
 70
     0
  9
$DIMTOLJ
 70
     0
  9
$DIMTZIN
 70
     0
  9
$DIMALTZ
 70
     0
  9
$DIMALTTZ
 70
     0
  9
$DIMUPT
 70
     0
  9
$DIMDEC
 70
     2
  9
$DIMTDEC
 70
     2
  9
$DIMALTU
 70
     2
  9
$DIMALTTD
 70
     3
  9
$DIMTXSTY
  7
Standard
  9
$DIMAUNIT
 70
     0
  9
$DIMADEC
 70
     2
  9
$DIMALTRND
 40
0.0
  9
$DIMAZIN
 70
     0
  9
$DIMDSEP
 70
    44
  9
$DIMATFIT
 70
     3
  9
$DIMFRAC
 70
     0
  9
$DIMLDRBLK
  1

  9
$DIMLUNIT
 70
     2
  9
$DIMLWD
 70
    -2
  9
$DIMLWE
 70
    -2
  9
$DIMTMOVE
 70
     0
  9
$LUNITS
 70
     2
  9
$LUPREC
 70
     2
  9
$SKETCHINC
 40
1.0
  9
$FILLETRAD
 40
0.0
  9
$AUNITS
 70
     0
  9
$AUPREC
 70
     2
  9
$MENU
  1
.
  9
$ELEVATION
 40
0.0
  9
$PELEVATION
 40
0.0
  9
$THICKNESS
 40
0.0
  9
$LIMCHECK
 70
     0
  9
$CHAMFERA
 40
0.0
  9
$CHAMFERB
 40
0.0
  9
$CHAMFERC
 40
0.0
  9
$CHAMFERD
 40
0.0
  9
$SKPOLY
 70
     0
  9
$TDCREATE
 40
2461072.264721053
  9
$TDUCREATE
 40
2461072.264721053
  9
$TDUPDATE
 40
2461072.264746528
  9
$TDUUPDATE
 40
2461072.264746528
  9
$TDINDWG
 40
0.0000000116
  9
$TDUSRTIMER
 40
0.0000000116
  9
$USRTIMER
 70
     1
  9
$ANGBASE
 50
0.0
  9
$ANGDIR
 70
     0
  9
$PDMODE
 70
     0
  9
$PDSIZE
 40
-1.0
  9
$PLINEWID
 40
0.0
  9
$SPLFRAME
 70
     0
  9
$SPLINETYPE
 70
     6
  9
$SPLINESEGS
 70
     8
  9
$HANDSEED
  5
63D
  9
$SURFTAB1
 70
     6
  9
$SURFTAB2
 70
     6
  9
$SURFTYPE
 70
     6
  9
$SURFU
 70
     6
  9
$SURFV
 70
     6
  9
$UCSBASE
  2

  9
$UCSNAME
  2

  9
$UCSORG
 10
0.0
 20
0.0
 30
0.0
  9
$UCSXDIR
 10
1.0
 20
0.0
 30
0.0
  9
$UCSYDIR
 10
0.0
 20
1.0
 30
0.0
  9
$UCSORTHOREF
  2

  9
$UCSORTHOVIEW
 70
     0
  9
$UCSORGTOP
 10
0.0
 20
0.0
 30
0.0
  9
$UCSORGBOTTOM
 10
0.0
 20
0.0
 30
0.0
  9
$UCSORGLEFT
 10
0.0
 20
0.0
 30
0.0
  9
$UCSORGRIGHT
 10
0.0
 20
0.0
 30
0.0
  9
$UCSORGFRONT
 10
0.0
 20
0.0
 30
0.0
  9
$UCSORGBACK
 10
0.0
 20
0.0
 30
0.0
  9
$PUCSBASE
  2

  9
$PUCSNAME
  2

  9
$PUCSORG
 10
0.0
 20
0.0
 30
0.0
  9
$PUCSXDIR
 10
1.0
 20
0.0
 30
0.0
  9
$PUCSYDIR
 10
0.0
 20
1.0
 30
0.0
  9
$PUCSORTHOREF
  2

  9
$PUCSORTHOVIEW
 70
     0
  9
$PUCSORGTOP
 10
0.0
 20
0.0
 30
0.0
  9
$PUCSORGBOTTOM
 10
0.0
 20
0.0
 30
0.0
  9
$PUCSORGLEFT
 10
0.0
 20
0.0
 30
0.0
  9
$PUCSORGRIGHT
 10
0.0
 20
0.0
 30
0.0
  9
$PUCSORGFRONT
 10
0.0
 20
0.0
 30
0.0
  9
$PUCSORGBACK
 10
0.0
 20
0.0
 30
0.0
  9
$USERI1
 70
     0
  9
$USERI2
 70
     0
  9
$USERI3
 70
     0
  9
$USERI4
 70
     0
  9
$USERI5
 70
     0
  9
$USERR1
 40
0.0
  9
$USERR2
 40
0.0
  9
$USERR3
 40
0.0
  9
$USERR4
 40
0.0
  9
$USERR5
 40
0.0
  9
$WORLDVIEW
 70
     1
  9
$SHADEDGE
 70
     3
  9
$SHADEDIF
 70
    70
  9
$TILEMODE
 70
     1
  9
$MAXACTVP
 70
    64
  9
$PINSBASE
 10
0.0
 20
0.0
 30
0.0
  9
$PLIMCHECK
 70
     0
  9
$PEXTMIN
 10
1.0000000000E+20
 20
1.0000000000E+20
 30
1.0000000000E+20
  9
$PEXTMAX
 10
-1.0000000000E+20
 20
-1.0000000000E+20
 30
-1.0000000000E+20
  9
$PLIMMIN
 10
0.0
 20
0.0
  9
$PLIMMAX
 10
420.0
 20
297.0
  9
$UNITMODE
 70
     0
  9
$VISRETAIN
 70
     1
  9
$PLINEGEN
 70
     0
  9
$PSLTSCALE
 70
     1
  9
$TREEDEPTH
 70
  3020
  9
$CMLSTYLE
  2
Standard
  9
$CMLJUST
 70
     0
  9
$CMLSCALE
 40
20.0
  9
$PROXYGRAPHICS
 70
     1
  9
$MEASUREMENT
 70
     1
  9
$CELWEIGHT
370
    -1
  9
$ENDCAPS
280
     0
  9
$JOINSTYLE
280
     0
  9
$LWDISPLAY
290
     1
  9
$INSUNITS
 70
     4
  9
$HYPERLINKBASE
  1

  9
$STYLESHEET
  1

  9
$XEDIT
290
     1
  9
$CEPSNTYPE
380
     0
  9
$PSTYLEMODE
290
     1
  9
$FINGERPRINTGUID
  2
{d86f4861-0dcb-4daf-9bd8-f4295f79df64}
  9
$VERSIONGUID
  2
{FAEB1C32-E019-11D5-929B-00C0DF256EC4}
  9
$EXTNAMES
290
     1
  9
$PSVPSCALE
 40
0.0
  9
$OLESTARTUP
290
     0
  0
ENDSEC
  0
SECTION
  2
CLASSES
  0
CLASS
  1
ACDBDICTIONARYWDFLT
  2
AcDbDictionaryWithDefault
  3
ObjectDBX Classes
 90
        0
280
     0
281
     0
  0
CLASS
  1
VISUALSTYLE
  2
AcDbVisualStyle
  3
ObjectDBX Classes
 90
     4095
280
     0
281
     0
  0
CLASS
  1
MATERIAL
  2
AcDbMaterial
  3
ObjectDBX Classes
 90
     1153
280
     0
281
     0
  0
CLASS
  1
SCALE
  2
AcDbScale
  3
ObjectDBX Classes
 90
     1153
280
     0
281
     0
  0
CLASS
  1
TABLESTYLE
  2
AcDbTableStyle
  3
ObjectDBX Classes
 90
     4095
280
     0
281
     0
  0
CLASS
  1
MLEADERSTYLE
  2
AcDbMLeaderStyle
  3
ACDB_MLEADERSTYLE_CLASS
 90
     4095
280
     0
281
     0
  0
CLASS
  1
SUN
  2
AcDbSun
  3
SCENEOE
 90
     1153
280
     0
281
     0
  0
CLASS
  1
ACDBPLACEHOLDER
  2
AcDbPlaceHolder
  3
ObjectDBX Classes
 90
        0
280
     0
281
     0
  0
CLASS
  1
LAYOUT
  2
AcDbLayout
  3
ObjectDBX Classes
 90
        0
280
     0
281
     0
  0
ENDSEC
  0
SECTION
  2
TABLES
  0
TABLE
  2
VPORT
  5
8
330
0
100
AcDbSymbolTable
 70
     1
  0
VPORT
  5
29
330
8
100
AcDbSymbolTableRecord
100
AcDbViewportTableRecord
  2
*Active
 70
     0
 10
0.0
 20
0.0
 11
1.0
 21
1.0
 12
0.0
 22
0.0
 13
0.0
 23
0.0
 14
10.0
 24
10.0
 15
10.0
 25
10.0
 16
0.0
 26
0.0
 36
1.0
 17
0.0
 27
0.0
 37
0.0
 40
459.0
 41
1.0
 42
50.0
 43
0.0
 44
0.0
 50
0.0
 51
0.0
 71
     0
 72
   100
 73
     1
 74
     3
 75
     0
 76
     0
 77
     0
 78
     0
281
     0
 65
     1
110
0.0
120
0.0
130
0.0
111
1.0
121
0.0
131
0.0
112
0.0
122
1.0
132
0.0
 79
     0
146
0.0
  0
ENDTAB
  0
TABLE
  2
LTYPE
  5
5
330
0
100
AcDbSymbolTable
 70
     6
  0
LTYPE
  5
14
330
5
100
AcDbSymbolTableRecord
100
AcDbLinetypeTableRecord
  2
ByBlock
 70
     0
  3

 72
    65
 73
     0
 40
0.0
  0
LTYPE
  5
15
330
5
100
AcDbSymbolTableRecord
100
AcDbLinetypeTableRecord
  2
ByLayer
 70
     0
  3

 72
    65
 73
     0
 40
0.0
  0
LTYPE
  5
16
330
5
100
AcDbSymbolTableRecord
100
AcDbLinetypeTableRecord
  2
Continuous
 70
     0
  3
Solid line
 72
    65
 73
     0
 40
0.0
  0
LTYPE
  5
5E
330
5
100
AcDbSymbolTableRecord
100
AcDbLinetypeTableRecord
  2
HIDDEN
 70
     0
  3
Hidden __ __ __ __ __ __ __ __ __ __ __ __ __ __
 72
    65
 73
     2
 40
1.905
 49
1.27
 74
     0
 49
-0.635
 74
     0
  0
LTYPE
  5
5F
330
5
100
AcDbSymbolTableRecord
100
AcDbLinetypeTableRecord
  2
PHANTOM
 70
     0
  3
Phantom ______  __  __  ______  __  __  ______
 72
    65
 73
     6
 40
12.7
 49
6.35
 74
     0
 49
-1.27
 74
     0
 49
1.27
 74
     0
 49
-1.27
 74
     0
 49
1.27
 74
     0
 49
-1.27
 74
     0
  0
LTYPE
  5
60
330
5
100
AcDbSymbolTableRecord
100
AcDbLinetypeTableRecord
  2
CENTER
 70
     0
  3
Center ____ _ ____ _ ____ _ ____ _ ____ _ ____
 72
    65
 73
     4
 40
10.16
 49
6.35
 74
     0
 49
-1.27
 74
     0
 49
1.27
 74
     0
 49
-1.27
 74
     0
  0
LTYPE
  5
61
330
5
100
AcDbSymbolTableRecord
100
AcDbLinetypeTableRecord
  2
CENTERX2
 70
     0
  3
Center (2x) ________  __  ________  __  _____
 72
    65
 73
     4
 40
20.32
 49
12.7
 74
     0
 49
-2.54
 74
     0
 49
2.54
 74
     0
 49
-2.54
 74
     0
  0
LTYPE
  5
62
330
5
100
AcDbSymbolTableRecord
100
AcDbLinetypeTableRecord
  2
DOT2
 70
     0
  3
Dot (.5x) ........................................
 72
    65
 73
     2
 40
0.635
 49
0.0
 74
     0
 49
-0.635
 74
     0
  0
ENDTAB
  0
TABLE
  2
LAYER
  5
2
330
0
100
AcDbSymbolTable
 70
     1
  0
LAYER
  5
10
330
2
100
AcDbSymbolTableRecord
100
AcDbLayerTableRecord
  2
0
 70
     0
 62
     7
  6
Continuous
370
    -3
390
F
  0
ENDTAB
  0
TABLE
  2
STYLE
  5
3
330
0
100
AcDbSymbolTable
 70
     1
  0
STYLE
  5
11
330
3
100
AcDbSymbolTableRecord
100
AcDbTextStyleTableRecord
  2
Standard
 70
     0
 40
0.0
 41
1.0
 50
0.0
 71
     0
 42
3.5
  3
txt
  4

  0
ENDTAB
  0
TABLE
  2
VIEW
  5
6
330
0
100
AcDbSymbolTable
 70
     0
  0
ENDTAB
  0
TABLE
  2
UCS
  5
7
330
0
100
AcDbSymbolTable
 70
     0
  0
ENDTAB
  0
TABLE
  2
APPID
  5
9
330
0
100
AcDbSymbolTable
 70
     1
  0
APPID
  5
12
330
9
100
AcDbSymbolTableRecord
100
AcDbRegAppTableRecord
  2
ACAD
 70
     0
  0
ENDTAB
  0
TABLE
  2
DIMSTYLE
  5
A
330
0
100
AcDbSymbolTable
 70
     1
100
AcDbDimStyleTable
  0
DIMSTYLE
105
27
330
A
100
AcDbSymbolTableRecord
100
AcDbDimStyleTableRecord
  2
ISO-25
 70
     0
 41
2.5
 42
0.625
 43
3.75
 44
1.25
 73
     0
 74
     0
 77
     1
 78
     8
140
2.5
141
2.5
143
0.0393700787
147
0.625
171
     3
172
     1
178
     0
271
     2
272
     2
274
     3
278
    44
283
     0
284
     8
340
11
  0
ENDTAB
  0
TABLE
  2
BLOCK_RECORD
  5
1
330
0
100
AcDbSymbolTable
 70
     1
  0
BLOCK_RECORD
  5
1F
330
1
100
AcDbSymbolTableRecord
100
AcDbBlockTableRecord
  2
*Model_Space
340
22
  0
BLOCK_RECORD
  5
1B
330
1
100
AcDbSymbolTableRecord
100
AcDbBlockTableRecord
  2
*Paper_Space
340
1E
  0
BLOCK_RECORD
  5
23
330
1
100
AcDbSymbolTableRecord
100
AcDbBlockTableRecord
  2
*Paper_Space0
340
26
  0
ENDTAB
  0
ENDSEC
  0
SECTION
  2
BLOCKS
  0
BLOCK
  5
20
330
1F
100
AcDbEntity
  8
0
100
AcDbBlockBegin
  2
*Model_Space
 70
     0
 10
0.0
 20
0.0
 30
0.0
  3
*Model_Space
  1

  0
ENDBLK
  5
21
330
1F
100
AcDbEntity
  8
0
100
AcDbBlockEnd
  0
BLOCK
  5
1C
330
1B
100
AcDbEntity
 67
     1
  8
0
100
AcDbBlockBegin
  2
*Paper_Space
 70
     0
 10
0.0
 20
0.0
 30
0.0
  3
*Paper_Space
  1

  0
ENDBLK
  5
1D
330
1B
100
AcDbEntity
 67
     1
  8
0
100
AcDbBlockEnd
  0
BLOCK
  5
24
330
23
100
AcDbEntity
  8
0
100
AcDbBlockBegin
  2
*Paper_Space0
 70
     0
 10
0.0
 20
0.0
 30
0.0
  3
*Paper_Space0
  1

  0
ENDBLK
  5
25
330
23
100
AcDbEntity
  8
0
100
AcDbBlockEnd
  0
ENDSEC
  0
SECTION
  2
ENTITIES
  0
LINE
  5
63
330
1F
100
AcDbEntity
  8
0
  6
Continuous
 62
     7
370
    25
100
AcDbLine
 10
140.9530523955
 20
133.8819845837
 30
0.0
 11
143.5412428466
 21
143.5412428466
 31
0.0
  0
LINE
  5
64
330
1F
100
AcDbEntity
  8
0
  6
Continuous
 62
     7
370
    25
100
AcDbLine
 10
133.8819845837
 20
140.9530523956
 30
0.0
 11
140.9530523955
 21
133.8819845837
 31
0.0
  0
LINE
  5
65
330
1F
100
AcDbEntity
  8
0
  6
Continuous
 62
     7
370
    25
100
AcDbLine
 10
143.5412428466
 20
143.5412428466
 30
0.0
 11
133.8819845837
 21
140.9530523956
 31
0.0
  0
ARC
  5
66
330
1F
100
AcDbEntity
  8
0
  6
Continuous
 62
     7
370
    25
100
AcDbCircle
 10
0.0
 20
0.0
 30
0.0
 40
213.0000000000001
100
AcDbArc
 50
189.75
 51
190.25
  0
LINE
  5
67
330
1F
100
AcDbEntity
  8
0
  6
Continuous
 62
     7
370
    25
100
AcDbLine
 10
-219.4410755751
 20
-39.6814106407
 30
0.0
 11
-209.6006685987
 21
-37.9019751859
 31
0.0
  0
ARC
  5
68
330
1F
100
AcDbEntity
  8
0
  6
Continuous
 62
     7
370
    25
100
AcDbCircle
 10
0.0
 20
0.0
 30
0.0
 40
223.0000000000001
100
AcDbArc
 50
189.75
 51
190.25
  0
LINE
  5
69
330
1F
100
AcDbEntity
  8
0
  6
Continuous
 62
     7
370
    25
100
AcDbLine
 10
-209.9234405794
 20
-36.0714443198
 30
0.0
 11
-219.77900117
 21
-37.7649393583
 31
0.0
  0
ARC
  5
6A
330
1F
100
AcDbEntity
  8
0
  6
Continuous
 62
     7
370
    25
100
AcDbCircle
 10
0.0
 20
0.0
 30
0.0
 40
213.0
100
AcDbArc
 50
190.75
 51
191.25
  0
LINE
  5
6B
330
1F
100
AcDbEntity
  8
0
  6
Continuous
 62
     7
370
    25
100
AcDbLine
 10
-218.7151175299
 20
-43.5051418096
 30
0.0
 11
-208.9072647259
 21
-41.5542385894
 31
0.0
  0
ARC
  5
6C
330
1F
100
AcDbEntity
  8
0
  6
Continuous
 62
     7
370
    25
100
AcDbCircle
 10
0.0
 20
0.0
 30
0.0
 40
223.0
100
AcDbArc
 50
190.75
 51
191.25
  0
LINE
  5
6D
330
1F
100
AcDbEntity
  8
0
  6
Continuous
 62
     7
370
    25
100
AcDbLine
 10
-209.2619347155
 20
-39.7296196699
 30
0.0
 11
-219.0864386928
 21
-41.5948600299
 31
0.0
  0
ARC
  5
6E
330
1F
100
AcDbEntity
  8
0
  6
Continuous
 62
     7
370
    25
100
AcDbCircle
 10
0.0
 20
0.0
 30
0.0
 40
213.0
100
AcDbArc
 50
192.75
 51
193.25
  0
LINE
  5
6F
330
1F
100
AcDbEntity
  8
0
  6
Continuous
 62
     7
370
    25
100
AcDbLine
 10
-217.0635746367
 20
-51.1116871757
 30
0.0
 11
-207.3297820521
 21
-48.8196832665
 31
0.0
  0
ARC
  5
70
330
1F
100
AcDbEntity
  8
0
  6
Continuous
 62
     7
370
    25
100
AcDbCircle
 10
0.0
 20
0.0
 30
0.0
 40
223.0000000000001
100
AcDbArc
 50
192.75
 51
193.25
  0
LINE
  5
71
330
1F
100
AcDbEntity
  8
0
  6
Continuous
 62
     7
370
    25
100
AcDbLine
 10
-207.7479142683
 20
-47.0085536596
 30
0.0
 11
-217.5013374734
 21
-49.2155280098
 31
0.0
  0
ARC
  5
72
330
1F
100
AcDbEntity
  8
0
  6
Continuous
 62
     7
370
    25
100
AcDbCircle
 10
0.0
 20
0.0
 30
0.0
 40
213.0
100
AcDbArc
 50
191.75
 51
192.25
  0
LINE
  5
73
330
1F
100
AcDbEntity
  8
0
  6
Continuous
 62
     7
370
    25
100
AcDbLine
 10
-217.9225367412
 20
-47.3156208909
 30
0.0
 11
-208.1502256766
 21
-45.1938441693
 31
0.0
  0
ARC
  5
74
330
1F
100
AcDbEntity
  8
0
  6
Continuous
 62
     7
370
    25
100
AcDbCircle
 10
0.0
 20
0.0
 30
0.0
 40
223.0
100
AcDbArc
 50
191.75
 51
192.25
  0
LINE
  5
75
330
1F
100
AcDbEntity
  8
0
  6
Continuous
 62
     7
370
    25
100
AcDbLine
 10
-208.5366856392
 20
-43.3756929929
 30
0.0
 11
-218.3271403641
 21
-45.4121105043
 31
0.0
  0
ARC
  5
76
330
1F
100
AcDbEntity
  8
0
  6
Continuous
 62
     7
370
    25
100
AcDbCircle
 10
0.0
 20
0.0
 30
0.0
 40
213.0
100
AcDbArc
 50
188.75
 51
189.25
  0
LINE
  5
77
330
1F
100
AcDbEntity
  8
0
  6
Continuous
 62
     7
370
    25
100
AcDbLine
 10
-220.1001897429
 20
-35.8455921297
 30
0.0
 11
-210.2302260773
 21
-34.2381664736
 31
0.0
  0
ARC
  5
78
330
1F
100
AcDbEntity
  8
0
  6
Continuous
 62
     7
370
    25
100
AcDbCircle
 10
0.0
 20
0.0
 30
0.0
 40
223.0
100
AcDbArc
 50
188.75
 51
189.25
  0
LINE
  5
79
330
1F
100
AcDbEntity
  8
0
  6
Continuous
 62
     7
370
    25
100
AcDbLine
 10
-210.5210017296
 20
-32.4022812585
 30
0.0
 11
-220.4046168343
 21
-33.9235151204
 31
0.0
  0
ARC
  5
7A
330
1F
100
AcDbEntity
  8
0
  6
Continuous
 62
     7
370
    25
100
AcDbCircle
 10
0.0
 20
0.0
 30
0.0
 40
213.0
100
AcDbArc
 50
187.75
 51
188.25
  0
LINE
  5
7B
330
1F
100
AcDbEntity
  8
0
  6
Continuous
 62
     7
370
    25
100
AcDbLine
 10
-220.6922592608
 20
-31.998854704
 30
0.0
 11
-210.7957453926
 21
-30.5639284841
 31
0.0
  0
ARC
  5
7C
330
1F
100
AcDbEntity
  8
0
  6
Continuous
 62
     7
370
    25
100
AcDbCircle
 10
0.0
 20
0.0
 30
0.0
 40
223.0
100
AcDbArc
 50
187.75
 51
188.25
  0
LINE
  5
7D
330
1F
100
AcDbEntity
  8
0
  6
Continuous
 62
     7
370
    25
100
AcDbLine
 10
-211.0544361434
 20
-28.7232481483
 30
0.0
 11
-220.9630951173
 21
-30.071757451
 31
0.0
  0
ARC
  5
7E
330
1F
100
AcDbEntity
  8
0
  6
Continuous
 62
     7
370
    25
100
AcDbCircle
 10
0.0
 20
0.0
 30
0.0
 40
213.0
100
AcDbArc
 50
186.75
 51
187.25
  0
LINE
  5
7F
330
1F
100
AcDbEntity
  8
0
  6
Continuous
 62
     7
370
    25
100
AcDbLine
 10
-221.2171037786
 20
-28.1423701173
 30
0.0
 11
-211.2970542818
 21
-26.8803804259
 31
0.0
  0
ARC
  5
80
330
1F
100
AcDbEntity
  8
0
  6
Continuous
 62
     7
370
    25
100
AcDbCircle
 10
0.0
 20
0.0
 30
0.0
 40
223.0
100
AcDbArc
 50
186.75
 51
187.25
  0
LINE
  5
81
330
1F
100
AcDbEntity
  8
0
  6
Continuous
 62
     7
370
    25
100
AcDbLine
 10
-211.5235813314
 20
-25.0354656585
 30
0.0
 11
-221.4542659009
 21
-26.2108396331
 31
0.0
  0
ARC
  5
82
330
1F
100
AcDbEntity
  8
0
  6
Continuous
 62
     7
370
    25
100
AcDbCircle
 10
0.0
 20
0.0
 30
0.0
 40
213.0
100
AcDbArc
 50
185.75
 51
186.25
  0
LINE
  5
83
330
1F
100
AcDbEntity
  8
0
  6
Continuous
 62
     7
370
    25
100
AcDbLine
 10
-221.6745634236
 20
-24.277313092
 30
0.0
 11
-211.7340000414
 21
-23.1886443435
 31
0.0
  0
ARC
  5
84
330
1F
100
AcDbEntity
  8
0
  6
Continuous
 62
     7
370
    25
100
AcDbCircle
 10
0.0
 20
0.0
 30
0.0
 40
223.0
100
AcDbArc
 50
185.75
 51
186.25
  0
LINE
  5
85
330
1F
100
AcDbEntity
  8
0
  6
Continuous
 62
     7
370
    25
100
AcDbLine
 10
-211.9282943874
 20
-21.3400571234
 30
0.0
 11
-221.87797957
 21
-22.3419377395
 31
0.0
  0
ARC
  5
86
330
1F
100
AcDbEntity
  8
0
  6
Continuous
 62
     7
370
    25
100
AcDbCircle
 10
0.0
 20
0.0
 30
0.0
 40
213.0000000000001
100
AcDbArc
 50
184.75
 51
185.25
  0
LINE
  5
87
330
1F
100
AcDbEntity
  8
0
  6
Continuous
 62
     7
370
    25
100
AcDbLine
 10
-222.0644988491
 20
-20.4048609619
 30
0.0
 11
-212.1064495734
 21
-19.4898447753
 31
0.0
  0
ARC
  5
88
330
1F
100
AcDbEntity
  8
0
  6
Continuous
 62
     7
370
    25
100
AcDbCircle
 10
0.0
 20
0.0
 30
0.0
 40
223.0000000000001
100
AcDbArc
 50
184.75
 51
185.25
  0
LINE
  5
89
330
1F
100
AcDbEntity
  8
0
  6
Continuous
 62
     7
370
    25
100
AcDbLine
 10
-212.268452032
 20
-17.6381482001
 30
0.0
 11
-222.234107057
 21
-18.4662302752
 31
0.0
  0
ARC
  5
8A
330
1F
100
AcDbEntity
  8
0
  6
Continuous
 62
     7
370
    25
100
AcDbCircle
 10
0.0
 20
0.0
 30
0.0
 40
213.0
100
AcDbArc
 50
183.75
 51
184.25
  0
LINE
  5
8B
330
1F
100
AcDbEntity
  8
0
  6
Continuous
 62
     7
370
    25
100
AcDbLine
 10
-222.3867912772
 20
-16.5261933136
 30
0.0
 11
-212.4142894262
 21
-15.7851084116
 31
0.0
  0
ARC
  5
8C
330
1F
100
AcDbEntity
  8
0
  6
Continuous
 62
     7
370
    25
100
AcDbCircle
 10
0.0
 20
0.0
 30
0.0
 40
223.0
100
AcDbArc
 50
183.75
 51
184.25
  0
LINE
  5
8D
330
1F
100
AcDbEntity
  8
0
  6
Continuous
 62
     7
370
    25
100
AcDbLine
 10
-212.5439506498
 20
-13.930866526
 30
0.0
 11
-222.5225398822
 21
-14.5848978183
 31
0.0
  0
ARC
  5
8E
330
1F
100
AcDbEntity
  8
0
  6
Continuous
 62
     7
370
    25
100
AcDbCircle
 10
0.0
 20
0.0
 30
0.0
 40
213.0000000000001
100
AcDbArc
 50
182.75
 51
183.25
  0
LINE
  5
8F
330
1F
100
AcDbEntity
  8
0
  6
Continuous
 62
     7
370
    25
100
AcDbLine
 10
-222.6413425343
 20
-12.6424916266
 30
0.0
 11
-212.6574258287
 21
-12.075563751
 31
0.0
  0
ARC
  5
90
330
1F
100
AcDbEntity
  8
0
  6
Continuous
 62
     7
370
    25
100
AcDbCircle
 10
0.0
 20
0.0
 30
0.0
 40
223.0000000000001
100
AcDbArc
 50
182.75
 51
183.25
  0
LINE
  5
91
330
1F
100
AcDbEntity
  8
0
  6
Continuous
 62
     7
370
    25
100
AcDbLine
 10
-212.7547063213
 20
-10.219341375
 30
0.0
 11
-222.7431901861
 21
-10.6991226603
 31
0.0
  0
ARC
  5
92
330
1F
100
AcDbEntity
  8
0
  6
Continuous
 62
     7
370
    25
100
AcDbCircle
 10
0.0
 20
0.0
 30
0.0
 40
213.0000000000001
100
AcDbArc
 50
181.75
 51
182.25
  0
LINE
  5
93
330
1F
100
AcDbEntity
  8
0
  6
Continuous
 62
     7
370
    25
100
AcDbLine
 10
-222.8280750817
 20
-8.7549389143
 30
0.0
 11
-212.8357847193
 21
-8.3623407567
 31
0.0
  0
ARC
  5
94
330
1F
100
AcDbEntity
  8
0
  6
Continuous
 62
     7
370
    25
100
AcDbCircle
 10
0.0
 20
0.0
 30
0.0
 40
223.0
100
AcDbArc
 50
181.75
 51
182.25
  0
LINE
  5
95
330
1F
100
AcDbEntity
  8
0
  6
Continuous
 62
     7
370
    25
100
AcDbLine
 10
-212.9006548482
 20
-6.5047033137
 30
0.0
 11
-222.8959907566
 21
-6.8100884458
 31
0.0
  0
ARC
  5
96
330
1F
100
AcDbEntity
  8
0
  6
Continuous
 62
     7
370
    25
100
AcDbCircle
 10
0.0
 20
0.0
 30
0.0
 40
213.0
100
AcDbArc
 50
180.75
 51
181.25
  0
LINE
  5
97
330
1F
100
AcDbEntity
  8
0
  6
Continuous
 62
     7
370
    25
100
AcDbLine
 10
-222.9469320388
 20
-4.8647193627
 30
0.0
 11
-212.949311768
 21
-4.6465705124
 31
0.0
  0
ARC
  5
98
330
1F
100
AcDbEntity
  8
0
  6
Continuous
 62
     7
370
    25
100
AcDbCircle
 10
0.0
 20
0.0
 30
0.0
 40
223.0
100
AcDbArc
 50
180.75
 51
181.25
  0
LINE
  5
99
330
1F
100
AcDbEntity
  8
0
  6
Continuous
 62
     7
370
    25
100
AcDbLine
 10
-212.9817517733
 20
-2.7880838567
 30
0.0
 11
-222.980895049
 21
-2.9189798124
 31
0.0
  0
ARC
  5
9A
330
1F
100
AcDbEntity
  8
0
  6
Continuous
 62
     7
370
    25
100
AcDbCircle
 10
0.0
 20
0.0
 30
0.0
 40
213.0
100
AcDbArc
 50
179.75
 51
180.25
  0
LINE
  5
9B
330
1F
100
AcDbEntity
  8
0
  6
Continuous
 62
     7
370
    25
100
AcDbLine
 10
-222.9978772007
 20
-0.9730179705
 30
0.0
 11
-212.9979723935
 21
-0.9293848777
 31
0.0
  0
ARC
  5
9C
330
1F
100
AcDbEntity
  8
0
  6
Continuous
 62
     7
370
    25
100
AcDbCircle
 10
0.0
 20
0.0
 30
0.0
 40
223.0
100
AcDbArc
 50
179.75
 51
180.25
  0
LINE
  5
9D
330
1F
100
AcDbEntity
  8
0
  6
Continuous
 62
     7
370
    25
100
AcDbLine
 10
-212.9979723935
 20
0.9293848777
 30
0.0
 11
-222.9978772007
 21
0.9730179705
 31
0.0
  0
ARC
  5
9E
330
1F
100
AcDbEntity
  8
0
  6
Continuous
 62
     7
370
    25
100
AcDbCircle
 10
0.0
 20
0.0
 30
0.0
 40
213.0
100
AcDbArc
 50
178.75
 51
179.25
  0
LINE
  5
9F
330
1F
100
AcDbEntity
  8
0
  6
Continuous
 62
     7
370
    25
100
AcDbLine
 10
-222.980895049
 20
2.9189798124
 30
0.0
 11
-212.9817517733
 21
2.7880838567
 31
0.0
  0
ARC
  5
A0
330
1F
100
AcDbEntity
  8
0
  6
Continuous
 62
     7
370
    25
100
AcDbCircle
 10
0.0
 20
0.0
 30
0.0
 40
223.0000000000001
100
AcDbArc
 50
178.75
 51
179.25
  0
LINE
  5
A1
330
1F
100
AcDbEntity
  8
0
  6
Continuous
 62
     7
370
    25
100
AcDbLine
 10
-212.949311768
 20
4.6465705124
 30
0.0
 11
-222.9469320388
 21
4.8647193627
 31
0.0
  0
ARC
  5
A2
330
1F
100
AcDbEntity
  8
0
  6
Continuous
 62
     7
370
    25
100
AcDbCircle
 10
0.0
 20
0.0
 30
0.0
 40
213.0
100
AcDbArc
 50
177.75
 51
178.25
  0
LINE
  5
A3
330
1F
100
AcDbEntity
  8
0
  6
Continuous
 62
     7
370
    25
100
AcDbLine
 10
-222.8959907566
 20
6.8100884458
 30
0.0
 11
-212.9006548482
 21
6.5047033137
 31
0.0
  0
ARC
  5
A4
330
1F
100
AcDbEntity
  8
0
  6
Continuous
 62
     7
370
    25
100
AcDbCircle
 10
0.0
 20
0.0
 30
0.0
 40
223.0
100
AcDbArc
 50
177.75
 51
178.25
  0
LINE
  5
A5
330
1F
100
AcDbEntity
  8
0
  6
Continuous
 62
     7
370
    25
100
AcDbLine
 10
-212.8357847193
 20
8.3623407567
 30
0.0
 11
-222.8280750817
 21
8.7549389143
 31
0.0
  0
ARC
  5
A6
330
1F
100
AcDbEntity
  8
0
  6
Continuous
 62
     7
370
    25
100
AcDbCircle
 10
0.0
 20
0.0
 30
0.0
 40
213.0
100
AcDbArc
 50
176.75
 51
177.25
  0
LINE
  5
A7
330
1F
100
AcDbEntity
  8
0
  6
Continuous
 62
     7
370
    25
100
AcDbLine
 10
-222.7431901861
 20
10.6991226603
 30
0.0
 11
-212.7547063213
 21
10.219341375
 31
0.0
  0
ARC
  5
A8
330
1F
100
AcDbEntity
  8
0
  6
Continuous
 62
     7
370
    25
100
AcDbCircle
 10
0.0
 20
0.0
 30
0.0
 40
223.0000000000001
100
AcDbArc
 50
176.75
 51
177.25
  0
LINE
  5
A9
330
1F
100
AcDbEntity
  8
0
  6
Continuous
 62
     7
370
    25
100
AcDbLine
 10
-212.6574258287
 20
12.075563751
 30
0.0
 11
-222.6413425343
 21
12.6424916266
 31
0.0
  0
ARC
  5
AA
330
1F
100
AcDbEntity
  8
0
  6
Continuous
 62
     7
370
    25
100
AcDbCircle
 10
0.0
 20
0.0
 30
0.0
 40
213.0
100
AcDbArc
 50
175.75
 51
176.25
  0
LINE
  5
AB
330
1F
100
AcDbEntity
  8
0
  6
Continuous
 62
     7
370
    25
100
AcDbLine
 10
-222.5225398822
 20
14.5848978183
 30
0.0
 11
-212.5439506498
 21
13.930866526
 31
0.0
  0
ARC
  5
AC
330
1F
100
AcDbEntity
  8
0
  6
Continuous
 62
     7
370
    25
100
AcDbCircle
 10
0.0
 20
0.0
 30
0.0
 40
223.0
100
AcDbArc
 50
175.75
 51
176.25
  0
LINE
  5
AD
330
1F
100
AcDbEntity
  8
0
  6
Continuous
 62
     7
370
    25
100
AcDbLine
 10
-212.4142894262
 20
15.7851084116
 30
0.0
 11
-222.3867912772
 21
16.5261933136
 31
0.0
  0
ARC
  5
AE
330
1F
100
AcDbEntity
  8
0
  6
Continuous
 62
     7
370
    25
100
AcDbCircle
 10
0.0
 20
0.0
 30
0.0
 40
213.0
100
AcDbArc
 50
174.75
 51
175.25
  0
LINE
  5
AF
330
1F
100
AcDbEntity
  8
0
  6
Continuous
 62
     7
370
    25
100
AcDbLine
 10
-222.234107057
 20
18.4662302752
 30
0.0
 11
-212.268452032
 21
17.6381482001
 31
0.0
  0
ARC
  5
B0
330
1F
100
AcDbEntity
  8
0
  6
Continuous
 62
     7
370
    25
100
AcDbCircle
 10
0.0
 20
0.0
 30
0.0
 40
223.0
100
AcDbArc
 50
174.75
 51
175.25
  0
LINE
  5
B1
330
1F
100
AcDbEntity
  8
0
  6
Continuous
 62
     7
370
    25
100
AcDbLine
 10
-212.1064495734
 20
19.4898447753
 30
0.0
 11
-222.0644988491
 21
20.4048609619
 31
0.0
  0
ARC
  5
B2
330
1F
100
AcDbEntity
  8
0
  6
Continuous
 62
     7
370
    25
100
AcDbCircle
 10
0.0
 20
0.0
 30
0.0
 40
213.0000000000001
100
AcDbArc
 50
173.75
 51
174.25
  0
LINE
  5
B3
330
1F
100
AcDbEntity
  8
0
  6
Continuous
 62
     7
370
    25
100
AcDbLine
 10
-221.87797957
 20
22.3419377395
 30
0.0
 11
-211.9282943874
 21
21.3400571234
 31
0.0
  0
ARC
  5
B4
330
1F
100
AcDbEntity
  8
0
  6
Continuous
 62
     7
370
    25
100
AcDbCircle
 10
0.0
 20
0.0
 30
0.0
 40
223.0000000000001
100
AcDbArc
 50
173.75
 51
174.25
  0
LINE
  5
B5
330
1F
100
AcDbEntity
  8
0
  6
Continuous
 62
     7
370
    25
100
AcDbLine
 10
-211.7340000414
 20
23.1886443435
 30
0.0
 11
-221.6745634236
 21
24.277313092
 31
0.0
  0
ARC
  5
B6
330
1F
100
AcDbEntity
  8
0
  6
Continuous
 62
     7
370
    25
100
AcDbCircle
 10
0.0
 20
0.0
 30
0.0
 40
213.0
100
AcDbArc
 50
172.75
 51
173.25
  0
LINE
  5
B7
330
1F
100
AcDbEntity
  8
0
  6
Continuous
 62
     7
370
    25
100
AcDbLine
 10
-221.4542659009
 20
26.2108396331
 30
0.0
 11
-211.5235813314
 21
25.0354656585
 31
0.0
  0
ARC
  5
B8
330
1F
100
AcDbEntity
  8
0
  6
Continuous
 62
     7
370
    25
100
AcDbCircle
 10
0.0
 20
0.0
 30
0.0
 40
223.0
100
AcDbArc
 50
172.75
 51
173.25
  0
LINE
  5
B9
330
1F
100
AcDbEntity
  8
0
  6
Continuous
 62
     7
370
    25
100
AcDbLine
 10
-211.2970542818
 20
26.8803804259
 30
0.0
 11
-221.2171037786
 21
28.1423701173
 31
0.0
  0
ARC
  5
BA
330
1F
100
AcDbEntity
  8
0
  6
Continuous
 62
     7
370
    25
100
AcDbCircle
 10
0.0
 20
0.0
 30
0.0
 40
213.0
100
AcDbArc
 50
171.75
 51
172.25
  0
LINE
  5
BB
330
1F
100
AcDbEntity
  8
0
  6
Continuous
 62
     7
370
    25
100
AcDbLine
 10
-220.9630951173
 20
30.071757451
 30
0.0
 11
-211.0544361434
 21
28.7232481483
 31
0.0
  0
ARC
  5
BC
330
1F
100
AcDbEntity
  8
0
  6
Continuous
 62
     7
370
    25
100
AcDbCircle
 10
0.0
 20
0.0
 30
0.0
 40
223.0
100
AcDbArc
 50
171.75
 51
172.25
  0
LINE
  5
BD
330
1F
100
AcDbEntity
  8
0
  6
Continuous
 62
     7
370
    25
100
AcDbLine
 10
-210.7957453926
 20
30.5639284841
 30
0.0
 11
-220.6922592608
 21
31.998854704
 31
0.0
  0
ARC
  5
BE
330
1F
100
AcDbEntity
  8
0
  6
Continuous
 62
     7
370
    25
100
AcDbCircle
 10
0.0
 20
0.0
 30
0.0
 40
213.0
100
AcDbArc
 50
170.75
 51
171.25
  0
LINE
  5
BF
330
1F
100
AcDbEntity
  8
0
  6
Continuous
 62
     7
370
    25
100
AcDbLine
 10
-220.4046168343
 20
33.9235151203
 30
0.0
 11
-210.5210017296
 21
32.4022812585
 31
0.0
  0
ARC
  5
C0
330
1F
100
AcDbEntity
  8
0
  6
Continuous
 62
     7
370
    25
100
AcDbCircle
 10
0.0
 20
0.0
 30
0.0
 40
223.0
100
AcDbArc
 50
170.75
 51
171.25
  0
LINE
  5
C1
330
1F
100
AcDbEntity
  8
0
  6
Continuous
 62
     7
370
    25
100
AcDbLine
 10
-210.2302260773
 20
34.2381664736
 30
0.0
 11
-220.1001897429
 21
35.8455921297
 31
0.0
  0
ARC
  5
C2
330
1F
100
AcDbEntity
  8
0
  6
Continuous
 62
     7
370
    25
100
AcDbCircle
 10
0.0
 20
0.0
 30
0.0
 40
213.0
100
AcDbArc
 50
169.75
 51
170.25
  0
LINE
  5
C3
330
1F
100
AcDbEntity
  8
0
  6
Continuous
 62
     7
370
    25
100
AcDbLine
 10
-219.77900117
 20
37.7649393583
 30
0.0
 11
-209.9234405794
 21
36.0714443198
 31
0.0
  0
ARC
  5
C4
330
1F
100
AcDbEntity
  8
0
  6
Continuous
 62
     7
370
    25
100
AcDbCircle
 10
0.0
 20
0.0
 30
0.0
 40
223.0
100
AcDbArc
 50
169.75
 51
170.25
  0
LINE
  5
C5
330
1F
100
AcDbEntity
  8
0
  6
Continuous
 62
     7
370
    25
100
AcDbLine
 10
-209.6006685987
 20
37.9019751859
 30
0.0
 11
-219.4410755751
 21
39.6814106407
 31
0.0
  0
ARC
  5
C6
330
1F
100
AcDbEntity
  8
0
  6
Continuous
 62
     7
370
    25
100
AcDbCircle
 10
0.0
 20
0.0
 30
0.0
 40
213.0
100
AcDbArc
 50
163.75
 51
164.25
  0
LINE
  5
C7
330
1F
100
AcDbEntity
  8
0
  6
Continuous
 62
     7
370
    25
100
AcDbLine
 10
-214.6275177292
 20
60.5312203199
 30
0.0
 11
-205.0029653646
 21
57.8168158213
 31
0.0
  0
ARC
  5
C8
330
1F
100
AcDbEntity
  8
0
  6
Continuous
 62
     7
370
    25
100
AcDbCircle
 10
0.0
 20
0.0
 30
0.0
 40
223.0
100
AcDbArc
 50
163.75
 51
164.25
  0
LINE
  5
C9
330
1F
100
AcDbEntity
  8
0
  6
Continuous
 62
     7
370
    25
100
AcDbLine
 10
-204.4906189842
 20
59.6035799886
 30
0.0
 11
-214.0911175281
 21
62.4018701289
 31
0.0
  0
ARC
  5
CA
330
1F
100
AcDbEntity
  8
0
  6
Continuous
 62
     7
370
    25
100
AcDbCircle
 10
0.0
 20
0.0
 30
0.0
 40
213.0
100
AcDbArc
 50
164.75
 51
165.25
  0
LINE
  5
CB
330
1F
100
AcDbEntity
  8
0
  6
Continuous
 62
     7
370
    25
100
AcDbLine
 10
-215.6512443778
 20
56.7762344498
 30
0.0
 11
-205.9807849887
 21
54.2302149678
 31
0.0
  0
ARC
  5
CC
330
1F
100
AcDbEntity
  8
0
  6
Continuous
 62
     7
370
    25
100
AcDbCircle
 10
0.0
 20
0.0
 30
0.0
 40
223.0
100
AcDbArc
 50
164.75
 51
165.25
  0
LINE
  5
CD
330
1F
100
AcDbEntity
  8
0
  6
Continuous
 62
     7
370
    25
100
AcDbLine
 10
-205.4996999755
 20
56.0256486795
 30
0.0
 11
-215.1475732138
 21
58.6559608241
 31
0.0
  0
ARC
  5
CE
330
1F
100
AcDbEntity
  8
0
  6
Continuous
 62
     7
370
    25
100
AcDbCircle
 10
0.0
 20
0.0
 30
0.0
 40
213.0
100
AcDbArc
 50
161.75
 51
162.25
  0
LINE
  5
CF
330
1F
100
AcDbEntity
  8
0
  6
Continuous
 62
     7
370
    25
100
AcDbLine
 10
-212.3842633205
 20
67.9847386832
 30
0.0
 11
-202.860305324
 21
64.936095693
 31
0.0
  0
ARC
  5
D0
330
1F
100
AcDbEntity
  8
0
  6
Continuous
 62
     7
370
    25
100
AcDbCircle
 10
0.0
 20
0.0
 30
0.0
 40
223.0
100
AcDbArc
 50
161.75
 51
162.25
  0
LINE
  5
D1
330
1F
100
AcDbEntity
  8
0
  6
Continuous
 62
     7
370
    25
100
AcDbLine
 10
-202.285913881
 20
66.703890781
 30
0.0
 11
-211.782905143
 21
69.8355288459
 31
0.0
  0
ARC
  5
D2
330
1F
100
AcDbEntity
  8
0
  6
Continuous
 62
     7
370
    25
100
AcDbCircle
 10
0.0
 20
0.0
 30
0.0
 40
213.0
100
AcDbArc
 50
162.75
 51
163.25
  0
LINE
  5
D3
330
1F
100
AcDbEntity
  8
0
  6
Continuous
 62
     7
370
    25
100
AcDbLine
 10
-213.5384134595
 20
64.2677677939
 30
0.0
 11
-203.9626998514
 21
61.3858051126
 31
0.0
  0
ARC
  5
D4
330
1F
100
AcDbEntity
  8
0
  6
Continuous
 62
     7
370
    25
100
AcDbCircle
 10
0.0
 20
0.0
 30
0.0
 40
223.0
100
AcDbArc
 50
162.75
 51
163.25
  0
LINE
  5
D5
330
1F
100
AcDbEntity
  8
0
  6
Continuous
 62
     7
370
    25
100
AcDbLine
 10
-203.4192481694
 20
63.1633554698
 30
0.0
 11
-212.969447614
 21
66.1287712196
 31
0.0
  0
ARC
  5
D6
330
1F
100
AcDbEntity
  8
0
  6
Continuous
 62
     7
370
    25
100
AcDbCircle
 10
0.0
 20
0.0
 30
0.0
 40
213.0
100
AcDbArc
 50
167.75
 51
168.25
  0
LINE
  5
D7
330
1F
100
AcDbEntity
  8
0
  6
Continuous
 62
     7
370
    25
100
AcDbLine
 10
-218.3271403641
 20
45.4121105043
 30
0.0
 11
-208.5366856392
 21
43.3756929929
 31
0.0
  0
ARC
  5
D8
330
1F
100
AcDbEntity
  8
0
  6
Continuous
 62
     7
370
    25
100
AcDbCircle
 10
0.0
 20
0.0
 30
0.0
 40
223.0
100
AcDbArc
 50
167.75
 51
168.25
  0
LINE
  5
D9
330
1F
100
AcDbEntity
  8
0
  6
Continuous
 62
     7
370
    25
100
AcDbLine
 10
-208.1502256766
 20
45.1938441693
 30
0.0
 11
-217.9225367412
 21
47.3156208909
 31
0.0
  0
ARC
  5
DA
330
1F
100
AcDbEntity
  8
0
  6
Continuous
 62
     7
370
    25
100
AcDbCircle
 10
0.0
 20
0.0
 30
0.0
 40
213.0
100
AcDbArc
 50
168.75
 51
169.25
  0
LINE
  5
DB
330
1F
100
AcDbEntity
  8
0
  6
Continuous
 62
     7
370
    25
100
AcDbLine
 10
-219.0864386928
 20
41.5948600299
 30
0.0
 11
-209.2619347155
 21
39.7296196699
 31
0.0
  0
ARC
  5
DC
330
1F
100
AcDbEntity
  8
0
  6
Continuous
 62
     7
370
    25
100
AcDbCircle
 10
0.0
 20
0.0
 30
0.0
 40
223.0000000000001
100
AcDbArc
 50
168.75
 51
169.25
  0
LINE
  5
DD
330
1F
100
AcDbEntity
  8
0
  6
Continuous
 62
     7
370
    25
100
AcDbLine
 10
-208.9072647259
 20
41.5542385894
 30
0.0
 11
-218.7151175299
 21
43.5051418096
 31
0.0
  0
ARC
  5
DE
330
1F
100
AcDbEntity
  8
0
  6
Continuous
 62
     7
370
    25
100
AcDbCircle
 10
0.0
 20
0.0
 30
0.0
 40
213.0
100
AcDbArc
 50
165.75
 51
166.25
  0
LINE
  5
DF
330
1F
100
AcDbEntity
  8
0
  6
Continuous
 62
     7
370
    25
100
AcDbLine
 10
-216.6092815684
 20
53.0039539887
 30
0.0
 11
-206.8958608702
 21
50.6270950655
 31
0.0
  0
ARC
  5
E0
330
1F
100
AcDbEntity
  8
0
  6
Continuous
 62
     7
370
    25
100
AcDbCircle
 10
0.0
 20
0.0
 30
0.0
 40
223.0000000000001
100
AcDbArc
 50
165.75
 51
166.25
  0
LINE
  5
E1
330
1F
100
AcDbEntity
  8
0
  6
Continuous
 62
     7
370
    25
100
AcDbLine
 10
-206.4461837675
 20
52.4306514152
 30
0.0
 11
-216.1384928646
 21
54.8921843455
 31
0.0
  0
ARC
  5
E2
330
1F
100
AcDbEntity
  8
0
  6
Continuous
 62
     7
370
    25
100
AcDbCircle
 10
0.0
 20
0.0
 30
0.0
 40
213.0
100
AcDbArc
 50
166.75
 51
167.25
  0
LINE
  5
E3
330
1F
100
AcDbEntity
  8
0
  6
Continuous
 62
     7
370
    25
100
AcDbLine
 10
-217.5013374734
 20
49.2155280098
 30
0.0
 11
-207.7479142683
 21
47.0085536596
 31
0.0
  0
ARC
  5
E4
330
1F
100
AcDbEntity
  8
0
  6
Continuous
 62
     7
370
    25
100
AcDbCircle
 10
0.0
 20
0.0
 30
0.0
 40
223.0
100
AcDbArc
 50
166.75
 51
167.25
  0
LINE
  5
E5
330
1F
100
AcDbEntity
  8
0
  6
Continuous
 62
     7
370
    25
100
AcDbLine
 10
-207.3297820521
 20
48.8196832665
 30
0.0
 11
-217.0635746367
 21
51.1116871757
 31
0.0
  0
ARC
  5
E6
330
1F
100
AcDbEntity
  8
0
  6
Continuous
 62
     7
370
    25
100
AcDbCircle
 10
0.0
 20
0.0
 30
0.0
 40
213.0
100
AcDbArc
 50
139.75
 51
140.25
  0
LINE
  5
E7
330
1F
100
AcDbEntity
  8
0
  6
Continuous
 62
     7
370
    25
100
AcDbLine
 10
-171.4517285524
 20
142.5948974417
 30
0.0
 11
-163.7633102316
 21
136.2005074219
 31
0.0
  0
ARC
  5
E8
330
1F
100
AcDbEntity
  8
0
  6
Continuous
 62
     7
370
    25
100
AcDbCircle
 10
0.0
 20
0.0
 30
0.0
 40
223.0
100
AcDbArc
 50
139.75
 51
140.25
  0
LINE
  5
E9
330
1F
100
AcDbEntity
  8
0
  6
Continuous
 62
     7
370
    25
100
AcDbLine
 10
-162.5685160637
 20
137.624407664
 30
0.0
 11
-170.2008407615
 21
144.0856474604
 31
0.0
  0
ARC
  5
EA
330
1F
100
AcDbEntity
  8
0
  6
Continuous
 62
     7
370
    25
100
AcDbCircle
 10
0.0
 20
0.0
 30
0.0
 40
213.0
100
AcDbArc
 50
140.75
 51
141.25
  0
LINE
  5
EB
330
1F
100
AcDbEntity
  8
0
  6
Continuous
 62
     7
370
    25
100
AcDbLine
 10
-173.9142397297
 20
139.580934297
 30
0.0
 11
-166.1153948988
 21
133.3216995752
 31
0.0
  0
ARC
  5
EC
330
1F
100
AcDbEntity
  8
0
  6
Continuous
 62
     7
370
    25
100
AcDbCircle
 10
0.0
 20
0.0
 30
0.0
 40
223.0
100
AcDbArc
 50
140.75
 51
141.25
  0
LINE
  5
ED
330
1F
100
AcDbEntity
  8
0
  6
Continuous
 62
     7
370
    25
100
AcDbLine
 10
-164.9456331895
 20
134.7662349838
 30
0.0
 11
-172.6895596303
 21
141.0932882694
 31
0.0
  0
ARC
  5
EE
330
1F
100
AcDbEntity
  8
0
  6
Continuous
 62
     7
370
    25
100
AcDbCircle
 10
0.0
 20
0.0
 30
0.0
 40
213.0
100
AcDbArc
 50
137.75
 51
138.25
  0
LINE
  5
EF
330
1F
100
AcDbEntity
  8
0
  6
Continuous
 62
     7
370
    25
100
AcDbLine
 10
-166.3707946388
 20
148.4916115182
 30
0.0
 11
-158.9102208881
 21
141.8327948582
 31
0.0
  0
ARC
  5
F0
330
1F
100
AcDbEntity
  8
0
  6
Continuous
 62
     7
370
    25
100
AcDbCircle
 10
0.0
 20
0.0
 30
0.0
 40
223.0
100
AcDbArc
 50
137.75
 51
138.25
  0
LINE
  5
F1
330
1F
100
AcDbEntity
  8
0
  6
Continuous
 62
     7
370
    25
100
AcDbLine
 10
-157.6664611547
 20
143.2141299836
 30
0.0
 11
-165.0686424296
 21
149.9377980579
 31
0.0
  0
ARC
  5
F2
330
1F
100
AcDbEntity
  8
0
  6
Continuous
 62
     7
370
    25
100
AcDbCircle
 10
0.0
 20
0.0
 30
0.0
 40
213.0
100
AcDbArc
 50
138.75
 51
139.25
  0
LINE
  5
F3
330
1F
100
AcDbEntity
  8
0
  6
Continuous
 62
     7
370
    25
100
AcDbLine
 10
-168.9369915176
 20
145.5654247992
 30
0.0
 11
-161.3613416738
 21
139.0378272746
 31
0.0
  0
ARC
  5
F4
330
1F
100
AcDbEntity
  8
0
  6
Continuous
 62
     7
370
    25
100
AcDbCircle
 10
0.0
 20
0.0
 30
0.0
 40
223.0
100
AcDbArc
 50
138.75
 51
139.25
  0
LINE
  5
F5
330
1F
100
AcDbEntity
  8
0
  6
Continuous
 62
     7
370
    25
100
AcDbLine
 10
-160.141878993
 20
140.4406586163
 30
0.0
 11
-167.6602770678
 21
147.0341167673
 31
0.0
  0
ARC
  5
F6
330
1F
100
AcDbEntity
  8
0
  6
Continuous
 62
     7
370
    25
100
AcDbCircle
 10
0.0
 20
0.0
 30
0.0
 40
213.0
100
AcDbArc
 50
143.75
 51
144.25
  0
LINE
  5
F7
330
1F
100
AcDbEntity
  8
0
  6
Continuous
 62
     7
370
    25
100
AcDbLine
 10
-180.9809979782
 20
130.2876754371
 30
0.0
 11
-172.8652581585
 21
124.4451787808
 31
0.0
  0
ARC
  5
F8
330
1F
100
AcDbEntity
  8
0
  6
Continuous
 62
     7
370
    25
100
AcDbCircle
 10
0.0
 20
0.0
 30
0.0
 40
223.0
100
AcDbArc
 50
143.75
 51
144.25
  0
LINE
  5
F9
330
1F
100
AcDbEntity
  8
0
  6
Continuous
 62
     7
370
    25
100
AcDbLine
 10
-171.772700709
 20
125.9489551014
 30
0.0
 11
-179.8371467516
 21
131.8620515851
 31
0.0
  0
ARC
  5
FA
330
1F
100
AcDbEntity
  8
0
  6
Continuous
 62
     7
370
    25
100
AcDbCircle
 10
0.0
 20
0.0
 30
0.0
 40
213.0
100
AcDbArc
 50
144.75
 51
145.25
  0
LINE
  5
FB
330
1F
100
AcDbEntity
  8
0
  6
Continuous
 62
     7
370
    25
100
AcDbLine
 10
-183.2272671611
 20
127.109278059
 30
0.0
 11
-175.0107977817
 21
121.409310433
 31
0.0
  0
ARC
  5
FC
330
1F
100
AcDbEntity
  8
0
  6
Continuous
 62
     7
370
    25
100
AcDbCircle
 10
0.0
 20
0.0
 30
0.0
 40
223.0
100
AcDbArc
 50
144.75
 51
145.25
  0
LINE
  5
FD
330
1F
100
AcDbEntity
  8
0
  6
Continuous
 62
     7
370
    25
100
AcDbLine
 10
-173.9446512494
 20
122.9319254779
 30
0.0
 11
-182.1110668011
 21
128.7033773783
 31
0.0
  0
ARC
  5
FE
330
1F
100
AcDbEntity
  8
0
  6
Continuous
 62
     7
370
    25
100
AcDbCircle
 10
0.0
 20
0.0
 30
0.0
 40
213.0
100
AcDbArc
 50
141.75
 51
142.25
  0
LINE
  5
FF
330
1F
100
AcDbEntity
  8
0
  6
Continuous
 62
     7
370
    25
100
AcDbLine
 10
-176.3237749449
 20
136.5244534477
 30
0.0
 11
-168.4168792074
 21
130.4022806473
 31
0.0
  0
ARC
  5
100
330
1F
100
AcDbEntity
  8
0
  6
Continuous
 62
     7
370
    25
100
AcDbCircle
 10
0.0
 20
0.0
 30
0.0
 40
223.0
100
AcDbArc
 50
141.75
 51
142.25
  0
LINE
  5
101
330
1F
100
AcDbEntity
  8
0
  6
Continuous
 62
     7
370
    25
100
AcDbLine
 10
-167.2725062776
 20
131.867011203
 30
0.0
 11
-175.1256755864
 21
138.0579506961
 31
0.0
  0
ARC
  5
102
330
1F
100
AcDbEntity
  8
0
  6
Continuous
 62
     7
370
    25
100
AcDbCircle
 10
0.0
 20
0.0
 30
0.0
 40
213.0
100
AcDbArc
 50
142.75
 51
143.25
  0
LINE
  5
103
330
1F
100
AcDbEntity
  8
0
  6
Continuous
 62
     7
370
    25
100
AcDbLine
 10
-178.6796002301
 20
133.4263859273
 30
0.0
 11
-170.6670621032
 21
127.4431399215
 31
0.0
  0
ARC
  5
104
330
1F
100
AcDbEntity
  8
0
  6
Continuous
 62
     7
370
    25
100
AcDbCircle
 10
0.0
 20
0.0
 30
0.0
 40
223.0
100
AcDbArc
 50
142.75
 51
143.25
  0
LINE
  5
105
330
1F
100
AcDbEntity
  8
0
  6
Continuous
 62
     7
370
    25
100
AcDbLine
 10
-169.5484265399
 20
128.9276194531
 30
0.0
 11
-177.5084465652
 21
134.9805593336
 31
0.0
  0
ARC
  5
106
330
1F
100
AcDbEntity
  8
0
  6
Continuous
 62
     7
370
    25
100
AcDbCircle
 10
0.0
 20
0.0
 30
0.0
 40
213.0
100
AcDbArc
 50
131.75
 51
132.25
  0
LINE
  5
107
330
1F
100
AcDbEntity
  8
0
  6
Continuous
 62
     7
370
    25
100
AcDbLine
 10
-149.9377980579
 20
165.0686424296
 30
0.0
 11
-143.2141299836
 21
157.6664611547
 31
0.0
  0
ARC
  5
108
330
1F
100
AcDbEntity
  8
0
  6
Continuous
 62
     7
370
    25
100
AcDbCircle
 10
0.0
 20
0.0
 30
0.0
 40
223.0
100
AcDbArc
 50
131.75
 51
132.25
  0
LINE
  5
109
330
1F
100
AcDbEntity
  8
0
  6
Continuous
 62
     7
370
    25
100
AcDbLine
 10
-141.8327948582
 20
158.9102208881
 30
0.0
 11
-148.4916115182
 21
166.3707946388
 31
0.0
  0
ARC
  5
10A
330
1F
100
AcDbEntity
  8
0
  6
Continuous
 62
     7
370
    25
100
AcDbCircle
 10
0.0
 20
0.0
 30
0.0
 40
213.0
100
AcDbArc
 50
132.75
 51
133.25
  0
LINE
  5
10B
330
1F
100
AcDbEntity
  8
0
  6
Continuous
 62
     7
370
    25
100
AcDbLine
 10
-152.7958068428
 20
162.4267262838
 30
0.0
 11
-145.9439769395
 21
155.143016585
 31
0.0
  0
ARC
  5
10C
330
1F
100
AcDbEntity
  8
0
  6
Continuous
 62
     7
370
    25
100
AcDbCircle
 10
0.0
 20
0.0
 30
0.0
 40
223.0000000000001
100
AcDbArc
 50
132.75
 51
133.25
  0
LINE
  5
10D
330
1F
100
AcDbEntity
  8
0
  6
Continuous
 62
     7
370
    25
100
AcDbLine
 10
-144.5845587985
 20
156.4106945098
 30
0.0
 11
-151.3725662538
 21
163.7539196042
 31
0.0
  0
ARC
  5
10E
330
1F
100
AcDbEntity
  8
0
  6
Continuous
 62
     7
370
    25
100
AcDbCircle
 10
0.0
 20
0.0
 30
0.0
 40
213.0
100
AcDbArc
 50
129.75
 51
130.25
  0
LINE
  5
10F
330
1F
100
AcDbEntity
  8
0
  6
Continuous
 62
     7
370
    25
100
AcDbLine
 10
-144.0856474604
 20
170.2008407615
 30
0.0
 11
-137.624407664
 21
162.5685160637
 31
0.0
  0
ARC
  5
110
330
1F
100
AcDbEntity
  8
0
  6
Continuous
 62
     7
370
    25
100
AcDbCircle
 10
0.0
 20
0.0
 30
0.0
 40
223.0
100
AcDbArc
 50
129.75
 51
130.25
  0
LINE
  5
111
330
1F
100
AcDbEntity
  8
0
  6
Continuous
 62
     7
370
    25
100
AcDbLine
 10
-136.2005074219
 20
163.7633102316
 30
0.0
 11
-142.5948974417
 21
171.4517285524
 31
0.0
  0
ARC
  5
112
330
1F
100
AcDbEntity
  8
0
  6
Continuous
 62
     7
370
    25
100
AcDbCircle
 10
0.0
 20
0.0
 30
0.0
 40
213.0
100
AcDbArc
 50
130.75
 51
131.25
  0
LINE
  5
113
330
1F
100
AcDbEntity
  8
0
  6
Continuous
 62
     7
370
    25
100
AcDbLine
 10
-147.0341167673
 20
167.6602770678
 30
0.0
 11
-140.4406586163
 21
160.141878993
 31
0.0
  0
ARC
  5
114
330
1F
100
AcDbEntity
  8
0
  6
Continuous
 62
     7
370
    25
100
AcDbCircle
 10
0.0
 20
0.0
 30
0.0
 40
223.0
100
AcDbArc
 50
130.75
 51
131.25
  0
LINE
  5
115
330
1F
100
AcDbEntity
  8
0
  6
Continuous
 62
     7
370
    25
100
AcDbLine
 10
-139.0378272746
 20
161.3613416738
 30
0.0
 11
-145.5654247992
 21
168.9369915176
 31
0.0
  0
ARC
  5
116
330
1F
100
AcDbEntity
  8
0
  6
Continuous
 62
     7
370
    25
100
AcDbCircle
 10
0.0
 20
0.0
 30
0.0
 40
213.0
100
AcDbArc
 50
135.75
 51
136.25
  0
LINE
  5
117
330
1F
100
AcDbEntity
  8
0
  6
Continuous
 62
     7
370
    25
100
AcDbLine
 10
-161.0871635393
 20
154.2074114394
 30
0.0
 11
-153.8635239187
 21
147.2922808816
 31
0.0
  0
ARC
  5
118
330
1F
100
AcDbEntity
  8
0
  6
Continuous
 62
     7
370
    25
100
AcDbCircle
 10
0.0
 20
0.0
 30
0.0
 40
223.0
100
AcDbArc
 50
135.75
 51
136.25
  0
LINE
  5
119
330
1F
100
AcDbEntity
  8
0
  6
Continuous
 62
     7
370
    25
100
AcDbLine
 10
-152.5723139495
 20
148.6293679463
 30
0.0
 11
-159.7353333837
 21
155.6072725447
 31
0.0
  0
ARC
  5
11A
330
1F
100
AcDbEntity
  8
0
  6
Continuous
 62
     7
370
    25
100
AcDbCircle
 10
0.0
 20
0.0
 30
0.0
 40
213.0
100
AcDbArc
 50
136.75
 51
137.25
  0
LINE
  5
11B
330
1F
100
AcDbEntity
  8
0
  6
Continuous
 62
     7
370
    25
100
AcDbLine
 10
-163.7539196042
 20
151.3725662538
 30
0.0
 11
-156.4106945098
 21
144.5845587985
 31
0.0
  0
ARC
  5
11C
330
1F
100
AcDbEntity
  8
0
  6
Continuous
 62
     7
370
    25
100
AcDbCircle
 10
0.0
 20
0.0
 30
0.0
 40
223.0
100
AcDbArc
 50
136.75
 51
137.25
  0
LINE
  5
11D
330
1F
100
AcDbEntity
  8
0
  6
Continuous
 62
     7
370
    25
100
AcDbLine
 10
-155.143016585
 20
145.9439769395
 30
0.0
 11
-162.4267262838
 21
152.7958068428
 31
0.0
  0
ARC
  5
11E
330
1F
100
AcDbEntity
  8
0
  6
Continuous
 62
     7
370
    25
100
AcDbCircle
 10
0.0
 20
0.0
 30
0.0
 40
213.0
100
AcDbArc
 50
133.75
 51
134.25
  0
LINE
  5
11F
330
1F
100
AcDbEntity
  8
0
  6
Continuous
 62
     7
370
    25
100
AcDbLine
 10
-155.6072725447
 20
159.7353333837
 30
0.0
 11
-148.6293679463
 21
152.5723139495
 31
0.0
  0
ARC
  5
120
330
1F
100
AcDbEntity
  8
0
  6
Continuous
 62
     7
370
    25
100
AcDbCircle
 10
0.0
 20
0.0
 30
0.0
 40
223.0
100
AcDbArc
 50
133.75
 51
134.25
  0
LINE
  5
121
330
1F
100
AcDbEntity
  8
0
  6
Continuous
 62
     7
370
    25
100
AcDbLine
 10
-147.2922808816
 20
153.8635239187
 30
0.0
 11
-154.2074114394
 21
161.0871635393
 31
0.0
  0
ARC
  5
122
330
1F
100
AcDbEntity
  8
0
  6
Continuous
 62
     7
370
    25
100
AcDbCircle
 10
0.0
 20
0.0
 30
0.0
 40
213.0
100
AcDbArc
 50
134.75
 51
135.25
  0
LINE
  5
123
330
1F
100
AcDbEntity
  8
0
  6
Continuous
 62
     7
370
    25
100
AcDbLine
 10
-158.371338764
 20
156.9952835537
 30
0.0
 11
-151.2694850078
 21
149.9551363091
 31
0.0
  0
ARC
  5
124
330
1F
100
AcDbEntity
  8
0
  6
Continuous
 62
     7
370
    25
100
AcDbCircle
 10
0.0
 20
0.0
 30
0.0
 40
223.0
100
AcDbArc
 50
134.75
 51
135.25
  0
LINE
  5
125
330
1F
100
AcDbEntity
  8
0
  6
Continuous
 62
     7
370
    25
100
AcDbLine
 10
-149.9551363091
 20
151.2694850078
 30
0.0
 11
-156.9952835537
 21
158.371338764
 31
0.0
  0
ARC
  5
126
330
1F
100
AcDbEntity
  8
0
  6
Continuous
 62
     7
370
    25
100
AcDbCircle
 10
0.0
 20
0.0
 30
0.0
 40
213.0
100
AcDbArc
 50
155.75
 51
156.25
  0
LINE
  5
127
330
1F
100
AcDbEntity
  8
0
  6
Continuous
 62
     7
370
    25
100
AcDbLine
 10
-204.1144598436
 20
89.8125118385
 30
0.0
 11
-194.9613450524
 21
85.7850449399
 31
0.0
  0
ARC
  5
128
330
1F
100
AcDbEntity
  8
0
  6
Continuous
 62
     7
370
    25
100
AcDbCircle
 10
0.0
 20
0.0
 30
0.0
 40
223.0
100
AcDbArc
 50
155.75
 51
156.25
  0
LINE
  5
129
330
1F
100
AcDbEntity
  8
0
  6
Continuous
 62
     7
370
    25
100
AcDbLine
 10
-194.2053152819
 20
87.4831156067
 30
0.0
 11
-203.3229357177
 21
91.5903041328
 31
0.0
  0
ARC
  5
12A
330
1F
100
AcDbEntity
  8
0
  6
Continuous
 62
     7
370
    25
100
AcDbCircle
 10
0.0
 20
0.0
 30
0.0
 40
213.0
100
AcDbArc
 50
156.75
 51
157.25
  0
LINE
  5
12B
330
1F
100
AcDbEntity
  8
0
  6
Continuous
 62
     7
370
    25
100
AcDbLine
 10
-205.6508166825
 20
86.236544445
 30
0.0
 11
-196.4288069658
 21
82.3694348286
 31
0.0
  0
ARC
  5
12C
330
1F
100
AcDbEntity
  8
0
  6
Continuous
 62
     7
370
    25
100
AcDbCircle
 10
0.0
 20
0.0
 30
0.0
 40
223.0
100
AcDbArc
 50
156.75
 51
157.25
  0
LINE
  5
12D
330
1F
100
AcDbEntity
  8
0
  6
Continuous
 62
     7
370
    25
100
AcDbLine
 10
-195.7025277617
 20
84.0804414098
 30
0.0
 11
-204.8904398632
 21
88.0278799737
 31
0.0
  0
ARC
  5
12E
330
1F
100
AcDbEntity
  8
0
  6
Continuous
 62
     7
370
    25
100
AcDbCircle
 10
0.0
 20
0.0
 30
0.0
 40
213.0
100
AcDbArc
 50
153.75
 51
154.25
  0
LINE
  5
12F
330
1F
100
AcDbEntity
  8
0
  6
Continuous
 62
     7
370
    25
100
AcDbLine
 10
-200.8557073689
 20
96.8812924012
 30
0.0
 11
-191.8487249757
 21
92.5368398271
 31
0.0
  0
ARC
  5
130
330
1F
100
AcDbEntity
  8
0
  6
Continuous
 62
     7
370
    25
100
AcDbCircle
 10
0.0
 20
0.0
 30
0.0
 40
223.0
100
AcDbArc
 50
153.75
 51
154.25
  0
LINE
  5
131
330
1F
100
AcDbEntity
  8
0
  6
Continuous
 62
     7
370
    25
100
AcDbLine
 10
-191.0338939465
 20
94.2074910166
 30
0.0
 11
-200.0026213618
 21
98.6303779188
 31
0.0
  0
ARC
  5
132
330
1F
100
AcDbEntity
  8
0
  6
Continuous
 62
     7
370
    25
100
AcDbCircle
 10
0.0
 20
0.0
 30
0.0
 40
213.0
100
AcDbArc
 50
154.75
 51
155.25
  0
LINE
  5
133
330
1F
100
AcDbEntity
  8
0
  6
Continuous
 62
     7
370
    25
100
AcDbLine
 10
-202.515927763
 20
93.3611214708
 30
0.0
 11
-193.4344960247
 21
89.1745240955
 31
0.0
  0
ARC
  5
134
330
1F
100
AcDbEntity
  8
0
  6
Continuous
 62
     7
370
    25
100
AcDbCircle
 10
0.0
 20
0.0
 30
0.0
 40
223.0
100
AcDbArc
 50
154.75
 51
155.25
  0
LINE
  5
135
330
1F
100
AcDbEntity
  8
0
  6
Continuous
 62
     7
370
    25
100
AcDbLine
 10
-192.6489459818
 20
90.859141599
 30
0.0
 11
-201.6934974363
 21
95.124828998
 31
0.0
  0
ARC
  5
136
330
1F
100
AcDbEntity
  8
0
  6
Continuous
 62
     7
370
    25
100
AcDbCircle
 10
0.0
 20
0.0
 30
0.0
 40
213.0000000000001
100
AcDbArc
 50
159.75
 51
160.25
  0
LINE
  5
137
330
1F
100
AcDbEntity
  8
0
  6
Continuous
 62
     7
370
    25
100
AcDbLine
 10
-209.8822514022
 20
75.3554281147
 30
0.0
 11
-200.4704912496
 21
71.9762609347
 31
0.0
  0
ARC
  5
138
330
1F
100
AcDbEntity
  8
0
  6
Continuous
 62
     7
370
    25
100
AcDbCircle
 10
0.0
 20
0.0
 30
0.0
 40
223.0000000000001
100
AcDbArc
 50
159.75
 51
160.25
  0
LINE
  5
139
330
1F
100
AcDbEntity
  8
0
  6
Continuous
 62
     7
370
    25
100
AcDbLine
 10
-199.8347545515
 20
73.7229331575
 30
0.0
 11
-209.2166679107
 21
77.1841037283
 31
0.0
  0
ARC
  5
13A
330
1F
100
AcDbEntity
  8
0
  6
Continuous
 62
     7
370
    25
100
AcDbCircle
 10
0.0
 20
0.0
 30
0.0
 40
213.0000000000001
100
AcDbArc
 50
160.75
 51
161.25
  0
LINE
  5
13B
330
1F
100
AcDbEntity
  8
0
  6
Continuous
 62
     7
370
    25
100
AcDbLine
 10
-211.1654188774
 20
71.6810007626
 30
0.0
 11
-201.6961175825
 21
68.4666061096
 31
0.0
  0
ARC
  5
13C
330
1F
100
AcDbEntity
  8
0
  6
Continuous
 62
     7
370
    25
100
AcDbCircle
 10
0.0
 20
0.0
 30
0.0
 40
223.0000000000001
100
AcDbArc
 50
160.75
 51
161.25
  0
LINE
  5
13D
330
1F
100
AcDbEntity
  8
0
  6
Continuous
 62
     7
370
    25
100
AcDbLine
 10
-201.0909613437
 20
70.224107441
 30
0.0
 11
-210.5318515476
 21
73.5210138936
 31
0.0
  0
ARC
  5
13E
330
1F
100
AcDbEntity
  8
0
  6
Continuous
 62
     7
370
    25
100
AcDbCircle
 10
0.0
 20
0.0
 30
0.0
 40
213.0
100
AcDbArc
 50
157.75
 51
158.25
  0
LINE
  5
13F
330
1F
100
AcDbEntity
  8
0
  6
Continuous
 62
     7
370
    25
100
AcDbLine
 10
-207.1245302904
 20
82.6343085647
 30
0.0
 11
-197.8364347617
 21
78.9287341896
 31
0.0
  0
ARC
  5
140
330
1F
100
AcDbEntity
  8
0
  6
Continuous
 62
     7
370
    25
100
AcDbCircle
 10
0.0
 20
0.0
 30
0.0
 40
223.0
100
AcDbArc
 50
157.75
 51
158.25
  0
LINE
  5
141
330
1F
100
AcDbEntity
  8
0
  6
Continuous
 62
     7
370
    25
100
AcDbLine
 10
-197.1401273557
 20
80.6521554961
 30
0.0
 11
-206.3955323959
 21
84.4386416696
 31
0.0
  0
ARC
  5
142
330
1F
100
AcDbEntity
  8
0
  6
Continuous
 62
     7
370
    25
100
AcDbCircle
 10
0.0
 20
0.0
 30
0.0
 40
213.0
100
AcDbArc
 50
158.75
 51
159.25
  0
LINE
  5
143
330
1F
100
AcDbEntity
  8
0
  6
Continuous
 62
     7
370
    25
100
AcDbLine
 10
-208.53515176
 20
79.0069014735
 30
0.0
 11
-199.1837996631
 21
75.4639910935
 31
0.0
  0
ARC
  5
144
330
1F
100
AcDbEntity
  8
0
  6
Continuous
 62
     7
370
    25
100
AcDbCircle
 10
0.0
 20
0.0
 30
0.0
 40
223.0
100
AcDbArc
 50
158.75
 51
159.25
  0
LINE
  5
145
330
1F
100
AcDbEntity
  8
0
  6
Continuous
 62
     7
370
    25
100
AcDbLine
 10
-198.5176761572
 20
77.1993021544
 30
0.0
 11
-207.8377548501
 21
80.8236825373
 31
0.0
  0
ARC
  5
146
330
1F
100
AcDbEntity
  8
0
  6
Continuous
 62
     7
370
    25
100
AcDbCircle
 10
0.0
 20
0.0
 30
0.0
 40
213.0000000000001
100
AcDbArc
 50
147.75
 51
148.25
  0
LINE
  5
147
330
1F
100
AcDbEntity
  8
0
  6
Continuous
 62
     7
370
    25
100
AcDbLine
 10
-189.628546174
 20
117.3457049744
 30
0.0
 11
-181.1250239241
 21
112.0835657378
 31
0.0
  0
ARC
  5
148
330
1F
100
AcDbEntity
  8
0
  6
Continuous
 62
     7
370
    25
100
AcDbCircle
 10
0.0
 20
0.0
 30
0.0
 40
223.0000000000001
100
AcDbArc
 50
147.75
 51
148.25
  0
LINE
  5
149
330
1F
100
AcDbEntity
  8
0
  6
Continuous
 62
     7
370
    25
100
AcDbLine
 10
-180.1400260229
 20
113.65989189
 30
0.0
 11
-188.59730424
 21
118.9960370492
 31
0.0
  0
ARC
  5
14A
330
1F
100
AcDbEntity
  8
0
  6
Continuous
 62
     7
370
    25
100
AcDbCircle
 10
0.0
 20
0.0
 30
0.0
 40
213.0
100
AcDbArc
 50
148.75
 51
149.25
  0
LINE
  5
14B
330
1F
100
AcDbEntity
  8
0
  6
Continuous
 62
     7
370
    25
100
AcDbLine
 10
-191.6476297648
 20
114.0183581952
 30
0.0
 11
-183.0535656498
 21
108.9054273344
 31
0.0
  0
ARC
  5
14C
330
1F
100
AcDbEntity
  8
0
  6
Continuous
 62
     7
370
    25
100
AcDbCircle
 10
0.0
 20
0.0
 30
0.0
 40
223.0000000000001
100
AcDbArc
 50
148.75
 51
149.25
  0
LINE
  5
14D
330
1F
100
AcDbEntity
  8
0
  6
Continuous
 62
     7
370
    25
100
AcDbLine
 10
-182.0962284533
 20
110.4987039882
 30
0.0
 11
-190.6453471601
 21
115.6864365698
 31
0.0
  0
ARC
  5
14E
330
1F
100
AcDbEntity
  8
0
  6
Continuous
 62
     7
370
    25
100
AcDbCircle
 10
0.0
 20
0.0
 30
0.0
 40
213.0
100
AcDbArc
 50
145.75
 51
146.25
  0
LINE
  5
14F
330
1F
100
AcDbEntity
  8
0
  6
Continuous
 62
     7
370
    25
100
AcDbLine
 10
-185.4177235435
 20
123.8921619634
 30
0.0
 11
-177.1030274204
 21
118.3364596332
 31
0.0
  0
ARC
  5
150
330
1F
100
AcDbEntity
  8
0
  6
Continuous
 62
     7
370
    25
100
AcDbCircle
 10
0.0
 20
0.0
 30
0.0
 40
223.0
100
AcDbArc
 50
145.75
 51
146.25
  0
LINE
  5
151
330
1F
100
AcDbEntity
  8
0
  6
Continuous
 62
     7
370
    25
100
AcDbLine
 10
-176.0636165641
 20
119.877449599
 30
0.0
 11
-184.3295140554
 21
125.505498876
 31
0.0
  0
ARC
  5
152
330
1F
100
AcDbEntity
  8
0
  6
Continuous
 62
     7
370
    25
100
AcDbCircle
 10
0.0
 20
0.0
 30
0.0
 40
213.0
100
AcDbArc
 50
146.75
 51
147.25
  0
LINE
  5
153
330
1F
100
AcDbEntity
  8
0
  6
Continuous
 62
     7
370
    25
100
AcDbLine
 10
-187.5516998911
 20
120.6373071151
 30
0.0
 11
-179.1413097614
 21
115.2275624014
 31
0.0
  0
ARC
  5
154
330
1F
100
AcDbEntity
  8
0
  6
Continuous
 62
     7
370
    25
100
AcDbCircle
 10
0.0
 20
0.0
 30
0.0
 40
223.0
100
AcDbArc
 50
146.75
 51
147.25
  0
LINE
  5
155
330
1F
100
AcDbEntity
  8
0
  6
Continuous
 62
     7
370
    25
100
AcDbLine
 10
-178.1289511956
 20
116.7864578877
 30
0.0
 11
-186.4918127541
 21
122.2693901829
 31
0.0
  0
ARC
  5
156
330
1F
100
AcDbEntity
  8
0
  6
Continuous
 62
     7
370
    25
100
AcDbCircle
 10
0.0
 20
0.0
 30
0.0
 40
213.0000000000001
100
AcDbArc
 50
151.75
 51
152.25
  0
LINE
  5
157
330
1F
100
AcDbEntity
  8
0
  6
Continuous
 62
     7
370
    25
100
AcDbLine
 10
-197.3522431543
 20
103.8320380325
 30
0.0
 11
-188.5023667796
 21
99.1758928292
 31
0.0
  0
ARC
  5
158
330
1F
100
AcDbEntity
  8
0
  6
Continuous
 62
     7
370
    25
100
AcDbCircle
 10
0.0
 20
0.0
 30
0.0
 40
223.0000000000001
100
AcDbArc
 50
151.75
 51
152.25
  0
LINE
  5
159
330
1F
100
AcDbEntity
  8
0
  6
Continuous
 62
     7
370
    25
100
AcDbLine
 10
-187.6297272377
 20
100.8170891104
 30
0.0
 11
-196.4386346198
 21
105.5502857822
 31
0.0
  0
ARC
  5
15A
330
1F
100
AcDbEntity
  8
0
  6
Continuous
 62
     7
370
    25
100
AcDbCircle
 10
0.0
 20
0.0
 30
0.0
 40
213.0
100
AcDbArc
 50
152.75
 51
153.25
  0
LINE
  5
15B
330
1F
100
AcDbEntity
  8
0
  6
Continuous
 62
     7
370
    25
100
AcDbLine
 10
-199.1343043807
 20
100.3719523513
 30
0.0
 11
-190.2045149466
 21
95.870967941
 31
0.0
  0
ARC
  5
15C
330
1F
100
AcDbEntity
  8
0
  6
Continuous
 62
     7
370
    25
100
AcDbCircle
 10
0.0
 20
0.0
 30
0.0
 40
223.0
100
AcDbArc
 50
152.75
 51
153.25
  0
LINE
  5
15D
330
1F
100
AcDbEntity
  8
0
  6
Continuous
 62
     7
370
    25
100
AcDbLine
 10
-189.3606511365
 20
97.5271439199
 30
0.0
 11
-198.2508225513
 21
102.1058830711
 31
0.0
  0
ARC
  5
15E
330
1F
100
AcDbEntity
  8
0
  6
Continuous
 62
     7
370
    25
100
AcDbCircle
 10
0.0
 20
0.0
 30
0.0
 40
213.0
100
AcDbArc
 50
149.75
 51
150.25
  0
LINE
  5
15F
330
1F
100
AcDbEntity
  8
0
  6
Continuous
 62
     7
370
    25
100
AcDbLine
 10
-193.6083356311
 20
110.6562803196
 30
0.0
 11
-184.9263474862
 21
105.6941152828
 31
0.0
  0
ARC
  5
160
330
1F
100
AcDbEntity
  8
0
  6
Continuous
 62
     7
370
    25
100
AcDbCircle
 10
0.0
 20
0.0
 30
0.0
 40
223.0
100
AcDbArc
 50
149.75
 51
150.25
  0
LINE
  5
161
330
1F
100
AcDbEntity
  8
0
  6
Continuous
 62
     7
370
    25
100
AcDbLine
 10
-183.9969626085
 20
107.3038571107
 30
0.0
 11
-192.6353176606
 21
112.3415968812
 31
0.0
  0
ARC
  5
162
330
1F
100
AcDbEntity
  8
0
  6
Continuous
 62
     7
370
    25
100
AcDbCircle
 10
0.0
 20
0.0
 30
0.0
 40
213.0
100
AcDbArc
 50
150.75
 51
151.25
  0
LINE
  5
163
330
1F
100
AcDbEntity
  8
0
  6
Continuous
 62
     7
370
    25
100
AcDbLine
 10
-195.5100665228
 20
107.260495469
 30
0.0
 11
-186.7427989657
 21
102.4506077798
 31
0.0
  0
ARC
  5
164
330
1F
100
AcDbEntity
  8
0
  6
Continuous
 62
     7
370
    25
100
AcDbCircle
 10
0.0
 20
0.0
 30
0.0
 40
223.0
100
AcDbArc
 50
150.75
 51
151.25
  0
LINE
  5
165
330
1F
100
AcDbEntity
  8
0
  6
Continuous
 62
     7
370
    25
100
AcDbLine
 10
-185.8416495065
 20
104.0763244389
 30
0.0
 11
-194.5666095772
 21
108.9625368538
 31
0.0
  0
ARC
  5
166
330
1F
100
AcDbEntity
  8
0
  6
Continuous
 62
     7
370
    25
100
AcDbCircle
 10
0.0
 20
0.0
 30
0.0
 40
213.0
100
AcDbArc
 50
235.75
 51
236.25
  0
LINE
  5
167
330
1F
100
AcDbEntity
  8
0
  6
Continuous
 62
     7
370
    25
100
AcDbLine
 10
-123.8921619634
 20
-185.4177235435
 30
0.0
 11
-118.3364596332
 21
-177.1030274204
 31
0.0
  0
ARC
  5
168
330
1F
100
AcDbEntity
  8
0
  6
Continuous
 62
     7
370
    25
100
AcDbCircle
 10
0.0
 20
0.0
 30
0.0
 40
223.0
100
AcDbArc
 50
235.75
 51
236.25
  0
LINE
  5
169
330
1F
100
AcDbEntity
  8
0
  6
Continuous
 62
     7
370
    25
100
AcDbLine
 10
-119.877449599
 20
-176.0636165641
 30
0.0
 11
-125.505498876
 21
-184.3295140554
 31
0.0
  0
ARC
  5
16A
330
1F
100
AcDbEntity
  8
0
  6
Continuous
 62
     7
370
    25
100
AcDbCircle
 10
0.0
 20
0.0
 30
0.0
 40
213.0
100
AcDbArc
 50
236.75
 51
237.25
  0
LINE
  5
16B
330
1F
100
AcDbEntity
  8
0
  6
Continuous
 62
     7
370
    25
100
AcDbLine
 10
-120.6373071151
 20
-187.5516998911
 30
0.0
 11
-115.2275624014
 21
-179.1413097614
 31
0.0
  0
ARC
  5
16C
330
1F
100
AcDbEntity
  8
0
  6
Continuous
 62
     7
370
    25
100
AcDbCircle
 10
0.0
 20
0.0
 30
0.0
 40
223.0
100
AcDbArc
 50
236.75
 51
237.25
  0
LINE
  5
16D
330
1F
100
AcDbEntity
  8
0
  6
Continuous
 62
     7
370
    25
100
AcDbLine
 10
-116.7864578877
 20
-178.1289511956
 30
0.0
 11
-122.2693901829
 21
-186.4918127541
 31
0.0
  0
ARC
  5
16E
330
1F
100
AcDbEntity
  8
0
  6
Continuous
 62
     7
370
    25
100
AcDbCircle
 10
0.0
 20
0.0
 30
0.0
 40
213.0
100
AcDbArc
 50
233.75
 51
234.25
  0
LINE
  5
16F
330
1F
100
AcDbEntity
  8
0
  6
Continuous
 62
     7
370
    25
100
AcDbLine
 10
-130.2876754371
 20
-180.9809979782
 30
0.0
 11
-124.4451787808
 21
-172.8652581585
 31
0.0
  0
ARC
  5
170
330
1F
100
AcDbEntity
  8
0
  6
Continuous
 62
     7
370
    25
100
AcDbCircle
 10
0.0
 20
0.0
 30
0.0
 40
223.0
100
AcDbArc
 50
233.75
 51
234.25
  0
LINE
  5
171
330
1F
100
AcDbEntity
  8
0
  6
Continuous
 62
     7
370
    25
100
AcDbLine
 10
-125.9489551014
 20
-171.772700709
 30
0.0
 11
-131.8620515851
 21
-179.8371467516
 31
0.0
  0
ARC
  5
172
330
1F
100
AcDbEntity
  8
0
  6
Continuous
 62
     7
370
    25
100
AcDbCircle
 10
0.0
 20
0.0
 30
0.0
 40
213.0
100
AcDbArc
 50
234.75
 51
235.25
  0
LINE
  5
173
330
1F
100
AcDbEntity
  8
0
  6
Continuous
 62
     7
370
    25
100
AcDbLine
 10
-127.109278059
 20
-183.2272671611
 30
0.0
 11
-121.409310433
 21
-175.0107977817
 31
0.0
  0
ARC
  5
174
330
1F
100
AcDbEntity
  8
0
  6
Continuous
 62
     7
370
    25
100
AcDbCircle
 10
0.0
 20
0.0
 30
0.0
 40
223.0
100
AcDbArc
 50
234.75
 51
235.25
  0
LINE
  5
175
330
1F
100
AcDbEntity
  8
0
  6
Continuous
 62
     7
370
    25
100
AcDbLine
 10
-122.9319254779
 20
-173.9446512494
 30
0.0
 11
-128.7033773783
 21
-182.1110668011
 31
0.0
  0
ARC
  5
176
330
1F
100
AcDbEntity
  8
0
  6
Continuous
 62
     7
370
    25
100
AcDbCircle
 10
0.0
 20
0.0
 30
0.0
 40
213.0
100
AcDbArc
 50
239.75
 51
240.25
  0
LINE
  5
177
330
1F
100
AcDbEntity
  8
0
  6
Continuous
 62
     7
370
    25
100
AcDbLine
 10
-110.6562803196
 20
-193.6083356311
 30
0.0
 11
-105.6941152828
 21
-184.9263474862
 31
0.0
  0
ARC
  5
178
330
1F
100
AcDbEntity
  8
0
  6
Continuous
 62
     7
370
    25
100
AcDbCircle
 10
0.0
 20
0.0
 30
0.0
 40
223.0
100
AcDbArc
 50
239.75
 51
240.25
  0
LINE
  5
179
330
1F
100
AcDbEntity
  8
0
  6
Continuous
 62
     7
370
    25
100
AcDbLine
 10
-107.3038571107
 20
-183.9969626085
 30
0.0
 11
-112.3415968812
 21
-192.6353176606
 31
0.0
  0
ARC
  5
17A
330
1F
100
AcDbEntity
  8
0
  6
Continuous
 62
     7
370
    25
100
AcDbCircle
 10
0.0
 20
0.0
 30
0.0
 40
213.0
100
AcDbArc
 50
240.75
 51
241.25
  0
LINE
  5
17B
330
1F
100
AcDbEntity
  8
0
  6
Continuous
 62
     7
370
    25
100
AcDbLine
 10
-107.260495469
 20
-195.5100665228
 30
0.0
 11
-102.4506077798
 21
-186.7427989657
 31
0.0
  0
ARC
  5
17C
330
1F
100
AcDbEntity
  8
0
  6
Continuous
 62
     7
370
    25
100
AcDbCircle
 10
0.0
 20
0.0
 30
0.0
 40
223.0000000000001
100
AcDbArc
 50
240.75
 51
241.25
  0
LINE
  5
17D
330
1F
100
AcDbEntity
  8
0
  6
Continuous
 62
     7
370
    25
100
AcDbLine
 10
-104.0763244388
 20
-185.8416495065
 30
0.0
 11
-108.9625368538
 21
-194.5666095772
 31
0.0
  0
ARC
  5
17E
330
1F
100
AcDbEntity
  8
0
  6
Continuous
 62
     7
370
    25
100
AcDbCircle
 10
0.0
 20
0.0
 30
0.0
 40
213.0
100
AcDbArc
 50
237.75
 51
238.25
  0
LINE
  5
17F
330
1F
100
AcDbEntity
  8
0
  6
Continuous
 62
     7
370
    25
100
AcDbLine
 10
-117.3457049744
 20
-189.628546174
 30
0.0
 11
-112.0835657378
 21
-181.1250239241
 31
0.0
  0
ARC
  5
180
330
1F
100
AcDbEntity
  8
0
  6
Continuous
 62
     7
370
    25
100
AcDbCircle
 10
0.0
 20
0.0
 30
0.0
 40
223.0
100
AcDbArc
 50
237.75
 51
238.25
  0
LINE
  5
181
330
1F
100
AcDbEntity
  8
0
  6
Continuous
 62
     7
370
    25
100
AcDbLine
 10
-113.65989189
 20
-180.1400260229
 30
0.0
 11
-118.9960370492
 21
-188.59730424
 31
0.0
  0
ARC
  5
182
330
1F
100
AcDbEntity
  8
0
  6
Continuous
 62
     7
370
    25
100
AcDbCircle
 10
0.0
 20
0.0
 30
0.0
 40
213.0
100
AcDbArc
 50
238.75
 51
239.25
  0
LINE
  5
183
330
1F
100
AcDbEntity
  8
0
  6
Continuous
 62
     7
370
    25
100
AcDbLine
 10
-114.0183581952
 20
-191.6476297648
 30
0.0
 11
-108.9054273344
 21
-183.0535656498
 31
0.0
  0
ARC
  5
184
330
1F
100
AcDbEntity
  8
0
  6
Continuous
 62
     7
370
    25
100
AcDbCircle
 10
0.0
 20
0.0
 30
0.0
 40
223.0
100
AcDbArc
 50
238.75
 51
239.25
  0
LINE
  5
185
330
1F
100
AcDbEntity
  8
0
  6
Continuous
 62
     7
370
    25
100
AcDbLine
 10
-110.4987039882
 20
-182.0962284533
 30
0.0
 11
-115.6864365698
 21
-190.6453471601
 31
0.0
  0
ARC
  5
186
330
1F
100
AcDbEntity
  8
0
  6
Continuous
 62
     7
370
    25
100
AcDbCircle
 10
0.0
 20
0.0
 30
0.0
 40
213.0
100
AcDbArc
 50
227.75
 51
228.25
  0
LINE
  5
187
330
1F
100
AcDbEntity
  8
0
  6
Continuous
 62
     7
370
    25
100
AcDbLine
 10
-148.4916115182
 20
-166.3707946388
 30
0.0
 11
-141.8327948582
 21
-158.9102208881
 31
0.0
  0
ARC
  5
188
330
1F
100
AcDbEntity
  8
0
  6
Continuous
 62
     7
370
    25
100
AcDbCircle
 10
0.0
 20
0.0
 30
0.0
 40
223.0
100
AcDbArc
 50
227.75
 51
228.25
  0
LINE
  5
189
330
1F
100
AcDbEntity
  8
0
  6
Continuous
 62
     7
370
    25
100
AcDbLine
 10
-143.2141299836
 20
-157.6664611547
 30
0.0
 11
-149.9377980579
 21
-165.0686424296
 31
0.0
  0
ARC
  5
18A
330
1F
100
AcDbEntity
  8
0
  6
Continuous
 62
     7
370
    25
100
AcDbCircle
 10
0.0
 20
0.0
 30
0.0
 40
213.0
100
AcDbArc
 50
228.75
 51
229.25
  0
LINE
  5
18B
330
1F
100
AcDbEntity
  8
0
  6
Continuous
 62
     7
370
    25
100
AcDbLine
 10
-145.5654247992
 20
-168.9369915176
 30
0.0
 11
-139.0378272746
 21
-161.3613416738
 31
0.0
  0
ARC
  5
18C
330
1F
100
AcDbEntity
  8
0
  6
Continuous
 62
     7
370
    25
100
AcDbCircle
 10
0.0
 20
0.0
 30
0.0
 40
223.0
100
AcDbArc
 50
228.75
 51
229.25
  0
LINE
  5
18D
330
1F
100
AcDbEntity
  8
0
  6
Continuous
 62
     7
370
    25
100
AcDbLine
 10
-140.4406586163
 20
-160.141878993
 30
0.0
 11
-147.0341167673
 21
-167.6602770678
 31
0.0
  0
ARC
  5
18E
330
1F
100
AcDbEntity
  8
0
  6
Continuous
 62
     7
370
    25
100
AcDbCircle
 10
0.0
 20
0.0
 30
0.0
 40
213.0
100
AcDbArc
 50
225.75
 51
226.25
  0
LINE
  5
18F
330
1F
100
AcDbEntity
  8
0
  6
Continuous
 62
     7
370
    25
100
AcDbLine
 10
-154.2074114394
 20
-161.0871635393
 30
0.0
 11
-147.2922808816
 21
-153.8635239187
 31
0.0
  0
ARC
  5
190
330
1F
100
AcDbEntity
  8
0
  6
Continuous
 62
     7
370
    25
100
AcDbCircle
 10
0.0
 20
0.0
 30
0.0
 40
223.0
100
AcDbArc
 50
225.75
 51
226.25
  0
LINE
  5
191
330
1F
100
AcDbEntity
  8
0
  6
Continuous
 62
     7
370
    25
100
AcDbLine
 10
-148.6293679463
 20
-152.5723139495
 30
0.0
 11
-155.6072725447
 21
-159.7353333837
 31
0.0
  0
ARC
  5
192
330
1F
100
AcDbEntity
  8
0
  6
Continuous
 62
     7
370
    25
100
AcDbCircle
 10
0.0
 20
0.0
 30
0.0
 40
213.0
100
AcDbArc
 50
226.75
 51
227.25
  0
LINE
  5
193
330
1F
100
AcDbEntity
  8
0
  6
Continuous
 62
     7
370
    25
100
AcDbLine
 10
-151.3725662538
 20
-163.7539196042
 30
0.0
 11
-144.5845587985
 21
-156.4106945098
 31
0.0
  0
ARC
  5
194
330
1F
100
AcDbEntity
  8
0
  6
Continuous
 62
     7
370
    25
100
AcDbCircle
 10
0.0
 20
0.0
 30
0.0
 40
223.0000000000001
100
AcDbArc
 50
226.75
 51
227.25
  0
LINE
  5
195
330
1F
100
AcDbEntity
  8
0
  6
Continuous
 62
     7
370
    25
100
AcDbLine
 10
-145.9439769395
 20
-155.143016585
 30
0.0
 11
-152.7958068428
 21
-162.4267262838
 31
0.0
  0
ARC
  5
196
330
1F
100
AcDbEntity
  8
0
  6
Continuous
 62
     7
370
    25
100
AcDbCircle
 10
0.0
 20
0.0
 30
0.0
 40
213.0
100
AcDbArc
 50
231.75
 51
232.25
  0
LINE
  5
197
330
1F
100
AcDbEntity
  8
0
  6
Continuous
 62
     7
370
    25
100
AcDbLine
 10
-136.5244534477
 20
-176.3237749449
 30
0.0
 11
-130.4022806473
 21
-168.4168792074
 31
0.0
  0
ARC
  5
198
330
1F
100
AcDbEntity
  8
0
  6
Continuous
 62
     7
370
    25
100
AcDbCircle
 10
0.0
 20
0.0
 30
0.0
 40
223.0
100
AcDbArc
 50
231.75
 51
232.25
  0
LINE
  5
199
330
1F
100
AcDbEntity
  8
0
  6
Continuous
 62
     7
370
    25
100
AcDbLine
 10
-131.867011203
 20
-167.2725062776
 30
0.0
 11
-138.0579506961
 21
-175.1256755864
 31
0.0
  0
ARC
  5
19A
330
1F
100
AcDbEntity
  8
0
  6
Continuous
 62
     7
370
    25
100
AcDbCircle
 10
0.0
 20
0.0
 30
0.0
 40
213.0
100
AcDbArc
 50
232.75
 51
233.25
  0
LINE
  5
19B
330
1F
100
AcDbEntity
  8
0
  6
Continuous
 62
     7
370
    25
100
AcDbLine
 10
-133.4263859273
 20
-178.6796002301
 30
0.0
 11
-127.4431399215
 21
-170.6670621032
 31
0.0
  0
ARC
  5
19C
330
1F
100
AcDbEntity
  8
0
  6
Continuous
 62
     7
370
    25
100
AcDbCircle
 10
0.0
 20
0.0
 30
0.0
 40
223.0
100
AcDbArc
 50
232.75
 51
233.25
  0
LINE
  5
19D
330
1F
100
AcDbEntity
  8
0
  6
Continuous
 62
     7
370
    25
100
AcDbLine
 10
-128.9276194531
 20
-169.5484265399
 30
0.0
 11
-134.9805593336
 21
-177.5084465652
 31
0.0
  0
ARC
  5
19E
330
1F
100
AcDbEntity
  8
0
  6
Continuous
 62
     7
370
    25
100
AcDbCircle
 10
0.0
 20
0.0
 30
0.0
 40
213.0
100
AcDbArc
 50
229.75
 51
230.25
  0
LINE
  5
19F
330
1F
100
AcDbEntity
  8
0
  6
Continuous
 62
     7
370
    25
100
AcDbLine
 10
-142.5948974417
 20
-171.4517285524
 30
0.0
 11
-136.2005074219
 21
-163.7633102316
 31
0.0
  0
ARC
  5
1A0
330
1F
100
AcDbEntity
  8
0
  6
Continuous
 62
     7
370
    25
100
AcDbCircle
 10
0.0
 20
0.0
 30
0.0
 40
223.0
100
AcDbArc
 50
229.75
 51
230.25
  0
LINE
  5
1A1
330
1F
100
AcDbEntity
  8
0
  6
Continuous
 62
     7
370
    25
100
AcDbLine
 10
-137.6244076639
 20
-162.5685160637
 30
0.0
 11
-144.0856474604
 21
-170.2008407615
 31
0.0
  0
ARC
  5
1A2
330
1F
100
AcDbEntity
  8
0
  6
Continuous
 62
     7
370
    25
100
AcDbCircle
 10
0.0
 20
0.0
 30
0.0
 40
213.0
100
AcDbArc
 50
230.75
 51
231.25
  0
LINE
  5
1A3
330
1F
100
AcDbEntity
  8
0
  6
Continuous
 62
     7
370
    25
100
AcDbLine
 10
-139.580934297
 20
-173.9142397297
 30
0.0
 11
-133.3216995752
 21
-166.1153948988
 31
0.0
  0
ARC
  5
1A4
330
1F
100
AcDbEntity
  8
0
  6
Continuous
 62
     7
370
    25
100
AcDbCircle
 10
0.0
 20
0.0
 30
0.0
 40
223.0
100
AcDbArc
 50
230.75
 51
231.25
  0
LINE
  5
1A5
330
1F
100
AcDbEntity
  8
0
  6
Continuous
 62
     7
370
    25
100
AcDbLine
 10
-134.7662349838
 20
-164.9456331895
 30
0.0
 11
-141.0932882694
 21
-172.6895596303
 31
0.0
  0
ARC
  5
1A6
330
1F
100
AcDbEntity
  8
0
  6
Continuous
 62
     7
370
    25
100
AcDbCircle
 10
0.0
 20
0.0
 30
0.0
 40
213.0
100
AcDbArc
 50
251.75
 51
252.25
  0
LINE
  5
1A7
330
1F
100
AcDbEntity
  8
0
  6
Continuous
 62
     7
370
    25
100
AcDbLine
 10
-67.9847386832
 20
-212.3842633205
 30
0.0
 11
-64.936095693
 21
-202.860305324
 31
0.0
  0
ARC
  5
1A8
330
1F
100
AcDbEntity
  8
0
  6
Continuous
 62
     7
370
    25
100
AcDbCircle
 10
0.0
 20
0.0
 30
0.0
 40
223.0
100
AcDbArc
 50
251.75
 51
252.25
  0
LINE
  5
1A9
330
1F
100
AcDbEntity
  8
0
  6
Continuous
 62
     7
370
    25
100
AcDbLine
 10
-66.703890781
 20
-202.285913881
 30
0.0
 11
-69.8355288459
 21
-211.782905143
 31
0.0
  0
ARC
  5
1AA
330
1F
100
AcDbEntity
  8
0
  6
Continuous
 62
     7
370
    25
100
AcDbCircle
 10
0.0
 20
0.0
 30
0.0
 40
213.0000000000001
100
AcDbArc
 50
252.75
 51
253.25
  0
LINE
  5
1AB
330
1F
100
AcDbEntity
  8
0
  6
Continuous
 62
     7
370
    25
100
AcDbLine
 10
-64.2677677939
 20
-213.5384134595
 30
0.0
 11
-61.3858051126
 21
-203.9626998514
 31
0.0
  0
ARC
  5
1AC
330
1F
100
AcDbEntity
  8
0
  6
Continuous
 62
     7
370
    25
100
AcDbCircle
 10
0.0
 20
0.0
 30
0.0
 40
223.0000000000001
100
AcDbArc
 50
252.75
 51
253.25
  0
LINE
  5
1AD
330
1F
100
AcDbEntity
  8
0
  6
Continuous
 62
     7
370
    25
100
AcDbLine
 10
-63.1633554698
 20
-203.4192481694
 30
0.0
 11
-66.1287712196
 21
-212.969447614
 31
0.0
  0
ARC
  5
1AE
330
1F
100
AcDbEntity
  8
0
  6
Continuous
 62
     7
370
    25
100
AcDbCircle
 10
0.0
 20
0.0
 30
0.0
 40
213.0
100
AcDbArc
 50
249.75
 51
250.25
  0
LINE
  5
1AF
330
1F
100
AcDbEntity
  8
0
  6
Continuous
 62
     7
370
    25
100
AcDbLine
 10
-75.3554281147
 20
-209.8822514022
 30
0.0
 11
-71.9762609347
 21
-200.4704912496
 31
0.0
  0
ARC
  5
1B0
330
1F
100
AcDbEntity
  8
0
  6
Continuous
 62
     7
370
    25
100
AcDbCircle
 10
0.0
 20
0.0
 30
0.0
 40
223.0000000000001
100
AcDbArc
 50
249.75
 51
250.25
  0
LINE
  5
1B1
330
1F
100
AcDbEntity
  8
0
  6
Continuous
 62
     7
370
    25
100
AcDbLine
 10
-73.7229331575
 20
-199.8347545515
 30
0.0
 11
-77.1841037283
 21
-209.2166679107
 31
0.0
  0
ARC
  5
1B2
330
1F
100
AcDbEntity
  8
0
  6
Continuous
 62
     7
370
    25
100
AcDbCircle
 10
0.0
 20
0.0
 30
0.0
 40
213.0
100
AcDbArc
 50
250.75
 51
251.25
  0
LINE
  5
1B3
330
1F
100
AcDbEntity
  8
0
  6
Continuous
 62
     7
370
    25
100
AcDbLine
 10
-71.6810007626
 20
-211.1654188774
 30
0.0
 11
-68.4666061096
 21
-201.6961175825
 31
0.0
  0
ARC
  5
1B4
330
1F
100
AcDbEntity
  8
0
  6
Continuous
 62
     7
370
    25
100
AcDbCircle
 10
0.0
 20
0.0
 30
0.0
 40
223.0000000000001
100
AcDbArc
 50
250.75
 51
251.25
  0
LINE
  5
1B5
330
1F
100
AcDbEntity
  8
0
  6
Continuous
 62
     7
370
    25
100
AcDbLine
 10
-70.224107441
 20
-201.0909613437
 30
0.0
 11
-73.5210138936
 21
-210.5318515476
 31
0.0
  0
ARC
  5
1B6
330
1F
100
AcDbEntity
  8
0
  6
Continuous
 62
     7
370
    25
100
AcDbCircle
 10
0.0
 20
0.0
 30
0.0
 40
213.0
100
AcDbArc
 50
255.75
 51
256.25
  0
LINE
  5
1B7
330
1F
100
AcDbEntity
  8
0
  6
Continuous
 62
     7
370
    25
100
AcDbLine
 10
-53.0039539887
 20
-216.6092815684
 30
0.0
 11
-50.6270950655
 21
-206.8958608702
 31
0.0
  0
ARC
  5
1B8
330
1F
100
AcDbEntity
  8
0
  6
Continuous
 62
     7
370
    25
100
AcDbCircle
 10
0.0
 20
0.0
 30
0.0
 40
223.0
100
AcDbArc
 50
255.75
 51
256.25
  0
LINE
  5
1B9
330
1F
100
AcDbEntity
  8
0
  6
Continuous
 62
     7
370
    25
100
AcDbLine
 10
-52.4306514152
 20
-206.4461837675
 30
0.0
 11
-54.8921843455
 21
-216.1384928646
 31
0.0
  0
ARC
  5
1BA
330
1F
100
AcDbEntity
  8
0
  6
Continuous
 62
     7
370
    25
100
AcDbCircle
 10
0.0
 20
0.0
 30
0.0
 40
213.0
100
AcDbArc
 50
256.75
 51
257.25
  0
LINE
  5
1BB
330
1F
100
AcDbEntity
  8
0
  6
Continuous
 62
     7
370
    25
100
AcDbLine
 10
-49.2155280098
 20
-217.5013374734
 30
0.0
 11
-47.0085536596
 21
-207.7479142683
 31
0.0
  0
ARC
  5
1BC
330
1F
100
AcDbEntity
  8
0
  6
Continuous
 62
     7
370
    25
100
AcDbCircle
 10
0.0
 20
0.0
 30
0.0
 40
223.0
100
AcDbArc
 50
256.75
 51
257.25
  0
LINE
  5
1BD
330
1F
100
AcDbEntity
  8
0
  6
Continuous
 62
     7
370
    25
100
AcDbLine
 10
-48.8196832665
 20
-207.3297820521
 30
0.0
 11
-51.1116871757
 21
-217.0635746367
 31
0.0
  0
ARC
  5
1BE
330
1F
100
AcDbEntity
  8
0
  6
Continuous
 62
     7
370
    25
100
AcDbCircle
 10
0.0
 20
0.0
 30
0.0
 40
213.0
100
AcDbArc
 50
253.75
 51
254.25
  0
LINE
  5
1BF
330
1F
100
AcDbEntity
  8
0
  6
Continuous
 62
     7
370
    25
100
AcDbLine
 10
-60.5312203199
 20
-214.6275177292
 30
0.0
 11
-57.8168158213
 21
-205.0029653646
 31
0.0
  0
ARC
  5
1C0
330
1F
100
AcDbEntity
  8
0
  6
Continuous
 62
     7
370
    25
100
AcDbCircle
 10
0.0
 20
0.0
 30
0.0
 40
223.0000000000001
100
AcDbArc
 50
253.75
 51
254.25
  0
LINE
  5
1C1
330
1F
100
AcDbEntity
  8
0
  6
Continuous
 62
     7
370
    25
100
AcDbLine
 10
-59.6035799886
 20
-204.4906189842
 30
0.0
 11
-62.4018701289
 21
-214.0911175281
 31
0.0
  0
ARC
  5
1C2
330
1F
100
AcDbEntity
  8
0
  6
Continuous
 62
     7
370
    25
100
AcDbCircle
 10
0.0
 20
0.0
 30
0.0
 40
213.0
100
AcDbArc
 50
254.75
 51
255.25
  0
LINE
  5
1C3
330
1F
100
AcDbEntity
  8
0
  6
Continuous
 62
     7
370
    25
100
AcDbLine
 10
-56.7762344498
 20
-215.6512443778
 30
0.0
 11
-54.2302149678
 21
-205.9807849887
 31
0.0
  0
ARC
  5
1C4
330
1F
100
AcDbEntity
  8
0
  6
Continuous
 62
     7
370
    25
100
AcDbCircle
 10
0.0
 20
0.0
 30
0.0
 40
223.0
100
AcDbArc
 50
254.75
 51
255.25
  0
LINE
  5
1C5
330
1F
100
AcDbEntity
  8
0
  6
Continuous
 62
     7
370
    25
100
AcDbLine
 10
-56.0256486795
 20
-205.4996999755
 30
0.0
 11
-58.6559608241
 21
-215.1475732138
 31
0.0
  0
ARC
  5
1C6
330
1F
100
AcDbEntity
  8
0
  6
Continuous
 62
     7
370
    25
100
AcDbCircle
 10
0.0
 20
0.0
 30
0.0
 40
213.0
100
AcDbArc
 50
243.75
 51
244.25
  0
LINE
  5
1C7
330
1F
100
AcDbEntity
  8
0
  6
Continuous
 62
     7
370
    25
100
AcDbLine
 10
-96.8812924012
 20
-200.8557073689
 30
0.0
 11
-92.5368398271
 21
-191.8487249757
 31
0.0
  0
ARC
  5
1C8
330
1F
100
AcDbEntity
  8
0
  6
Continuous
 62
     7
370
    25
100
AcDbCircle
 10
0.0
 20
0.0
 30
0.0
 40
223.0
100
AcDbArc
 50
243.75
 51
244.25
  0
LINE
  5
1C9
330
1F
100
AcDbEntity
  8
0
  6
Continuous
 62
     7
370
    25
100
AcDbLine
 10
-94.2074910166
 20
-191.0338939465
 30
0.0
 11
-98.6303779188
 21
-200.0026213618
 31
0.0
  0
ARC
  5
1CA
330
1F
100
AcDbEntity
  8
0
  6
Continuous
 62
     7
370
    25
100
AcDbCircle
 10
0.0
 20
0.0
 30
0.0
 40
213.0000000000001
100
AcDbArc
 50
244.75
 51
245.25
  0
LINE
  5
1CB
330
1F
100
AcDbEntity
  8
0
  6
Continuous
 62
     7
370
    25
100
AcDbLine
 10
-93.3611214708
 20
-202.515927763
 30
0.0
 11
-89.1745240955
 21
-193.4344960247
 31
0.0
  0
ARC
  5
1CC
330
1F
100
AcDbEntity
  8
0
  6
Continuous
 62
     7
370
    25
100
AcDbCircle
 10
0.0
 20
0.0
 30
0.0
 40
223.0000000000001
100
AcDbArc
 50
244.75
 51
245.25
  0
LINE
  5
1CD
330
1F
100
AcDbEntity
  8
0
  6
Continuous
 62
     7
370
    25
100
AcDbLine
 10
-90.859141599
 20
-192.6489459818
 30
0.0
 11
-95.124828998
 21
-201.6934974363
 31
0.0
  0
ARC
  5
1CE
330
1F
100
AcDbEntity
  8
0
  6
Continuous
 62
     7
370
    25
100
AcDbCircle
 10
0.0
 20
0.0
 30
0.0
 40
213.0
100
AcDbArc
 50
241.75
 51
242.25
  0
LINE
  5
1CF
330
1F
100
AcDbEntity
  8
0
  6
Continuous
 62
     7
370
    25
100
AcDbLine
 10
-103.8320380325
 20
-197.3522431543
 30
0.0
 11
-99.1758928292
 21
-188.5023667796
 31
0.0
  0
ARC
  5
1D0
330
1F
100
AcDbEntity
  8
0
  6
Continuous
 62
     7
370
    25
100
AcDbCircle
 10
0.0
 20
0.0
 30
0.0
 40
223.0
100
AcDbArc
 50
241.75
 51
242.25
  0
LINE
  5
1D1
330
1F
100
AcDbEntity
  8
0
  6
Continuous
 62
     7
370
    25
100
AcDbLine
 10
-100.8170891104
 20
-187.6297272377
 30
0.0
 11
-105.5502857822
 21
-196.4386346198
 31
0.0
  0
ARC
  5
1D2
330
1F
100
AcDbEntity
  8
0
  6
Continuous
 62
     7
370
    25
100
AcDbCircle
 10
0.0
 20
0.0
 30
0.0
 40
213.0
100
AcDbArc
 50
242.75
 51
243.25
  0
LINE
  5
1D3
330
1F
100
AcDbEntity
  8
0
  6
Continuous
 62
     7
370
    25
100
AcDbLine
 10
-100.3719523513
 20
-199.1343043807
 30
0.0
 11
-95.870967941
 21
-190.2045149466
 31
0.0
  0
ARC
  5
1D4
330
1F
100
AcDbEntity
  8
0
  6
Continuous
 62
     7
370
    25
100
AcDbCircle
 10
0.0
 20
0.0
 30
0.0
 40
223.0
100
AcDbArc
 50
242.75
 51
243.25
  0
LINE
  5
1D5
330
1F
100
AcDbEntity
  8
0
  6
Continuous
 62
     7
370
    25
100
AcDbLine
 10
-97.5271439199
 20
-189.3606511365
 30
0.0
 11
-102.1058830711
 21
-198.2508225513
 31
0.0
  0
ARC
  5
1D6
330
1F
100
AcDbEntity
  8
0
  6
Continuous
 62
     7
370
    25
100
AcDbCircle
 10
0.0
 20
0.0
 30
0.0
 40
213.0
100
AcDbArc
 50
247.75
 51
248.25
  0
LINE
  5
1D7
330
1F
100
AcDbEntity
  8
0
  6
Continuous
 62
     7
370
    25
100
AcDbLine
 10
-82.6343085647
 20
-207.1245302904
 30
0.0
 11
-78.9287341896
 21
-197.8364347617
 31
0.0
  0
ARC
  5
1D8
330
1F
100
AcDbEntity
  8
0
  6
Continuous
 62
     7
370
    25
100
AcDbCircle
 10
0.0
 20
0.0
 30
0.0
 40
223.0000000000001
100
AcDbArc
 50
247.75
 51
248.25
  0
LINE
  5
1D9
330
1F
100
AcDbEntity
  8
0
  6
Continuous
 62
     7
370
    25
100
AcDbLine
 10
-80.6521554961
 20
-197.1401273557
 30
0.0
 11
-84.4386416696
 21
-206.3955323959
 31
0.0
  0
ARC
  5
1DA
330
1F
100
AcDbEntity
  8
0
  6
Continuous
 62
     7
370
    25
100
AcDbCircle
 10
0.0
 20
0.0
 30
0.0
 40
213.0
100
AcDbArc
 50
248.75
 51
249.25
  0
LINE
  5
1DB
330
1F
100
AcDbEntity
  8
0
  6
Continuous
 62
     7
370
    25
100
AcDbLine
 10
-79.0069014735
 20
-208.53515176
 30
0.0
 11
-75.4639910935
 21
-199.1837996631
 31
0.0
  0
ARC
  5
1DC
330
1F
100
AcDbEntity
  8
0
  6
Continuous
 62
     7
370
    25
100
AcDbCircle
 10
0.0
 20
0.0
 30
0.0
 40
223.0
100
AcDbArc
 50
248.75
 51
249.25
  0
LINE
  5
1DD
330
1F
100
AcDbEntity
  8
0
  6
Continuous
 62
     7
370
    25
100
AcDbLine
 10
-77.1993021544
 20
-198.5176761572
 30
0.0
 11
-80.8236825373
 21
-207.8377548501
 31
0.0
  0
ARC
  5
1DE
330
1F
100
AcDbEntity
  8
0
  6
Continuous
 62
     7
370
    25
100
AcDbCircle
 10
0.0
 20
0.0
 30
0.0
 40
213.0
100
AcDbArc
 50
245.75
 51
246.25
  0
LINE
  5
1DF
330
1F
100
AcDbEntity
  8
0
  6
Continuous
 62
     7
370
    25
100
AcDbLine
 10
-89.8125118385
 20
-204.1144598436
 30
0.0
 11
-85.7850449399
 21
-194.9613450524
 31
0.0
  0
ARC
  5
1E0
330
1F
100
AcDbEntity
  8
0
  6
Continuous
 62
     7
370
    25
100
AcDbCircle
 10
0.0
 20
0.0
 30
0.0
 40
223.0
100
AcDbArc
 50
245.75
 51
246.25
  0
LINE
  5
1E1
330
1F
100
AcDbEntity
  8
0
  6
Continuous
 62
     7
370
    25
100
AcDbLine
 10
-87.4831156067
 20
-194.2053152819
 30
0.0
 11
-91.5903041328
 21
-203.3229357177
 31
0.0
  0
ARC
  5
1E2
330
1F
100
AcDbEntity
  8
0
  6
Continuous
 62
     7
370
    25
100
AcDbCircle
 10
0.0
 20
0.0
 30
0.0
 40
213.0
100
AcDbArc
 50
246.75
 51
247.25
  0
LINE
  5
1E3
330
1F
100
AcDbEntity
  8
0
  6
Continuous
 62
     7
370
    25
100
AcDbLine
 10
-86.236544445
 20
-205.6508166825
 30
0.0
 11
-82.3694348286
 21
-196.4288069658
 31
0.0
  0
ARC
  5
1E4
330
1F
100
AcDbEntity
  8
0
  6
Continuous
 62
     7
370
    25
100
AcDbCircle
 10
0.0
 20
0.0
 30
0.0
 40
223.0000000000001
100
AcDbArc
 50
246.75
 51
247.25
  0
LINE
  5
1E5
330
1F
100
AcDbEntity
  8
0
  6
Continuous
 62
     7
370
    25
100
AcDbLine
 10
-84.0804414098
 20
-195.7025277617
 30
0.0
 11
-88.0278799737
 21
-204.8904398632
 31
0.0
  0
ARC
  5
1E6
330
1F
100
AcDbEntity
  8
0
  6
Continuous
 62
     7
370
    25
100
AcDbCircle
 10
0.0
 20
0.0
 30
0.0
 40
213.0
100
AcDbArc
 50
203.75
 51
204.25
  0
LINE
  5
1E7
330
1F
100
AcDbEntity
  8
0
  6
Continuous
 62
     7
370
    25
100
AcDbLine
 10
-203.3229357177
 20
-91.5903041328
 30
0.0
 11
-194.2053152819
 21
-87.4831156067
 31
0.0
  0
ARC
  5
1E8
330
1F
100
AcDbEntity
  8
0
  6
Continuous
 62
     7
370
    25
100
AcDbCircle
 10
0.0
 20
0.0
 30
0.0
 40
223.0
100
AcDbArc
 50
203.75
 51
204.25
  0
LINE
  5
1E9
330
1F
100
AcDbEntity
  8
0
  6
Continuous
 62
     7
370
    25
100
AcDbLine
 10
-194.9613450524
 20
-85.7850449399
 30
0.0
 11
-204.1144598436
 21
-89.8125118385
 31
0.0
  0
ARC
  5
1EA
330
1F
100
AcDbEntity
  8
0
  6
Continuous
 62
     7
370
    25
100
AcDbCircle
 10
0.0
 20
0.0
 30
0.0
 40
213.0
100
AcDbArc
 50
204.75
 51
205.25
  0
LINE
  5
1EB
330
1F
100
AcDbEntity
  8
0
  6
Continuous
 62
     7
370
    25
100
AcDbLine
 10
-201.6934974363
 20
-95.124828998
 30
0.0
 11
-192.6489459818
 21
-90.859141599
 31
0.0
  0
ARC
  5
1EC
330
1F
100
AcDbEntity
  8
0
  6
Continuous
 62
     7
370
    25
100
AcDbCircle
 10
0.0
 20
0.0
 30
0.0
 40
223.0000000000001
100
AcDbArc
 50
204.75
 51
205.25
  0
LINE
  5
1ED
330
1F
100
AcDbEntity
  8
0
  6
Continuous
 62
     7
370
    25
100
AcDbLine
 10
-193.4344960247
 20
-89.1745240955
 30
0.0
 11
-202.515927763
 21
-93.3611214708
 31
0.0
  0
ARC
  5
1EE
330
1F
100
AcDbEntity
  8
0
  6
Continuous
 62
     7
370
    25
100
AcDbCircle
 10
0.0
 20
0.0
 30
0.0
 40
213.0000000000001
100
AcDbArc
 50
201.75
 51
202.25
  0
LINE
  5
1EF
330
1F
100
AcDbEntity
  8
0
  6
Continuous
 62
     7
370
    25
100
AcDbLine
 10
-206.3955323959
 20
-84.4386416696
 30
0.0
 11
-197.1401273557
 21
-80.6521554961
 31
0.0
  0
ARC
  5
1F0
330
1F
100
AcDbEntity
  8
0
  6
Continuous
 62
     7
370
    25
100
AcDbCircle
 10
0.0
 20
0.0
 30
0.0
 40
223.0000000000001
100
AcDbArc
 50
201.75
 51
202.25
  0
LINE
  5
1F1
330
1F
100
AcDbEntity
  8
0
  6
Continuous
 62
     7
370
    25
100
AcDbLine
 10
-197.8364347617
 20
-78.9287341896
 30
0.0
 11
-207.1245302904
 21
-82.6343085647
 31
0.0
  0
ARC
  5
1F2
330
1F
100
AcDbEntity
  8
0
  6
Continuous
 62
     7
370
    25
100
AcDbCircle
 10
0.0
 20
0.0
 30
0.0
 40
213.0000000000001
100
AcDbArc
 50
202.75
 51
203.25
  0
LINE
  5
1F3
330
1F
100
AcDbEntity
  8
0
  6
Continuous
 62
     7
370
    25
100
AcDbLine
 10
-204.8904398632
 20
-88.0278799737
 30
0.0
 11
-195.7025277617
 21
-84.0804414099
 31
0.0
  0
ARC
  5
1F4
330
1F
100
AcDbEntity
  8
0
  6
Continuous
 62
     7
370
    25
100
AcDbCircle
 10
0.0
 20
0.0
 30
0.0
 40
223.0000000000001
100
AcDbArc
 50
202.75
 51
203.25
  0
LINE
  5
1F5
330
1F
100
AcDbEntity
  8
0
  6
Continuous
 62
     7
370
    25
100
AcDbLine
 10
-196.4288069658
 20
-82.3694348286
 30
0.0
 11
-205.6508166825
 21
-86.236544445
 31
0.0
  0
ARC
  5
1F6
330
1F
100
AcDbEntity
  8
0
  6
Continuous
 62
     7
370
    25
100
AcDbCircle
 10
0.0
 20
0.0
 30
0.0
 40
213.0
100
AcDbArc
 50
207.75
 51
208.25
  0
LINE
  5
1F7
330
1F
100
AcDbEntity
  8
0
  6
Continuous
 62
     7
370
    25
100
AcDbLine
 10
-196.4386346198
 20
-105.5502857822
 30
0.0
 11
-187.6297272377
 21
-100.8170891104
 31
0.0
  0
ARC
  5
1F8
330
1F
100
AcDbEntity
  8
0
  6
Continuous
 62
     7
370
    25
100
AcDbCircle
 10
0.0
 20
0.0
 30
0.0
 40
223.0
100
AcDbArc
 50
207.75
 51
208.25
  0
LINE
  5
1F9
330
1F
100
AcDbEntity
  8
0
  6
Continuous
 62
     7
370
    25
100
AcDbLine
 10
-188.5023667796
 20
-99.1758928293
 30
0.0
 11
-197.3522431543
 21
-103.8320380325
 31
0.0
  0
ARC
  5
1FA
330
1F
100
AcDbEntity
  8
0
  6
Continuous
 62
     7
370
    25
100
AcDbCircle
 10
0.0
 20
0.0
 30
0.0
 40
213.0
100
AcDbArc
 50
208.75
 51
209.25
  0
LINE
  5
1FB
330
1F
100
AcDbEntity
  8
0
  6
Continuous
 62
     7
370
    25
100
AcDbLine
 10
-194.5666095772
 20
-108.9625368538
 30
0.0
 11
-185.8416495065
 21
-104.0763244389
 31
0.0
  0
ARC
  5
1FC
330
1F
100
AcDbEntity
  8
0
  6
Continuous
 62
     7
370
    25
100
AcDbCircle
 10
0.0
 20
0.0
 30
0.0
 40
223.0
100
AcDbArc
 50
208.75
 51
209.25
  0
LINE
  5
1FD
330
1F
100
AcDbEntity
  8
0
  6
Continuous
 62
     7
370
    25
100
AcDbLine
 10
-186.7427989657
 20
-102.4506077798
 30
0.0
 11
-195.5100665228
 21
-107.260495469
 31
0.0
  0
ARC
  5
1FE
330
1F
100
AcDbEntity
  8
0
  6
Continuous
 62
     7
370
    25
100
AcDbCircle
 10
0.0
 20
0.0
 30
0.0
 40
213.0
100
AcDbArc
 50
205.75
 51
206.25
  0
LINE
  5
1FF
330
1F
100
AcDbEntity
  8
0
  6
Continuous
 62
     7
370
    25
100
AcDbLine
 10
-200.0026213618
 20
-98.6303779188
 30
0.0
 11
-191.0338939465
 21
-94.2074910166
 31
0.0
  0
ARC
  5
200
330
1F
100
AcDbEntity
  8
0
  6
Continuous
 62
     7
370
    25
100
AcDbCircle
 10
0.0
 20
0.0
 30
0.0
 40
223.0
100
AcDbArc
 50
205.75
 51
206.25
  0
LINE
  5
201
330
1F
100
AcDbEntity
  8
0
  6
Continuous
 62
     7
370
    25
100
AcDbLine
 10
-191.8487249757
 20
-92.5368398271
 30
0.0
 11
-200.8557073689
 21
-96.8812924012
 31
0.0
  0
ARC
  5
202
330
1F
100
AcDbEntity
  8
0
  6
Continuous
 62
     7
370
    25
100
AcDbCircle
 10
0.0
 20
0.0
 30
0.0
 40
213.0
100
AcDbArc
 50
206.75
 51
207.25
  0
LINE
  5
203
330
1F
100
AcDbEntity
  8
0
  6
Continuous
 62
     7
370
    25
100
AcDbLine
 10
-198.2508225513
 20
-102.1058830711
 30
0.0
 11
-189.3606511365
 21
-97.5271439199
 31
0.0
  0
ARC
  5
204
330
1F
100
AcDbEntity
  8
0
  6
Continuous
 62
     7
370
    25
100
AcDbCircle
 10
0.0
 20
0.0
 30
0.0
 40
223.0
100
AcDbArc
 50
206.75
 51
207.25
  0
LINE
  5
205
330
1F
100
AcDbEntity
  8
0
  6
Continuous
 62
     7
370
    25
100
AcDbLine
 10
-190.2045149466
 20
-95.870967941
 30
0.0
 11
-199.1343043807
 21
-100.3719523513
 31
0.0
  0
ARC
  5
206
330
1F
100
AcDbEntity
  8
0
  6
Continuous
 62
     7
370
    25
100
AcDbCircle
 10
0.0
 20
0.0
 30
0.0
 40
213.0
100
AcDbArc
 50
195.75
 51
196.25
  0
LINE
  5
207
330
1F
100
AcDbEntity
  8
0
  6
Continuous
 62
     7
370
    25
100
AcDbLine
 10
-214.0911175281
 20
-62.4018701289
 30
0.0
 11
-204.4906189842
 21
-59.6035799886
 31
0.0
  0
ARC
  5
208
330
1F
100
AcDbEntity
  8
0
  6
Continuous
 62
     7
370
    25
100
AcDbCircle
 10
0.0
 20
0.0
 30
0.0
 40
223.0
100
AcDbArc
 50
195.75
 51
196.25
  0
LINE
  5
209
330
1F
100
AcDbEntity
  8
0
  6
Continuous
 62
     7
370
    25
100
AcDbLine
 10
-205.0029653646
 20
-57.8168158213
 30
0.0
 11
-214.6275177292
 21
-60.5312203199
 31
0.0
  0
ARC
  5
20A
330
1F
100
AcDbEntity
  8
0
  6
Continuous
 62
     7
370
    25
100
AcDbCircle
 10
0.0
 20
0.0
 30
0.0
 40
213.0000000000001
100
AcDbArc
 50
196.75
 51
197.25
  0
LINE
  5
20B
330
1F
100
AcDbEntity
  8
0
  6
Continuous
 62
     7
370
    25
100
AcDbLine
 10
-212.969447614
 20
-66.1287712196
 30
0.0
 11
-203.4192481694
 21
-63.1633554698
 31
0.0
  0
ARC
  5
20C
330
1F
100
AcDbEntity
  8
0
  6
Continuous
 62
     7
370
    25
100
AcDbCircle
 10
0.0
 20
0.0
 30
0.0
 40
223.0000000000001
100
AcDbArc
 50
196.75
 51
197.25
  0
LINE
  5
20D
330
1F
100
AcDbEntity
  8
0
  6
Continuous
 62
     7
370
    25
100
AcDbLine
 10
-203.9626998514
 20
-61.3858051126
 30
0.0
 11
-213.5384134595
 21
-64.2677677939
 31
0.0
  0
ARC
  5
20E
330
1F
100
AcDbEntity
  8
0
  6
Continuous
 62
     7
370
    25
100
AcDbCircle
 10
0.0
 20
0.0
 30
0.0
 40
213.0
100
AcDbArc
 50
193.75
 51
194.25
  0
LINE
  5
20F
330
1F
100
AcDbEntity
  8
0
  6
Continuous
 62
     7
370
    25
100
AcDbLine
 10
-216.1384928646
 20
-54.8921843455
 30
0.0
 11
-206.4461837675
 21
-52.4306514152
 31
0.0
  0
ARC
  5
210
330
1F
100
AcDbEntity
  8
0
  6
Continuous
 62
     7
370
    25
100
AcDbCircle
 10
0.0
 20
0.0
 30
0.0
 40
223.0
100
AcDbArc
 50
193.75
 51
194.25
  0
LINE
  5
211
330
1F
100
AcDbEntity
  8
0
  6
Continuous
 62
     7
370
    25
100
AcDbLine
 10
-206.8958608702
 20
-50.6270950655
 30
0.0
 11
-216.6092815684
 21
-53.0039539887
 31
0.0
  0
ARC
  5
212
330
1F
100
AcDbEntity
  8
0
  6
Continuous
 62
     7
370
    25
100
AcDbCircle
 10
0.0
 20
0.0
 30
0.0
 40
213.0
100
AcDbArc
 50
194.75
 51
195.25
  0
LINE
  5
213
330
1F
100
AcDbEntity
  8
0
  6
Continuous
 62
     7
370
    25
100
AcDbLine
 10
-215.1475732138
 20
-58.6559608241
 30
0.0
 11
-205.4996999755
 21
-56.0256486796
 31
0.0
  0
ARC
  5
214
330
1F
100
AcDbEntity
  8
0
  6
Continuous
 62
     7
370
    25
100
AcDbCircle
 10
0.0
 20
0.0
 30
0.0
 40
223.0
100
AcDbArc
 50
194.75
 51
195.25
  0
LINE
  5
215
330
1F
100
AcDbEntity
  8
0
  6
Continuous
 62
     7
370
    25
100
AcDbLine
 10
-205.9807849887
 20
-54.2302149678
 30
0.0
 11
-215.6512443778
 21
-56.7762344498
 31
0.0
  0
ARC
  5
216
330
1F
100
AcDbEntity
  8
0
  6
Continuous
 62
     7
370
    25
100
AcDbCircle
 10
0.0
 20
0.0
 30
0.0
 40
213.0
100
AcDbArc
 50
199.75
 51
200.25
  0
LINE
  5
217
330
1F
100
AcDbEntity
  8
0
  6
Continuous
 62
     7
370
    25
100
AcDbLine
 10
-209.2166679107
 20
-77.1841037283
 30
0.0
 11
-199.8347545515
 21
-73.7229331575
 31
0.0
  0
ARC
  5
218
330
1F
100
AcDbEntity
  8
0
  6
Continuous
 62
     7
370
    25
100
AcDbCircle
 10
0.0
 20
0.0
 30
0.0
 40
223.0
100
AcDbArc
 50
199.75
 51
200.25
  0
LINE
  5
219
330
1F
100
AcDbEntity
  8
0
  6
Continuous
 62
     7
370
    25
100
AcDbLine
 10
-200.4704912496
 20
-71.9762609347
 30
0.0
 11
-209.8822514022
 21
-75.3554281147
 31
0.0
  0
ARC
  5
21A
330
1F
100
AcDbEntity
  8
0
  6
Continuous
 62
     7
370
    25
100
AcDbCircle
 10
0.0
 20
0.0
 30
0.0
 40
213.0
100
AcDbArc
 50
200.75
 51
201.25
  0
LINE
  5
21B
330
1F
100
AcDbEntity
  8
0
  6
Continuous
 62
     7
370
    25
100
AcDbLine
 10
-207.8377548501
 20
-80.8236825373
 30
0.0
 11
-198.5176761572
 21
-77.1993021544
 31
0.0
  0
ARC
  5
21C
330
1F
100
AcDbEntity
  8
0
  6
Continuous
 62
     7
370
    25
100
AcDbCircle
 10
0.0
 20
0.0
 30
0.0
 40
223.0
100
AcDbArc
 50
200.75
 51
201.25
  0
LINE
  5
21D
330
1F
100
AcDbEntity
  8
0
  6
Continuous
 62
     7
370
    25
100
AcDbLine
 10
-199.1837996631
 20
-75.4639910935
 30
0.0
 11
-208.53515176
 21
-79.0069014735
 31
0.0
  0
ARC
  5
21E
330
1F
100
AcDbEntity
  8
0
  6
Continuous
 62
     7
370
    25
100
AcDbCircle
 10
0.0
 20
0.0
 30
0.0
 40
213.0
100
AcDbArc
 50
197.75
 51
198.25
  0
LINE
  5
21F
330
1F
100
AcDbEntity
  8
0
  6
Continuous
 62
     7
370
    25
100
AcDbLine
 10
-211.782905143
 20
-69.8355288459
 30
0.0
 11
-202.285913881
 21
-66.703890781
 31
0.0
  0
ARC
  5
220
330
1F
100
AcDbEntity
  8
0
  6
Continuous
 62
     7
370
    25
100
AcDbCircle
 10
0.0
 20
0.0
 30
0.0
 40
223.0
100
AcDbArc
 50
197.75
 51
198.25
  0
LINE
  5
221
330
1F
100
AcDbEntity
  8
0
  6
Continuous
 62
     7
370
    25
100
AcDbLine
 10
-202.860305324
 20
-64.936095693
 30
0.0
 11
-212.3842633205
 21
-67.9847386832
 31
0.0
  0
ARC
  5
222
330
1F
100
AcDbEntity
  8
0
  6
Continuous
 62
     7
370
    25
100
AcDbCircle
 10
0.0
 20
0.0
 30
0.0
 40
213.0
100
AcDbArc
 50
198.75
 51
199.25
  0
LINE
  5
223
330
1F
100
AcDbEntity
  8
0
  6
Continuous
 62
     7
370
    25
100
AcDbLine
 10
-210.5318515476
 20
-73.5210138936
 30
0.0
 11
-201.0909613437
 21
-70.224107441
 31
0.0
  0
ARC
  5
224
330
1F
100
AcDbEntity
  8
0
  6
Continuous
 62
     7
370
    25
100
AcDbCircle
 10
0.0
 20
0.0
 30
0.0
 40
223.0
100
AcDbArc
 50
198.75
 51
199.25
  0
LINE
  5
225
330
1F
100
AcDbEntity
  8
0
  6
Continuous
 62
     7
370
    25
100
AcDbLine
 10
-201.6961175825
 20
-68.4666061096
 30
0.0
 11
-211.1654188774
 21
-71.6810007626
 31
0.0
  0
ARC
  5
226
330
1F
100
AcDbEntity
  8
0
  6
Continuous
 62
     7
370
    25
100
AcDbCircle
 10
0.0
 20
0.0
 30
0.0
 40
213.0000000000001
100
AcDbArc
 50
219.75
 51
220.25
  0
LINE
  5
227
330
1F
100
AcDbEntity
  8
0
  6
Continuous
 62
     7
370
    25
100
AcDbLine
 10
-170.2008407615
 20
-144.0856474604
 30
0.0
 11
-162.5685160637
 21
-137.624407664
 31
0.0
  0
ARC
  5
228
330
1F
100
AcDbEntity
  8
0
  6
Continuous
 62
     7
370
    25
100
AcDbCircle
 10
0.0
 20
0.0
 30
0.0
 40
223.0
100
AcDbArc
 50
219.75
 51
220.25
  0
LINE
  5
229
330
1F
100
AcDbEntity
  8
0
  6
Continuous
 62
     7
370
    25
100
AcDbLine
 10
-163.7633102316
 20
-136.2005074219
 30
0.0
 11
-171.4517285524
 21
-142.5948974417
 31
0.0
  0
ARC
  5
22A
330
1F
100
AcDbEntity
  8
0
  6
Continuous
 62
     7
370
    25
100
AcDbCircle
 10
0.0
 20
0.0
 30
0.0
 40
213.0000000000001
100
AcDbArc
 50
220.75
 51
221.25
  0
LINE
  5
22B
330
1F
100
AcDbEntity
  8
0
  6
Continuous
 62
     7
370
    25
100
AcDbLine
 10
-167.6602770678
 20
-147.0341167673
 30
0.0
 11
-160.141878993
 21
-140.4406586163
 31
0.0
  0
ARC
  5
22C
330
1F
100
AcDbEntity
  8
0
  6
Continuous
 62
     7
370
    25
100
AcDbCircle
 10
0.0
 20
0.0
 30
0.0
 40
223.0000000000001
100
AcDbArc
 50
220.75
 51
221.25
  0
LINE
  5
22D
330
1F
100
AcDbEntity
  8
0
  6
Continuous
 62
     7
370
    25
100
AcDbLine
 10
-161.3613416738
 20
-139.0378272746
 30
0.0
 11
-168.9369915176
 21
-145.5654247992
 31
0.0
  0
ARC
  5
22E
330
1F
100
AcDbEntity
  8
0
  6
Continuous
 62
     7
370
    25
100
AcDbCircle
 10
0.0
 20
0.0
 30
0.0
 40
213.0000000000001
100
AcDbArc
 50
217.75
 51
218.25
  0
LINE
  5
22F
330
1F
100
AcDbEntity
  8
0
  6
Continuous
 62
     7
370
    25
100
AcDbLine
 10
-175.1256755864
 20
-138.0579506961
 30
0.0
 11
-167.2725062776
 21
-131.867011203
 31
0.0
  0
ARC
  5
230
330
1F
100
AcDbEntity
  8
0
  6
Continuous
 62
     7
370
    25
100
AcDbCircle
 10
0.0
 20
0.0
 30
0.0
 40
223.0000000000001
100
AcDbArc
 50
217.75
 51
218.25
  0
LINE
  5
231
330
1F
100
AcDbEntity
  8
0
  6
Continuous
 62
     7
370
    25
100
AcDbLine
 10
-168.4168792074
 20
-130.4022806473
 30
0.0
 11
-176.3237749449
 21
-136.5244534477
 31
0.0
  0
ARC
  5
232
330
1F
100
AcDbEntity
  8
0
  6
Continuous
 62
     7
370
    25
100
AcDbCircle
 10
0.0
 20
0.0
 30
0.0
 40
213.0
100
AcDbArc
 50
218.75
 51
219.25
  0
LINE
  5
233
330
1F
100
AcDbEntity
  8
0
  6
Continuous
 62
     7
370
    25
100
AcDbLine
 10
-172.6895596303
 20
-141.0932882694
 30
0.0
 11
-164.9456331895
 21
-134.7662349838
 31
0.0
  0
ARC
  5
234
330
1F
100
AcDbEntity
  8
0
  6
Continuous
 62
     7
370
    25
100
AcDbCircle
 10
0.0
 20
0.0
 30
0.0
 40
223.0
100
AcDbArc
 50
218.75
 51
219.25
  0
LINE
  5
235
330
1F
100
AcDbEntity
  8
0
  6
Continuous
 62
     7
370
    25
100
AcDbLine
 10
-166.1153948988
 20
-133.3216995752
 30
0.0
 11
-173.9142397297
 21
-139.580934297
 31
0.0
  0
ARC
  5
236
330
1F
100
AcDbEntity
  8
0
  6
Continuous
 62
     7
370
    25
100
AcDbCircle
 10
0.0
 20
0.0
 30
0.0
 40
213.0
100
AcDbArc
 50
223.75
 51
224.25
  0
LINE
  5
237
330
1F
100
AcDbEntity
  8
0
  6
Continuous
 62
     7
370
    25
100
AcDbLine
 10
-159.7353333837
 20
-155.6072725447
 30
0.0
 11
-152.5723139495
 21
-148.6293679463
 31
0.0
  0
ARC
  5
238
330
1F
100
AcDbEntity
  8
0
  6
Continuous
 62
     7
370
    25
100
AcDbCircle
 10
0.0
 20
0.0
 30
0.0
 40
223.0
100
AcDbArc
 50
223.75
 51
224.25
  0
LINE
  5
239
330
1F
100
AcDbEntity
  8
0
  6
Continuous
 62
     7
370
    25
100
AcDbLine
 10
-153.8635239187
 20
-147.2922808816
 30
0.0
 11
-161.0871635393
 21
-154.2074114394
 31
0.0
  0
ARC
  5
23A
330
1F
100
AcDbEntity
  8
0
  6
Continuous
 62
     7
370
    25
100
AcDbCircle
 10
0.0
 20
0.0
 30
0.0
 40
213.0
100
AcDbArc
 50
224.75
 51
225.25
  0
LINE
  5
23B
330
1F
100
AcDbEntity
  8
0
  6
Continuous
 62
     7
370
    25
100
AcDbLine
 10
-156.9952835537
 20
-158.371338764
 30
0.0
 11
-149.9551363091
 21
-151.2694850078
 31
0.0
  0
ARC
  5
23C
330
1F
100
AcDbEntity
  8
0
  6
Continuous
 62
     7
370
    25
100
AcDbCircle
 10
0.0
 20
0.0
 30
0.0
 40
223.0
100
AcDbArc
 50
224.75
 51
225.25
  0
LINE
  5
23D
330
1F
100
AcDbEntity
  8
0
  6
Continuous
 62
     7
370
    25
100
AcDbLine
 10
-151.2694850078
 20
-149.9551363091
 30
0.0
 11
-158.371338764
 21
-156.9952835537
 31
0.0
  0
ARC
  5
23E
330
1F
100
AcDbEntity
  8
0
  6
Continuous
 62
     7
370
    25
100
AcDbCircle
 10
0.0
 20
0.0
 30
0.0
 40
213.0
100
AcDbArc
 50
221.75
 51
222.25
  0
LINE
  5
23F
330
1F
100
AcDbEntity
  8
0
  6
Continuous
 62
     7
370
    25
100
AcDbLine
 10
-165.0686424296
 20
-149.9377980579
 30
0.0
 11
-157.6664611547
 21
-143.2141299836
 31
0.0
  0
ARC
  5
240
330
1F
100
AcDbEntity
  8
0
  6
Continuous
 62
     7
370
    25
100
AcDbCircle
 10
0.0
 20
0.0
 30
0.0
 40
223.0
100
AcDbArc
 50
221.75
 51
222.25
  0
LINE
  5
241
330
1F
100
AcDbEntity
  8
0
  6
Continuous
 62
     7
370
    25
100
AcDbLine
 10
-158.9102208881
 20
-141.8327948582
 30
0.0
 11
-166.3707946388
 21
-148.4916115182
 31
0.0
  0
ARC
  5
242
330
1F
100
AcDbEntity
  8
0
  6
Continuous
 62
     7
370
    25
100
AcDbCircle
 10
0.0
 20
0.0
 30
0.0
 40
213.0
100
AcDbArc
 50
222.75
 51
223.25
  0
LINE
  5
243
330
1F
100
AcDbEntity
  8
0
  6
Continuous
 62
     7
370
    25
100
AcDbLine
 10
-162.4267262838
 20
-152.7958068428
 30
0.0
 11
-155.1430165849
 21
-145.9439769395
 31
0.0
  0
ARC
  5
244
330
1F
100
AcDbEntity
  8
0
  6
Continuous
 62
     7
370
    25
100
AcDbCircle
 10
0.0
 20
0.0
 30
0.0
 40
223.0
100
AcDbArc
 50
222.75
 51
223.25
  0
LINE
  5
245
330
1F
100
AcDbEntity
  8
0
  6
Continuous
 62
     7
370
    25
100
AcDbLine
 10
-156.4106945098
 20
-144.5845587985
 30
0.0
 11
-163.7539196042
 21
-151.3725662538
 31
0.0
  0
ARC
  5
246
330
1F
100
AcDbEntity
  8
0
  6
Continuous
 62
     7
370
    25
100
AcDbCircle
 10
0.0
 20
0.0
 30
0.0
 40
213.0
100
AcDbArc
 50
211.75
 51
212.25
  0
LINE
  5
247
330
1F
100
AcDbEntity
  8
0
  6
Continuous
 62
     7
370
    25
100
AcDbLine
 10
-188.59730424
 20
-118.9960370492
 30
0.0
 11
-180.1400260229
 21
-113.65989189
 31
0.0
  0
ARC
  5
248
330
1F
100
AcDbEntity
  8
0
  6
Continuous
 62
     7
370
    25
100
AcDbCircle
 10
0.0
 20
0.0
 30
0.0
 40
223.0
100
AcDbArc
 50
211.75
 51
212.25
  0
LINE
  5
249
330
1F
100
AcDbEntity
  8
0
  6
Continuous
 62
     7
370
    25
100
AcDbLine
 10
-181.1250239241
 20
-112.0835657378
 30
0.0
 11
-189.628546174
 21
-117.3457049744
 31
0.0
  0
ARC
  5
24A
330
1F
100
AcDbEntity
  8
0
  6
Continuous
 62
     7
370
    25
100
AcDbCircle
 10
0.0
 20
0.0
 30
0.0
 40
213.0
100
AcDbArc
 50
212.75
 51
213.25
  0
LINE
  5
24B
330
1F
100
AcDbEntity
  8
0
  6
Continuous
 62
     7
370
    25
100
AcDbLine
 10
-186.491812754
 20
-122.2693901829
 30
0.0
 11
-178.1289511956
 21
-116.7864578877
 31
0.0
  0
ARC
  5
24C
330
1F
100
AcDbEntity
  8
0
  6
Continuous
 62
     7
370
    25
100
AcDbCircle
 10
0.0
 20
0.0
 30
0.0
 40
223.0
100
AcDbArc
 50
212.75
 51
213.25
  0
LINE
  5
24D
330
1F
100
AcDbEntity
  8
0
  6
Continuous
 62
     7
370
    25
100
AcDbLine
 10
-179.1413097614
 20
-115.2275624014
 30
0.0
 11
-187.5516998911
 21
-120.6373071151
 31
0.0
  0
ARC
  5
24E
330
1F
100
AcDbEntity
  8
0
  6
Continuous
 62
     7
370
    25
100
AcDbCircle
 10
0.0
 20
0.0
 30
0.0
 40
213.0
100
AcDbArc
 50
209.75
 51
210.25
  0
LINE
  5
24F
330
1F
100
AcDbEntity
  8
0
  6
Continuous
 62
     7
370
    25
100
AcDbLine
 10
-192.6353176606
 20
-112.3415968812
 30
0.0
 11
-183.9969626085
 21
-107.3038571107
 31
0.0
  0
ARC
  5
250
330
1F
100
AcDbEntity
  8
0
  6
Continuous
 62
     7
370
    25
100
AcDbCircle
 10
0.0
 20
0.0
 30
0.0
 40
223.0
100
AcDbArc
 50
209.75
 51
210.25
  0
LINE
  5
251
330
1F
100
AcDbEntity
  8
0
  6
Continuous
 62
     7
370
    25
100
AcDbLine
 10
-184.9263474862
 20
-105.6941152828
 30
0.0
 11
-193.6083356311
 21
-110.6562803196
 31
0.0
  0
ARC
  5
252
330
1F
100
AcDbEntity
  8
0
  6
Continuous
 62
     7
370
    25
100
AcDbCircle
 10
0.0
 20
0.0
 30
0.0
 40
213.0
100
AcDbArc
 50
210.75
 51
211.25
  0
LINE
  5
253
330
1F
100
AcDbEntity
  8
0
  6
Continuous
 62
     7
370
    25
100
AcDbLine
 10
-190.6453471601
 20
-115.6864365698
 30
0.0
 11
-182.0962284533
 21
-110.4987039882
 31
0.0
  0
ARC
  5
254
330
1F
100
AcDbEntity
  8
0
  6
Continuous
 62
     7
370
    25
100
AcDbCircle
 10
0.0
 20
0.0
 30
0.0
 40
223.0
100
AcDbArc
 50
210.75
 51
211.25
  0
LINE
  5
255
330
1F
100
AcDbEntity
  8
0
  6
Continuous
 62
     7
370
    25
100
AcDbLine
 10
-183.0535656498
 20
-108.9054273344
 30
0.0
 11
-191.6476297648
 21
-114.0183581952
 31
0.0
  0
ARC
  5
256
330
1F
100
AcDbEntity
  8
0
  6
Continuous
 62
     7
370
    25
100
AcDbCircle
 10
0.0
 20
0.0
 30
0.0
 40
213.0
100
AcDbArc
 50
215.75
 51
216.25
  0
LINE
  5
257
330
1F
100
AcDbEntity
  8
0
  6
Continuous
 62
     7
370
    25
100
AcDbLine
 10
-179.8371467516
 20
-131.8620515851
 30
0.0
 11
-171.772700709
 21
-125.9489551014
 31
0.0
  0
ARC
  5
258
330
1F
100
AcDbEntity
  8
0
  6
Continuous
 62
     7
370
    25
100
AcDbCircle
 10
0.0
 20
0.0
 30
0.0
 40
223.0
100
AcDbArc
 50
215.75
 51
216.25
  0
LINE
  5
259
330
1F
100
AcDbEntity
  8
0
  6
Continuous
 62
     7
370
    25
100
AcDbLine
 10
-172.8652581585
 20
-124.4451787808
 30
0.0
 11
-180.9809979782
 21
-130.2876754371
 31
0.0
  0
ARC
  5
25A
330
1F
100
AcDbEntity
  8
0
  6
Continuous
 62
     7
370
    25
100
AcDbCircle
 10
0.0
 20
0.0
 30
0.0
 40
213.0
100
AcDbArc
 50
216.75
 51
217.25
  0
LINE
  5
25B
330
1F
100
AcDbEntity
  8
0
  6
Continuous
 62
     7
370
    25
100
AcDbLine
 10
-177.5084465652
 20
-134.9805593336
 30
0.0
 11
-169.5484265399
 21
-128.9276194531
 31
0.0
  0
ARC
  5
25C
330
1F
100
AcDbEntity
  8
0
  6
Continuous
 62
     7
370
    25
100
AcDbCircle
 10
0.0
 20
0.0
 30
0.0
 40
223.0
100
AcDbArc
 50
216.75
 51
217.25
  0
LINE
  5
25D
330
1F
100
AcDbEntity
  8
0
  6
Continuous
 62
     7
370
    25
100
AcDbLine
 10
-170.6670621032
 20
-127.4431399216
 30
0.0
 11
-178.6796002301
 21
-133.4263859273
 31
0.0
  0
ARC
  5
25E
330
1F
100
AcDbEntity
  8
0
  6
Continuous
 62
     7
370
    25
100
AcDbCircle
 10
0.0
 20
0.0
 30
0.0
 40
213.0
100
AcDbArc
 50
213.75
 51
214.25
  0
LINE
  5
25F
330
1F
100
AcDbEntity
  8
0
  6
Continuous
 62
     7
370
    25
100
AcDbLine
 10
-184.3295140554
 20
-125.505498876
 30
0.0
 11
-176.0636165641
 21
-119.8774495991
 31
0.0
  0
ARC
  5
260
330
1F
100
AcDbEntity
  8
0
  6
Continuous
 62
     7
370
    25
100
AcDbCircle
 10
0.0
 20
0.0
 30
0.0
 40
223.0
100
AcDbArc
 50
213.75
 51
214.25
  0
LINE
  5
261
330
1F
100
AcDbEntity
  8
0
  6
Continuous
 62
     7
370
    25
100
AcDbLine
 10
-177.1030274204
 20
-118.3364596332
 30
0.0
 11
-185.4177235435
 21
-123.8921619634
 31
0.0
  0
ARC
  5
262
330
1F
100
AcDbEntity
  8
0
  6
Continuous
 62
     7
370
    25
100
AcDbCircle
 10
0.0
 20
0.0
 30
0.0
 40
213.0
100
AcDbArc
 50
214.75
 51
215.25
  0
LINE
  5
263
330
1F
100
AcDbEntity
  8
0
  6
Continuous
 62
     7
370
    25
100
AcDbLine
 10
-182.1110668011
 20
-128.7033773783
 30
0.0
 11
-173.9446512494
 21
-122.9319254779
 31
0.0
  0
ARC
  5
264
330
1F
100
AcDbEntity
  8
0
  6
Continuous
 62
     7
370
    25
100
AcDbCircle
 10
0.0
 20
0.0
 30
0.0
 40
223.0
100
AcDbArc
 50
214.75
 51
215.25
  0
LINE
  5
265
330
1F
100
AcDbEntity
  8
0
  6
Continuous
 62
     7
370
    25
100
AcDbLine
 10
-175.0107977817
 20
-121.409310433
 30
0.0
 11
-183.2272671611
 21
-127.109278059
 31
0.0
  0
ARC
  5
266
330
1F
100
AcDbEntity
  8
0
  6
Continuous
 62
     7
370
    25
100
AcDbCircle
 10
0.0
 20
0.0
 30
0.0
 40
213.0
100
AcDbArc
 50
43.75
 51
44.25
  0
LINE
  5
267
330
1F
100
AcDbEntity
  8
0
  6
Continuous
 62
     7
370
    25
100
AcDbLine
 10
159.7353333837
 20
155.6072725447
 30
0.0
 11
152.5723139495
 21
148.6293679463
 31
0.0
  0
ARC
  5
268
330
1F
100
AcDbEntity
  8
0
  6
Continuous
 62
     7
370
    25
100
AcDbCircle
 10
0.0
 20
0.0
 30
0.0
 40
223.0
100
AcDbArc
 50
43.75
 51
44.25
  0
LINE
  5
269
330
1F
100
AcDbEntity
  8
0
  6
Continuous
 62
     7
370
    25
100
AcDbLine
 10
153.8635239187
 20
147.2922808816
 30
0.0
 11
161.0871635393
 21
154.2074114394
 31
0.0
  0
ARC
  5
26A
330
1F
100
AcDbEntity
  8
0
  6
Continuous
 62
     7
370
    25
100
AcDbCircle
 10
0.0
 20
0.0
 30
0.0
 40
213.0
100
AcDbArc
 50
44.75
 51
45.25
  0
LINE
  5
26B
330
1F
100
AcDbEntity
  8
0
  6
Continuous
 62
     7
370
    25
100
AcDbLine
 10
156.9952835537
 20
158.371338764
 30
0.0
 11
149.9551363091
 21
151.2694850078
 31
0.0
  0
ARC
  5
26C
330
1F
100
AcDbEntity
  8
0
  6
Continuous
 62
     7
370
    25
100
AcDbCircle
 10
0.0
 20
0.0
 30
0.0
 40
223.0000000000001
100
AcDbArc
 50
44.75
 51
45.25
  0
LINE
  5
26D
330
1F
100
AcDbEntity
  8
0
  6
Continuous
 62
     7
370
    25
100
AcDbLine
 10
151.2694850078
 20
149.9551363091
 30
0.0
 11
158.371338764
 21
156.9952835537
 31
0.0
  0
ARC
  5
26E
330
1F
100
AcDbEntity
  8
0
  6
Continuous
 62
     7
370
    25
100
AcDbCircle
 10
0.0
 20
0.0
 30
0.0
 40
213.0
100
AcDbArc
 50
41.75
 51
42.25
  0
LINE
  5
26F
330
1F
100
AcDbEntity
  8
0
  6
Continuous
 62
     7
370
    25
100
AcDbLine
 10
165.0686424296
 20
149.9377980579
 30
0.0
 11
157.6664611547
 21
143.2141299836
 31
0.0
  0
ARC
  5
270
330
1F
100
AcDbEntity
  8
0
  6
Continuous
 62
     7
370
    25
100
AcDbCircle
 10
0.0
 20
0.0
 30
0.0
 40
223.0
100
AcDbArc
 50
41.75
 51
42.25
  0
LINE
  5
271
330
1F
100
AcDbEntity
  8
0
  6
Continuous
 62
     7
370
    25
100
AcDbLine
 10
158.9102208881
 20
141.8327948582
 30
0.0
 11
166.3707946388
 21
148.4916115182
 31
0.0
  0
ARC
  5
272
330
1F
100
AcDbEntity
  8
0
  6
Continuous
 62
     7
370
    25
100
AcDbCircle
 10
0.0
 20
0.0
 30
0.0
 40
213.0
100
AcDbArc
 50
42.75
 51
43.25
  0
LINE
  5
273
330
1F
100
AcDbEntity
  8
0
  6
Continuous
 62
     7
370
    25
100
AcDbLine
 10
162.4267262838
 20
152.7958068428
 30
0.0
 11
155.143016585
 21
145.9439769395
 31
0.0
  0
ARC
  5
274
330
1F
100
AcDbEntity
  8
0
  6
Continuous
 62
     7
370
    25
100
AcDbCircle
 10
0.0
 20
0.0
 30
0.0
 40
223.0
100
AcDbArc
 50
42.75
 51
43.25
  0
LINE
  5
275
330
1F
100
AcDbEntity
  8
0
  6
Continuous
 62
     7
370
    25
100
AcDbLine
 10
156.4106945098
 20
144.5845587985
 30
0.0
 11
163.7539196042
 21
151.3725662538
 31
0.0
  0
ARC
  5
276
330
1F
100
AcDbEntity
  8
0
  6
Continuous
 62
     7
370
    25
100
AcDbCircle
 10
0.0
 20
0.0
 30
0.0
 40
213.0
100
AcDbArc
 50
47.75
 51
48.25
  0
LINE
  5
277
330
1F
100
AcDbEntity
  8
0
  6
Continuous
 62
     7
370
    25
100
AcDbLine
 10
148.4916115182
 20
166.3707946388
 30
0.0
 11
141.8327948582
 21
158.9102208881
 31
0.0
  0
ARC
  5
278
330
1F
100
AcDbEntity
  8
0
  6
Continuous
 62
     7
370
    25
100
AcDbCircle
 10
0.0
 20
0.0
 30
0.0
 40
223.0000000000001
100
AcDbArc
 50
47.75
 51
48.25
  0
LINE
  5
279
330
1F
100
AcDbEntity
  8
0
  6
Continuous
 62
     7
370
    25
100
AcDbLine
 10
143.2141299836
 20
157.6664611547
 30
0.0
 11
149.9377980579
 21
165.0686424296
 31
0.0
  0
ARC
  5
27A
330
1F
100
AcDbEntity
  8
0
  6
Continuous
 62
     7
370
    25
100
AcDbCircle
 10
0.0
 20
0.0
 30
0.0
 40
213.0
100
AcDbArc
 50
48.75
 51
49.25
  0
LINE
  5
27B
330
1F
100
AcDbEntity
  8
0
  6
Continuous
 62
     7
370
    25
100
AcDbLine
 10
145.5654247992
 20
168.9369915176
 30
0.0
 11
139.0378272746
 21
161.3613416738
 31
0.0
  0
ARC
  5
27C
330
1F
100
AcDbEntity
  8
0
  6
Continuous
 62
     7
370
    25
100
AcDbCircle
 10
0.0
 20
0.0
 30
0.0
 40
223.0
100
AcDbArc
 50
48.75
 51
49.25
  0
LINE
  5
27D
330
1F
100
AcDbEntity
  8
0
  6
Continuous
 62
     7
370
    25
100
AcDbLine
 10
140.4406586163
 20
160.141878993
 30
0.0
 11
147.0341167673
 21
167.6602770678
 31
0.0
  0
ARC
  5
27E
330
1F
100
AcDbEntity
  8
0
  6
Continuous
 62
     7
370
    25
100
AcDbCircle
 10
0.0
 20
0.0
 30
0.0
 40
213.0000000000001
100
AcDbArc
 50
45.75
 51
46.25
  0
LINE
  5
27F
330
1F
100
AcDbEntity
  8
0
  6
Continuous
 62
     7
370
    25
100
AcDbLine
 10
154.2074114394
 20
161.0871635393
 30
0.0
 11
147.2922808816
 21
153.8635239187
 31
0.0
  0
ARC
  5
280
330
1F
100
AcDbEntity
  8
0
  6
Continuous
 62
     7
370
    25
100
AcDbCircle
 10
0.0
 20
0.0
 30
0.0
 40
223.0000000000001
100
AcDbArc
 50
45.75
 51
46.25
  0
LINE
  5
281
330
1F
100
AcDbEntity
  8
0
  6
Continuous
 62
     7
370
    25
100
AcDbLine
 10
148.6293679463
 20
152.5723139495
 30
0.0
 11
155.6072725447
 21
159.7353333837
 31
0.0
  0
ARC
  5
282
330
1F
100
AcDbEntity
  8
0
  6
Continuous
 62
     7
370
    25
100
AcDbCircle
 10
0.0
 20
0.0
 30
0.0
 40
213.0
100
AcDbArc
 50
46.75
 51
47.25
  0
LINE
  5
283
330
1F
100
AcDbEntity
  8
0
  6
Continuous
 62
     7
370
    25
100
AcDbLine
 10
151.3725662538
 20
163.7539196042
 30
0.0
 11
144.5845587985
 21
156.4106945098
 31
0.0
  0
ARC
  5
284
330
1F
100
AcDbEntity
  8
0
  6
Continuous
 62
     7
370
    25
100
AcDbCircle
 10
0.0
 20
0.0
 30
0.0
 40
223.0000000000001
100
AcDbArc
 50
46.75
 51
47.25
  0
LINE
  5
285
330
1F
100
AcDbEntity
  8
0
  6
Continuous
 62
     7
370
    25
100
AcDbLine
 10
145.9439769395
 20
155.143016585
 30
0.0
 11
152.7958068428
 21
162.4267262838
 31
0.0
  0
ARC
  5
286
330
1F
100
AcDbEntity
  8
0
  6
Continuous
 62
     7
370
    25
100
AcDbCircle
 10
0.0
 20
0.0
 30
0.0
 40
213.0
100
AcDbArc
 50
35.75
 51
36.25
  0
LINE
  5
287
330
1F
100
AcDbEntity
  8
0
  6
Continuous
 62
     7
370
    25
100
AcDbLine
 10
179.8371467516
 20
131.8620515851
 30
0.0
 11
171.772700709
 21
125.9489551014
 31
0.0
  0
ARC
  5
288
330
1F
100
AcDbEntity
  8
0
  6
Continuous
 62
     7
370
    25
100
AcDbCircle
 10
0.0
 20
0.0
 30
0.0
 40
223.0
100
AcDbArc
 50
35.75
 51
36.25
  0
LINE
  5
289
330
1F
100
AcDbEntity
  8
0
  6
Continuous
 62
     7
370
    25
100
AcDbLine
 10
172.8652581585
 20
124.4451787808
 30
0.0
 11
180.9809979782
 21
130.2876754371
 31
0.0
  0
ARC
  5
28A
330
1F
100
AcDbEntity
  8
0
  6
Continuous
 62
     7
370
    25
100
AcDbCircle
 10
0.0
 20
0.0
 30
0.0
 40
213.0
100
AcDbArc
 50
36.75
 51
37.25
  0
LINE
  5
28B
330
1F
100
AcDbEntity
  8
0
  6
Continuous
 62
     7
370
    25
100
AcDbLine
 10
177.5084465652
 20
134.9805593336
 30
0.0
 11
169.5484265399
 21
128.9276194531
 31
0.0
  0
ARC
  5
28C
330
1F
100
AcDbEntity
  8
0
  6
Continuous
 62
     7
370
    25
100
AcDbCircle
 10
0.0
 20
0.0
 30
0.0
 40
223.0000000000001
100
AcDbArc
 50
36.75
 51
37.25
  0
LINE
  5
28D
330
1F
100
AcDbEntity
  8
0
  6
Continuous
 62
     7
370
    25
100
AcDbLine
 10
170.6670621032
 20
127.4431399216
 30
0.0
 11
178.6796002301
 21
133.4263859273
 31
0.0
  0
ARC
  5
28E
330
1F
100
AcDbEntity
  8
0
  6
Continuous
 62
     7
370
    25
100
AcDbCircle
 10
0.0
 20
0.0
 30
0.0
 40
213.0
100
AcDbArc
 50
33.75
 51
34.25
  0
LINE
  5
28F
330
1F
100
AcDbEntity
  8
0
  6
Continuous
 62
     7
370
    25
100
AcDbLine
 10
184.3295140554
 20
125.505498876
 30
0.0
 11
176.0636165641
 21
119.877449599
 31
0.0
  0
ARC
  5
290
330
1F
100
AcDbEntity
  8
0
  6
Continuous
 62
     7
370
    25
100
AcDbCircle
 10
0.0
 20
0.0
 30
0.0
 40
223.0000000000001
100
AcDbArc
 50
33.75
 51
34.25
  0
LINE
  5
291
330
1F
100
AcDbEntity
  8
0
  6
Continuous
 62
     7
370
    25
100
AcDbLine
 10
177.1030274204
 20
118.3364596332
 30
0.0
 11
185.4177235435
 21
123.8921619634
 31
0.0
  0
ARC
  5
292
330
1F
100
AcDbEntity
  8
0
  6
Continuous
 62
     7
370
    25
100
AcDbCircle
 10
0.0
 20
0.0
 30
0.0
 40
213.0
100
AcDbArc
 50
34.75
 51
35.25
  0
LINE
  5
293
330
1F
100
AcDbEntity
  8
0
  6
Continuous
 62
     7
370
    25
100
AcDbLine
 10
182.1110668011
 20
128.7033773783
 30
0.0
 11
173.9446512494
 21
122.9319254779
 31
0.0
  0
ARC
  5
294
330
1F
100
AcDbEntity
  8
0
  6
Continuous
 62
     7
370
    25
100
AcDbCircle
 10
0.0
 20
0.0
 30
0.0
 40
223.0
100
AcDbArc
 50
34.75
 51
35.25
  0
LINE
  5
295
330
1F
100
AcDbEntity
  8
0
  6
Continuous
 62
     7
370
    25
100
AcDbLine
 10
175.0107977817
 20
121.409310433
 30
0.0
 11
183.2272671611
 21
127.109278059
 31
0.0
  0
ARC
  5
296
330
1F
100
AcDbEntity
  8
0
  6
Continuous
 62
     7
370
    25
100
AcDbCircle
 10
0.0
 20
0.0
 30
0.0
 40
213.0000000000001
100
AcDbArc
 50
39.75
 51
40.25
  0
LINE
  5
297
330
1F
100
AcDbEntity
  8
0
  6
Continuous
 62
     7
370
    25
100
AcDbLine
 10
170.2008407615
 20
144.0856474604
 30
0.0
 11
162.5685160637
 21
137.624407664
 31
0.0
  0
ARC
  5
298
330
1F
100
AcDbEntity
  8
0
  6
Continuous
 62
     7
370
    25
100
AcDbCircle
 10
0.0
 20
0.0
 30
0.0
 40
223.0000000000001
100
AcDbArc
 50
39.75
 51
40.25
  0
LINE
  5
299
330
1F
100
AcDbEntity
  8
0
  6
Continuous
 62
     7
370
    25
100
AcDbLine
 10
163.7633102316
 20
136.2005074219
 30
0.0
 11
171.4517285524
 21
142.5948974417
 31
0.0
  0
ARC
  5
29A
330
1F
100
AcDbEntity
  8
0
  6
Continuous
 62
     7
370
    25
100
AcDbCircle
 10
0.0
 20
0.0
 30
0.0
 40
213.0
100
AcDbArc
 50
40.75
 51
41.25
  0
LINE
  5
29B
330
1F
100
AcDbEntity
  8
0
  6
Continuous
 62
     7
370
    25
100
AcDbLine
 10
167.6602770678
 20
147.0341167673
 30
0.0
 11
160.141878993
 21
140.4406586163
 31
0.0
  0
ARC
  5
29C
330
1F
100
AcDbEntity
  8
0
  6
Continuous
 62
     7
370
    25
100
AcDbCircle
 10
0.0
 20
0.0
 30
0.0
 40
223.0
100
AcDbArc
 50
40.75
 51
41.25
  0
LINE
  5
29D
330
1F
100
AcDbEntity
  8
0
  6
Continuous
 62
     7
370
    25
100
AcDbLine
 10
161.3613416738
 20
139.0378272746
 30
0.0
 11
168.9369915176
 21
145.5654247992
 31
0.0
  0
ARC
  5
29E
330
1F
100
AcDbEntity
  8
0
  6
Continuous
 62
     7
370
    25
100
AcDbCircle
 10
0.0
 20
0.0
 30
0.0
 40
213.0000000000001
100
AcDbArc
 50
37.75
 51
38.25
  0
LINE
  5
29F
330
1F
100
AcDbEntity
  8
0
  6
Continuous
 62
     7
370
    25
100
AcDbLine
 10
175.1256755864
 20
138.0579506961
 30
0.0
 11
167.2725062776
 21
131.867011203
 31
0.0
  0
ARC
  5
2A0
330
1F
100
AcDbEntity
  8
0
  6
Continuous
 62
     7
370
    25
100
AcDbCircle
 10
0.0
 20
0.0
 30
0.0
 40
223.0000000000001
100
AcDbArc
 50
37.75
 51
38.25
  0
LINE
  5
2A1
330
1F
100
AcDbEntity
  8
0
  6
Continuous
 62
     7
370
    25
100
AcDbLine
 10
168.4168792074
 20
130.4022806473
 30
0.0
 11
176.3237749449
 21
136.5244534477
 31
0.0
  0
ARC
  5
2A2
330
1F
100
AcDbEntity
  8
0
  6
Continuous
 62
     7
370
    25
100
AcDbCircle
 10
0.0
 20
0.0
 30
0.0
 40
213.0
100
AcDbArc
 50
38.75
 51
39.25
  0
LINE
  5
2A3
330
1F
100
AcDbEntity
  8
0
  6
Continuous
 62
     7
370
    25
100
AcDbLine
 10
172.6895596303
 20
141.0932882694
 30
0.0
 11
164.9456331895
 21
134.7662349838
 31
0.0
  0
ARC
  5
2A4
330
1F
100
AcDbEntity
  8
0
  6
Continuous
 62
     7
370
    25
100
AcDbCircle
 10
0.0
 20
0.0
 30
0.0
 40
223.0
100
AcDbArc
 50
38.75
 51
39.25
  0
LINE
  5
2A5
330
1F
100
AcDbEntity
  8
0
  6
Continuous
 62
     7
370
    25
100
AcDbLine
 10
166.1153948988
 20
133.3216995752
 30
0.0
 11
173.9142397297
 21
139.580934297
 31
0.0
  0
ARC
  5
2A6
330
1F
100
AcDbEntity
  8
0
  6
Continuous
 62
     7
370
    25
100
AcDbCircle
 10
0.0
 20
0.0
 30
0.0
 40
213.0
100
AcDbArc
 50
59.75
 51
60.25
  0
LINE
  5
2A7
330
1F
100
AcDbEntity
  8
0
  6
Continuous
 62
     7
370
    25
100
AcDbLine
 10
110.6562803196
 20
193.6083356311
 30
0.0
 11
105.6941152828
 21
184.9263474862
 31
0.0
  0
ARC
  5
2A8
330
1F
100
AcDbEntity
  8
0
  6
Continuous
 62
     7
370
    25
100
AcDbCircle
 10
0.0
 20
0.0
 30
0.0
 40
223.0
100
AcDbArc
 50
59.75
 51
60.25
  0
LINE
  5
2A9
330
1F
100
AcDbEntity
  8
0
  6
Continuous
 62
     7
370
    25
100
AcDbLine
 10
107.3038571107
 20
183.9969626085
 30
0.0
 11
112.3415968812
 21
192.6353176606
 31
0.0
  0
ARC
  5
2AA
330
1F
100
AcDbEntity
  8
0
  6
Continuous
 62
     7
370
    25
100
AcDbCircle
 10
0.0
 20
0.0
 30
0.0
 40
213.0
100
AcDbArc
 50
60.75
 51
61.25
  0
LINE
  5
2AB
330
1F
100
AcDbEntity
  8
0
  6
Continuous
 62
     7
370
    25
100
AcDbLine
 10
107.260495469
 20
195.5100665228
 30
0.0
 11
102.4506077798
 21
186.7427989657
 31
0.0
  0
ARC
  5
2AC
330
1F
100
AcDbEntity
  8
0
  6
Continuous
 62
     7
370
    25
100
AcDbCircle
 10
0.0
 20
0.0
 30
0.0
 40
223.0
100
AcDbArc
 50
60.75
 51
61.25
  0
LINE
  5
2AD
330
1F
100
AcDbEntity
  8
0
  6
Continuous
 62
     7
370
    25
100
AcDbLine
 10
104.0763244389
 20
185.8416495065
 30
0.0
 11
108.9625368538
 21
194.5666095772
 31
0.0
  0
ARC
  5
2AE
330
1F
100
AcDbEntity
  8
0
  6
Continuous
 62
     7
370
    25
100
AcDbCircle
 10
0.0
 20
0.0
 30
0.0
 40
213.0
100
AcDbArc
 50
57.75
 51
58.25
  0
LINE
  5
2AF
330
1F
100
AcDbEntity
  8
0
  6
Continuous
 62
     7
370
    25
100
AcDbLine
 10
117.3457049744
 20
189.628546174
 30
0.0
 11
112.0835657378
 21
181.1250239241
 31
0.0
  0
ARC
  5
2B0
330
1F
100
AcDbEntity
  8
0
  6
Continuous
 62
     7
370
    25
100
AcDbCircle
 10
0.0
 20
0.0
 30
0.0
 40
223.0
100
AcDbArc
 50
57.75
 51
58.25
  0
LINE
  5
2B1
330
1F
100
AcDbEntity
  8
0
  6
Continuous
 62
     7
370
    25
100
AcDbLine
 10
113.65989189
 20
180.1400260229
 30
0.0
 11
118.9960370492
 21
188.59730424
 31
0.0
  0
ARC
  5
2B2
330
1F
100
AcDbEntity
  8
0
  6
Continuous
 62
     7
370
    25
100
AcDbCircle
 10
0.0
 20
0.0
 30
0.0
 40
213.0
100
AcDbArc
 50
58.75
 51
59.25
  0
LINE
  5
2B3
330
1F
100
AcDbEntity
  8
0
  6
Continuous
 62
     7
370
    25
100
AcDbLine
 10
114.0183581952
 20
191.6476297648
 30
0.0
 11
108.9054273344
 21
183.0535656498
 31
0.0
  0
ARC
  5
2B4
330
1F
100
AcDbEntity
  8
0
  6
Continuous
 62
     7
370
    25
100
AcDbCircle
 10
0.0
 20
0.0
 30
0.0
 40
223.0
100
AcDbArc
 50
58.75
 51
59.25
  0
LINE
  5
2B5
330
1F
100
AcDbEntity
  8
0
  6
Continuous
 62
     7
370
    25
100
AcDbLine
 10
110.4987039882
 20
182.0962284533
 30
0.0
 11
115.6864365698
 21
190.6453471601
 31
0.0
  0
ARC
  5
2B6
330
1F
100
AcDbEntity
  8
0
  6
Continuous
 62
     7
370
    25
100
AcDbCircle
 10
0.0
 20
0.0
 30
0.0
 40
213.0000000000001
100
AcDbArc
 50
63.75
 51
64.25
  0
LINE
  5
2B7
330
1F
100
AcDbEntity
  8
0
  6
Continuous
 62
     7
370
    25
100
AcDbLine
 10
96.8812924012
 20
200.8557073689
 30
0.0
 11
92.5368398271
 21
191.8487249757
 31
0.0
  0
ARC
  5
2B8
330
1F
100
AcDbEntity
  8
0
  6
Continuous
 62
     7
370
    25
100
AcDbCircle
 10
0.0
 20
0.0
 30
0.0
 40
223.0000000000001
100
AcDbArc
 50
63.75
 51
64.25
  0
LINE
  5
2B9
330
1F
100
AcDbEntity
  8
0
  6
Continuous
 62
     7
370
    25
100
AcDbLine
 10
94.2074910166
 20
191.0338939465
 30
0.0
 11
98.6303779188
 21
200.0026213618
 31
0.0
  0
ARC
  5
2BA
330
1F
100
AcDbEntity
  8
0
  6
Continuous
 62
     7
370
    25
100
AcDbCircle
 10
0.0
 20
0.0
 30
0.0
 40
213.0
100
AcDbArc
 50
64.75
 51
65.25
  0
LINE
  5
2BB
330
1F
100
AcDbEntity
  8
0
  6
Continuous
 62
     7
370
    25
100
AcDbLine
 10
93.3611214708
 20
202.515927763
 30
0.0
 11
89.1745240955
 21
193.4344960247
 31
0.0
  0
ARC
  5
2BC
330
1F
100
AcDbEntity
  8
0
  6
Continuous
 62
     7
370
    25
100
AcDbCircle
 10
0.0
 20
0.0
 30
0.0
 40
223.0000000000001
100
AcDbArc
 50
64.75
 51
65.25
  0
LINE
  5
2BD
330
1F
100
AcDbEntity
  8
0
  6
Continuous
 62
     7
370
    25
100
AcDbLine
 10
90.859141599
 20
192.6489459818
 30
0.0
 11
95.124828998
 21
201.6934974363
 31
0.0
  0
ARC
  5
2BE
330
1F
100
AcDbEntity
  8
0
  6
Continuous
 62
     7
370
    25
100
AcDbCircle
 10
0.0
 20
0.0
 30
0.0
 40
213.0
100
AcDbArc
 50
61.75
 51
62.25
  0
LINE
  5
2BF
330
1F
100
AcDbEntity
  8
0
  6
Continuous
 62
     7
370
    25
100
AcDbLine
 10
103.8320380325
 20
197.3522431543
 30
0.0
 11
99.1758928292
 21
188.5023667796
 31
0.0
  0
ARC
  5
2C0
330
1F
100
AcDbEntity
  8
0
  6
Continuous
 62
     7
370
    25
100
AcDbCircle
 10
0.0
 20
0.0
 30
0.0
 40
223.0000000000001
100
AcDbArc
 50
61.75
 51
62.25
  0
LINE
  5
2C1
330
1F
100
AcDbEntity
  8
0
  6
Continuous
 62
     7
370
    25
100
AcDbLine
 10
100.8170891104
 20
187.6297272377
 30
0.0
 11
105.5502857822
 21
196.4386346198
 31
0.0
  0
ARC
  5
2C2
330
1F
100
AcDbEntity
  8
0
  6
Continuous
 62
     7
370
    25
100
AcDbCircle
 10
0.0
 20
0.0
 30
0.0
 40
213.0
100
AcDbArc
 50
62.75
 51
63.25
  0
LINE
  5
2C3
330
1F
100
AcDbEntity
  8
0
  6
Continuous
 62
     7
370
    25
100
AcDbLine
 10
100.3719523513
 20
199.1343043807
 30
0.0
 11
95.870967941
 21
190.2045149466
 31
0.0
  0
ARC
  5
2C4
330
1F
100
AcDbEntity
  8
0
  6
Continuous
 62
     7
370
    25
100
AcDbCircle
 10
0.0
 20
0.0
 30
0.0
 40
223.0
100
AcDbArc
 50
62.75
 51
63.25
  0
LINE
  5
2C5
330
1F
100
AcDbEntity
  8
0
  6
Continuous
 62
     7
370
    25
100
AcDbLine
 10
97.5271439199
 20
189.3606511365
 30
0.0
 11
102.1058830711
 21
198.2508225513
 31
0.0
  0
ARC
  5
2C6
330
1F
100
AcDbEntity
  8
0
  6
Continuous
 62
     7
370
    25
100
AcDbCircle
 10
0.0
 20
0.0
 30
0.0
 40
213.0
100
AcDbArc
 50
51.75
 51
52.25
  0
LINE
  5
2C7
330
1F
100
AcDbEntity
  8
0
  6
Continuous
 62
     7
370
    25
100
AcDbLine
 10
136.5244534477
 20
176.3237749449
 30
0.0
 11
130.4022806473
 21
168.4168792074
 31
0.0
  0
ARC
  5
2C8
330
1F
100
AcDbEntity
  8
0
  6
Continuous
 62
     7
370
    25
100
AcDbCircle
 10
0.0
 20
0.0
 30
0.0
 40
223.0
100
AcDbArc
 50
51.75
 51
52.25
  0
LINE
  5
2C9
330
1F
100
AcDbEntity
  8
0
  6
Continuous
 62
     7
370
    25
100
AcDbLine
 10
131.867011203
 20
167.2725062776
 30
0.0
 11
138.0579506961
 21
175.1256755864
 31
0.0
  0
ARC
  5
2CA
330
1F
100
AcDbEntity
  8
0
  6
Continuous
 62
     7
370
    25
100
AcDbCircle
 10
0.0
 20
0.0
 30
0.0
 40
213.0
100
AcDbArc
 50
52.75
 51
53.25
  0
LINE
  5
2CB
330
1F
100
AcDbEntity
  8
0
  6
Continuous
 62
     7
370
    25
100
AcDbLine
 10
133.4263859273
 20
178.6796002301
 30
0.0
 11
127.4431399215
 21
170.6670621032
 31
0.0
  0
ARC
  5
2CC
330
1F
100
AcDbEntity
  8
0
  6
Continuous
 62
     7
370
    25
100
AcDbCircle
 10
0.0
 20
0.0
 30
0.0
 40
223.0
100
AcDbArc
 50
52.75
 51
53.25
  0
LINE
  5
2CD
330
1F
100
AcDbEntity
  8
0
  6
Continuous
 62
     7
370
    25
100
AcDbLine
 10
128.9276194531
 20
169.5484265399
 30
0.0
 11
134.9805593336
 21
177.5084465652
 31
0.0
  0
ARC
  5
2CE
330
1F
100
AcDbEntity
  8
0
  6
Continuous
 62
     7
370
    25
100
AcDbCircle
 10
0.0
 20
0.0
 30
0.0
 40
213.0
100
AcDbArc
 50
49.75
 51
50.25
  0
LINE
  5
2CF
330
1F
100
AcDbEntity
  8
0
  6
Continuous
 62
     7
370
    25
100
AcDbLine
 10
142.5948974417
 20
171.4517285524
 30
0.0
 11
136.2005074219
 21
163.7633102316
 31
0.0
  0
ARC
  5
2D0
330
1F
100
AcDbEntity
  8
0
  6
Continuous
 62
     7
370
    25
100
AcDbCircle
 10
0.0
 20
0.0
 30
0.0
 40
223.0
100
AcDbArc
 50
49.75
 51
50.25
  0
LINE
  5
2D1
330
1F
100
AcDbEntity
  8
0
  6
Continuous
 62
     7
370
    25
100
AcDbLine
 10
137.624407664
 20
162.5685160637
 30
0.0
 11
144.0856474604
 21
170.2008407615
 31
0.0
  0
ARC
  5
2D2
330
1F
100
AcDbEntity
  8
0
  6
Continuous
 62
     7
370
    25
100
AcDbCircle
 10
0.0
 20
0.0
 30
0.0
 40
213.0
100
AcDbArc
 50
50.75
 51
51.25
  0
LINE
  5
2D3
330
1F
100
AcDbEntity
  8
0
  6
Continuous
 62
     7
370
    25
100
AcDbLine
 10
139.580934297
 20
173.9142397297
 30
0.0
 11
133.3216995752
 21
166.1153948988
 31
0.0
  0
ARC
  5
2D4
330
1F
100
AcDbEntity
  8
0
  6
Continuous
 62
     7
370
    25
100
AcDbCircle
 10
0.0
 20
0.0
 30
0.0
 40
223.0
100
AcDbArc
 50
50.75
 51
51.25
  0
LINE
  5
2D5
330
1F
100
AcDbEntity
  8
0
  6
Continuous
 62
     7
370
    25
100
AcDbLine
 10
134.7662349838
 20
164.9456331895
 30
0.0
 11
141.0932882694
 21
172.6895596303
 31
0.0
  0
ARC
  5
2D6
330
1F
100
AcDbEntity
  8
0
  6
Continuous
 62
     7
370
    25
100
AcDbCircle
 10
0.0
 20
0.0
 30
0.0
 40
213.0
100
AcDbArc
 50
55.75
 51
56.25
  0
LINE
  5
2D7
330
1F
100
AcDbEntity
  8
0
  6
Continuous
 62
     7
370
    25
100
AcDbLine
 10
123.8921619634
 20
185.4177235435
 30
0.0
 11
118.3364596332
 21
177.1030274204
 31
0.0
  0
ARC
  5
2D8
330
1F
100
AcDbEntity
  8
0
  6
Continuous
 62
     7
370
    25
100
AcDbCircle
 10
0.0
 20
0.0
 30
0.0
 40
223.0
100
AcDbArc
 50
55.75
 51
56.25
  0
LINE
  5
2D9
330
1F
100
AcDbEntity
  8
0
  6
Continuous
 62
     7
370
    25
100
AcDbLine
 10
119.877449599
 20
176.0636165641
 30
0.0
 11
125.505498876
 21
184.3295140554
 31
0.0
  0
ARC
  5
2DA
330
1F
100
AcDbEntity
  8
0
  6
Continuous
 62
     7
370
    25
100
AcDbCircle
 10
0.0
 20
0.0
 30
0.0
 40
213.0
100
AcDbArc
 50
56.75
 51
57.25
  0
LINE
  5
2DB
330
1F
100
AcDbEntity
  8
0
  6
Continuous
 62
     7
370
    25
100
AcDbLine
 10
120.6373071151
 20
187.5516998911
 30
0.0
 11
115.2275624014
 21
179.1413097614
 31
0.0
  0
ARC
  5
2DC
330
1F
100
AcDbEntity
  8
0
  6
Continuous
 62
     7
370
    25
100
AcDbCircle
 10
0.0
 20
0.0
 30
0.0
 40
223.0
100
AcDbArc
 50
56.75
 51
57.25
  0
LINE
  5
2DD
330
1F
100
AcDbEntity
  8
0
  6
Continuous
 62
     7
370
    25
100
AcDbLine
 10
116.7864578877
 20
178.1289511956
 30
0.0
 11
122.2693901829
 21
186.4918127541
 31
0.0
  0
ARC
  5
2DE
330
1F
100
AcDbEntity
  8
0
  6
Continuous
 62
     7
370
    25
100
AcDbCircle
 10
0.0
 20
0.0
 30
0.0
 40
213.0
100
AcDbArc
 50
53.75
 51
54.25
  0
LINE
  5
2DF
330
1F
100
AcDbEntity
  8
0
  6
Continuous
 62
     7
370
    25
100
AcDbLine
 10
130.2876754371
 20
180.9809979782
 30
0.0
 11
124.4451787808
 21
172.8652581585
 31
0.0
  0
ARC
  5
2E0
330
1F
100
AcDbEntity
  8
0
  6
Continuous
 62
     7
370
    25
100
AcDbCircle
 10
0.0
 20
0.0
 30
0.0
 40
223.0
100
AcDbArc
 50
53.75
 51
54.25
  0
LINE
  5
2E1
330
1F
100
AcDbEntity
  8
0
  6
Continuous
 62
     7
370
    25
100
AcDbLine
 10
125.9489551014
 20
171.772700709
 30
0.0
 11
131.8620515851
 21
179.8371467516
 31
0.0
  0
ARC
  5
2E2
330
1F
100
AcDbEntity
  8
0
  6
Continuous
 62
     7
370
    25
100
AcDbCircle
 10
0.0
 20
0.0
 30
0.0
 40
213.0
100
AcDbArc
 50
54.75
 51
55.25
  0
LINE
  5
2E3
330
1F
100
AcDbEntity
  8
0
  6
Continuous
 62
     7
370
    25
100
AcDbLine
 10
127.109278059
 20
183.2272671611
 30
0.0
 11
121.409310433
 21
175.0107977817
 31
0.0
  0
ARC
  5
2E4
330
1F
100
AcDbEntity
  8
0
  6
Continuous
 62
     7
370
    25
100
AcDbCircle
 10
0.0
 20
0.0
 30
0.0
 40
223.0
100
AcDbArc
 50
54.75
 51
55.25
  0
LINE
  5
2E5
330
1F
100
AcDbEntity
  8
0
  6
Continuous
 62
     7
370
    25
100
AcDbLine
 10
122.9319254779
 20
173.9446512494
 30
0.0
 11
128.7033773783
 21
182.1110668011
 31
0.0
  0
ARC
  5
2E6
330
1F
100
AcDbEntity
  8
0
  6
Continuous
 62
     7
370
    25
100
AcDbCircle
 10
0.0
 20
0.0
 30
0.0
 40
213.0
100
AcDbArc
 50
1.75
 51
2.25
  0
LINE
  5
2E7
330
1F
100
AcDbEntity
  8
0
  6
Continuous
 62
     7
370
    25
100
AcDbLine
 10
222.8280750817
 20
8.7549389143
 30
0.0
 11
212.8357847193
 21
8.3623407567
 31
0.0
  0
ARC
  5
2E8
330
1F
100
AcDbEntity
  8
0
  6
Continuous
 62
     7
370
    25
100
AcDbCircle
 10
0.0
 20
0.0
 30
0.0
 40
223.0
100
AcDbArc
 50
1.75
 51
2.25
  0
LINE
  5
2E9
330
1F
100
AcDbEntity
  8
0
  6
Continuous
 62
     7
370
    25
100
AcDbLine
 10
212.9006548482
 20
6.5047033137
 30
0.0
 11
222.8959907566
 21
6.8100884458
 31
0.0
  0
ARC
  5
2EA
330
1F
100
AcDbEntity
  8
0
  6
Continuous
 62
     7
370
    25
100
AcDbCircle
 10
0.0
 20
0.0
 30
0.0
 40
213.0000000000001
100
AcDbArc
 50
2.75
 51
3.25
  0
LINE
  5
2EB
330
1F
100
AcDbEntity
  8
0
  6
Continuous
 62
     7
370
    25
100
AcDbLine
 10
222.6413425343
 20
12.6424916266
 30
0.0
 11
212.6574258287
 21
12.075563751
 31
0.0
  0
ARC
  5
2EC
330
1F
100
AcDbEntity
  8
0
  6
Continuous
 62
     7
370
    25
100
AcDbCircle
 10
0.0
 20
0.0
 30
0.0
 40
223.0000000000001
100
AcDbArc
 50
2.75
 51
3.25
  0
LINE
  5
2ED
330
1F
100
AcDbEntity
  8
0
  6
Continuous
 62
     7
370
    25
100
AcDbLine
 10
212.7547063213
 20
10.219341375
 30
0.0
 11
222.7431901861
 21
10.6991226603
 31
0.0
  0
ARC
  5
2EE
330
1F
100
AcDbEntity
  8
0
  6
Continuous
 62
     7
370
    25
100
AcDbCircle
 10
0.0
 20
0.0
 30
0.0
 40
213.0000000000001
100
AcDbArc
 50
3.75
 51
4.25
  0
LINE
  5
2EF
330
1F
100
AcDbEntity
  8
0
  6
Continuous
 62
     7
370
    25
100
AcDbLine
 10
222.3867912772
 20
16.5261933136
 30
0.0
 11
212.4142894262
 21
15.7851084116
 31
0.0
  0
ARC
  5
2F0
330
1F
100
AcDbEntity
  8
0
  6
Continuous
 62
     7
370
    25
100
AcDbCircle
 10
0.0
 20
0.0
 30
0.0
 40
223.0000000000001
100
AcDbArc
 50
3.75
 51
4.25
  0
LINE
  5
2F1
330
1F
100
AcDbEntity
  8
0
  6
Continuous
 62
     7
370
    25
100
AcDbLine
 10
212.5439506498
 20
13.930866526
 30
0.0
 11
222.5225398822
 21
14.5848978183
 31
0.0
  0
ARC
  5
2F2
330
1F
100
AcDbEntity
  8
0
  6
Continuous
 62
     7
370
    25
100
AcDbCircle
 10
0.0
 20
0.0
 30
0.0
 40
213.0
100
AcDbArc
 50
4.75
 51
5.25
  0
LINE
  5
2F3
330
1F
100
AcDbEntity
  8
0
  6
Continuous
 62
     7
370
    25
100
AcDbLine
 10
222.0644988491
 20
20.4048609619
 30
0.0
 11
212.1064495734
 21
19.4898447753
 31
0.0
  0
ARC
  5
2F4
330
1F
100
AcDbEntity
  8
0
  6
Continuous
 62
     7
370
    25
100
AcDbCircle
 10
0.0
 20
0.0
 30
0.0
 40
223.0
100
AcDbArc
 50
4.75
 51
5.25
  0
LINE
  5
2F5
330
1F
100
AcDbEntity
  8
0
  6
Continuous
 62
     7
370
    25
100
AcDbLine
 10
212.268452032
 20
17.6381482001
 30
0.0
 11
222.234107057
 21
18.4662302752
 31
0.0
  0
ARC
  5
2F6
330
1F
100
AcDbEntity
  8
0
  6
Continuous
 62
     7
370
    25
100
AcDbCircle
 10
0.0
 20
0.0
 30
0.0
 40
213.0
100
AcDbArc
 50
5.75
 51
6.25
  0
LINE
  5
2F7
330
1F
100
AcDbEntity
  8
0
  6
Continuous
 62
     7
370
    25
100
AcDbLine
 10
221.6745634236
 20
24.277313092
 30
0.0
 11
211.7340000414
 21
23.1886443435
 31
0.0
  0
ARC
  5
2F8
330
1F
100
AcDbEntity
  8
0
  6
Continuous
 62
     7
370
    25
100
AcDbCircle
 10
0.0
 20
0.0
 30
0.0
 40
223.0
100
AcDbArc
 50
5.75
 51
6.25
  0
LINE
  5
2F9
330
1F
100
AcDbEntity
  8
0
  6
Continuous
 62
     7
370
    25
100
AcDbLine
 10
211.9282943874
 20
21.3400571234
 30
0.0
 11
221.87797957
 21
22.3419377395
 31
0.0
  0
ARC
  5
2FA
330
1F
100
AcDbEntity
  8
0
  6
Continuous
 62
     7
370
    25
100
AcDbCircle
 10
0.0
 20
0.0
 30
0.0
 40
213.0
100
AcDbArc
 50
6.75
 51
7.25
  0
LINE
  5
2FB
330
1F
100
AcDbEntity
  8
0
  6
Continuous
 62
     7
370
    25
100
AcDbLine
 10
221.2171037786
 20
28.1423701173
 30
0.0
 11
211.2970542818
 21
26.8803804259
 31
0.0
  0
ARC
  5
2FC
330
1F
100
AcDbEntity
  8
0
  6
Continuous
 62
     7
370
    25
100
AcDbCircle
 10
0.0
 20
0.0
 30
0.0
 40
223.0
100
AcDbArc
 50
6.75
 51
7.25
  0
LINE
  5
2FD
330
1F
100
AcDbEntity
  8
0
  6
Continuous
 62
     7
370
    25
100
AcDbLine
 10
211.5235813314
 20
25.0354656585
 30
0.0
 11
221.4542659009
 21
26.2108396331
 31
0.0
  0
ARC
  5
2FE
330
1F
100
AcDbEntity
  8
0
  6
Continuous
 62
     7
370
    25
100
AcDbCircle
 10
0.0
 20
0.0
 30
0.0
 40
213.0
100
AcDbArc
 50
7.75
 51
8.25
  0
LINE
  5
2FF
330
1F
100
AcDbEntity
  8
0
  6
Continuous
 62
     7
370
    25
100
AcDbLine
 10
220.6922592608
 20
31.998854704
 30
0.0
 11
210.7957453926
 21
30.5639284841
 31
0.0
  0
ARC
  5
300
330
1F
100
AcDbEntity
  8
0
  6
Continuous
 62
     7
370
    25
100
AcDbCircle
 10
0.0
 20
0.0
 30
0.0
 40
223.0
100
AcDbArc
 50
7.75
 51
8.25
  0
LINE
  5
301
330
1F
100
AcDbEntity
  8
0
  6
Continuous
 62
     7
370
    25
100
AcDbLine
 10
211.0544361434
 20
28.7232481483
 30
0.0
 11
220.9630951173
 21
30.071757451
 31
0.0
  0
ARC
  5
302
330
1F
100
AcDbEntity
  8
0
  6
Continuous
 62
     7
370
    25
100
AcDbCircle
 10
0.0
 20
0.0
 30
0.0
 40
213.0000000000001
100
AcDbArc
 50
8.75
 51
9.25
  0
LINE
  5
303
330
1F
100
AcDbEntity
  8
0
  6
Continuous
 62
     7
370
    25
100
AcDbLine
 10
220.1001897429
 20
35.8455921297
 30
0.0
 11
210.2302260773
 21
34.2381664736
 31
0.0
  0
ARC
  5
304
330
1F
100
AcDbEntity
  8
0
  6
Continuous
 62
     7
370
    25
100
AcDbCircle
 10
0.0
 20
0.0
 30
0.0
 40
223.0000000000001
100
AcDbArc
 50
8.75
 51
9.25
  0
LINE
  5
305
330
1F
100
AcDbEntity
  8
0
  6
Continuous
 62
     7
370
    25
100
AcDbLine
 10
210.5210017296
 20
32.4022812585
 30
0.0
 11
220.4046168343
 21
33.9235151204
 31
0.0
  0
ARC
  5
306
330
1F
100
AcDbEntity
  8
0
  6
Continuous
 62
     7
370
    25
100
AcDbCircle
 10
0.0
 20
0.0
 30
0.0
 40
213.0
100
AcDbArc
 50
14.75
 51
15.25
  0
LINE
  5
307
330
1F
100
AcDbEntity
  8
0
  6
Continuous
 62
     7
370
    25
100
AcDbLine
 10
215.1475732138
 20
58.6559608241
 30
0.0
 11
205.4996999755
 21
56.0256486795
 31
0.0
  0
ARC
  5
308
330
1F
100
AcDbEntity
  8
0
  6
Continuous
 62
     7
370
    25
100
AcDbCircle
 10
0.0
 20
0.0
 30
0.0
 40
223.0
100
AcDbArc
 50
14.75
 51
15.25
  0
LINE
  5
309
330
1F
100
AcDbEntity
  8
0
  6
Continuous
 62
     7
370
    25
100
AcDbLine
 10
205.9807849887
 20
54.2302149678
 30
0.0
 11
215.6512443778
 21
56.7762344498
 31
0.0
  0
ARC
  5
30A
330
1F
100
AcDbEntity
  8
0
  6
Continuous
 62
     7
370
    25
100
AcDbCircle
 10
0.0
 20
0.0
 30
0.0
 40
213.0
100
AcDbArc
 50
13.75
 51
14.25
  0
LINE
  5
30B
330
1F
100
AcDbEntity
  8
0
  6
Continuous
 62
     7
370
    25
100
AcDbLine
 10
216.1384928646
 20
54.8921843455
 30
0.0
 11
206.4461837675
 21
52.4306514152
 31
0.0
  0
ARC
  5
30C
330
1F
100
AcDbEntity
  8
0
  6
Continuous
 62
     7
370
    25
100
AcDbCircle
 10
0.0
 20
0.0
 30
0.0
 40
223.0
100
AcDbArc
 50
13.75
 51
14.25
  0
LINE
  5
30D
330
1F
100
AcDbEntity
  8
0
  6
Continuous
 62
     7
370
    25
100
AcDbLine
 10
206.8958608702
 20
50.6270950655
 30
0.0
 11
216.6092815684
 21
53.0039539887
 31
0.0
  0
ARC
  5
30E
330
1F
100
AcDbEntity
  8
0
  6
Continuous
 62
     7
370
    25
100
AcDbCircle
 10
0.0
 20
0.0
 30
0.0
 40
213.0
100
AcDbArc
 50
16.75
 51
17.25
  0
LINE
  5
30F
330
1F
100
AcDbEntity
  8
0
  6
Continuous
 62
     7
370
    25
100
AcDbLine
 10
212.969447614
 20
66.1287712196
 30
0.0
 11
203.4192481694
 21
63.1633554698
 31
0.0
  0
ARC
  5
310
330
1F
100
AcDbEntity
  8
0
  6
Continuous
 62
     7
370
    25
100
AcDbCircle
 10
0.0
 20
0.0
 30
0.0
 40
223.0
100
AcDbArc
 50
16.75
 51
17.25
  0
LINE
  5
311
330
1F
100
AcDbEntity
  8
0
  6
Continuous
 62
     7
370
    25
100
AcDbLine
 10
203.9626998514
 20
61.3858051126
 30
0.0
 11
213.5384134595
 21
64.2677677939
 31
0.0
  0
ARC
  5
312
330
1F
100
AcDbEntity
  8
0
  6
Continuous
 62
     7
370
    25
100
AcDbCircle
 10
0.0
 20
0.0
 30
0.0
 40
213.0000000000001
100
AcDbArc
 50
15.75
 51
16.25
  0
LINE
  5
313
330
1F
100
AcDbEntity
  8
0
  6
Continuous
 62
     7
370
    25
100
AcDbLine
 10
214.0911175281
 20
62.4018701289
 30
0.0
 11
204.4906189842
 21
59.6035799886
 31
0.0
  0
ARC
  5
314
330
1F
100
AcDbEntity
  8
0
  6
Continuous
 62
     7
370
    25
100
AcDbCircle
 10
0.0
 20
0.0
 30
0.0
 40
223.0000000000001
100
AcDbArc
 50
15.75
 51
16.25
  0
LINE
  5
315
330
1F
100
AcDbEntity
  8
0
  6
Continuous
 62
     7
370
    25
100
AcDbLine
 10
205.0029653646
 20
57.8168158213
 30
0.0
 11
214.6275177292
 21
60.5312203199
 31
0.0
  0
ARC
  5
316
330
1F
100
AcDbEntity
  8
0
  6
Continuous
 62
     7
370
    25
100
AcDbCircle
 10
0.0
 20
0.0
 30
0.0
 40
213.0000000000001
100
AcDbArc
 50
9.75
 51
10.25
  0
LINE
  5
317
330
1F
100
AcDbEntity
  8
0
  6
Continuous
 62
     7
370
    25
100
AcDbLine
 10
219.4410755751
 20
39.6814106407
 30
0.0
 11
209.6006685987
 21
37.9019751859
 31
0.0
  0
ARC
  5
318
330
1F
100
AcDbEntity
  8
0
  6
Continuous
 62
     7
370
    25
100
AcDbCircle
 10
0.0
 20
0.0
 30
0.0
 40
223.0
100
AcDbArc
 50
9.75
 51
10.25
  0
LINE
  5
319
330
1F
100
AcDbEntity
  8
0
  6
Continuous
 62
     7
370
    25
100
AcDbLine
 10
209.9234405794
 20
36.0714443198
 30
0.0
 11
219.77900117
 21
37.7649393583
 31
0.0
  0
ARC
  5
31A
330
1F
100
AcDbEntity
  8
0
  6
Continuous
 62
     7
370
    25
100
AcDbCircle
 10
0.0
 20
0.0
 30
0.0
 40
213.0
100
AcDbArc
 50
10.75
 51
11.25
  0
LINE
  5
31B
330
1F
100
AcDbEntity
  8
0
  6
Continuous
 62
     7
370
    25
100
AcDbLine
 10
218.7151175299
 20
43.5051418096
 30
0.0
 11
208.9072647259
 21
41.5542385894
 31
0.0
  0
ARC
  5
31C
330
1F
100
AcDbEntity
  8
0
  6
Continuous
 62
     7
370
    25
100
AcDbCircle
 10
0.0
 20
0.0
 30
0.0
 40
223.0
100
AcDbArc
 50
10.75
 51
11.25
  0
LINE
  5
31D
330
1F
100
AcDbEntity
  8
0
  6
Continuous
 62
     7
370
    25
100
AcDbLine
 10
209.2619347155
 20
39.7296196699
 30
0.0
 11
219.0864386928
 21
41.5948600299
 31
0.0
  0
ARC
  5
31E
330
1F
100
AcDbEntity
  8
0
  6
Continuous
 62
     7
370
    25
100
AcDbCircle
 10
0.0
 20
0.0
 30
0.0
 40
213.0
100
AcDbArc
 50
12.75
 51
13.25
  0
LINE
  5
31F
330
1F
100
AcDbEntity
  8
0
  6
Continuous
 62
     7
370
    25
100
AcDbLine
 10
217.0635746367
 20
51.1116871757
 30
0.0
 11
207.3297820521
 21
48.8196832665
 31
0.0
  0
ARC
  5
320
330
1F
100
AcDbEntity
  8
0
  6
Continuous
 62
     7
370
    25
100
AcDbCircle
 10
0.0
 20
0.0
 30
0.0
 40
223.0000000000001
100
AcDbArc
 50
12.75
 51
13.25
  0
LINE
  5
321
330
1F
100
AcDbEntity
  8
0
  6
Continuous
 62
     7
370
    25
100
AcDbLine
 10
207.7479142683
 20
47.0085536596
 30
0.0
 11
217.5013374734
 21
49.2155280098
 31
0.0
  0
ARC
  5
322
330
1F
100
AcDbEntity
  8
0
  6
Continuous
 62
     7
370
    25
100
AcDbCircle
 10
0.0
 20
0.0
 30
0.0
 40
213.0000000000001
100
AcDbArc
 50
11.75
 51
12.25
  0
LINE
  5
323
330
1F
100
AcDbEntity
  8
0
  6
Continuous
 62
     7
370
    25
100
AcDbLine
 10
217.9225367412
 20
47.3156208909
 30
0.0
 11
208.1502256766
 21
45.1938441693
 31
0.0
  0
ARC
  5
324
330
1F
100
AcDbEntity
  8
0
  6
Continuous
 62
     7
370
    25
100
AcDbCircle
 10
0.0
 20
0.0
 30
0.0
 40
223.0
100
AcDbArc
 50
11.75
 51
12.25
  0
LINE
  5
325
330
1F
100
AcDbEntity
  8
0
  6
Continuous
 62
     7
370
    25
100
AcDbLine
 10
208.5366856392
 20
43.3756929929
 30
0.0
 11
218.3271403641
 21
45.4121105043
 31
0.0
  0
ARC
  5
326
330
1F
100
AcDbEntity
  8
0
  6
Continuous
 62
     7
370
    25
100
AcDbCircle
 10
0.0
 20
0.0
 30
0.0
 40
213.0
100
AcDbArc
 50
27.75
 51
28.25
  0
LINE
  5
327
330
1F
100
AcDbEntity
  8
0
  6
Continuous
 62
     7
370
    25
100
AcDbLine
 10
196.4386346198
 20
105.5502857822
 30
0.0
 11
187.6297272377
 21
100.8170891104
 31
0.0
  0
ARC
  5
328
330
1F
100
AcDbEntity
  8
0
  6
Continuous
 62
     7
370
    25
100
AcDbCircle
 10
0.0
 20
0.0
 30
0.0
 40
223.0
100
AcDbArc
 50
27.75
 51
28.25
  0
LINE
  5
329
330
1F
100
AcDbEntity
  8
0
  6
Continuous
 62
     7
370
    25
100
AcDbLine
 10
188.5023667796
 20
99.1758928292
 30
0.0
 11
197.3522431543
 21
103.8320380325
 31
0.0
  0
ARC
  5
32A
330
1F
100
AcDbEntity
  8
0
  6
Continuous
 62
     7
370
    25
100
AcDbCircle
 10
0.0
 20
0.0
 30
0.0
 40
213.0
100
AcDbArc
 50
28.75
 51
29.25
  0
LINE
  5
32B
330
1F
100
AcDbEntity
  8
0
  6
Continuous
 62
     7
370
    25
100
AcDbLine
 10
194.5666095772
 20
108.9625368538
 30
0.0
 11
185.8416495065
 21
104.0763244389
 31
0.0
  0
ARC
  5
32C
330
1F
100
AcDbEntity
  8
0
  6
Continuous
 62
     7
370
    25
100
AcDbCircle
 10
0.0
 20
0.0
 30
0.0
 40
223.0
100
AcDbArc
 50
28.75
 51
29.25
  0
LINE
  5
32D
330
1F
100
AcDbEntity
  8
0
  6
Continuous
 62
     7
370
    25
100
AcDbLine
 10
186.7427989657
 20
102.4506077798
 30
0.0
 11
195.5100665228
 21
107.260495469
 31
0.0
  0
ARC
  5
32E
330
1F
100
AcDbEntity
  8
0
  6
Continuous
 62
     7
370
    25
100
AcDbCircle
 10
0.0
 20
0.0
 30
0.0
 40
213.0
100
AcDbArc
 50
25.75
 51
26.25
  0
LINE
  5
32F
330
1F
100
AcDbEntity
  8
0
  6
Continuous
 62
     7
370
    25
100
AcDbLine
 10
200.0026213618
 20
98.6303779188
 30
0.0
 11
191.0338939465
 21
94.2074910166
 31
0.0
  0
ARC
  5
330
330
1F
100
AcDbEntity
  8
0
  6
Continuous
 62
     7
370
    25
100
AcDbCircle
 10
0.0
 20
0.0
 30
0.0
 40
223.0000000000001
100
AcDbArc
 50
25.75
 51
26.25
  0
LINE
  5
331
330
1F
100
AcDbEntity
  8
0
  6
Continuous
 62
     7
370
    25
100
AcDbLine
 10
191.8487249757
 20
92.5368398271
 30
0.0
 11
200.8557073689
 21
96.8812924012
 31
0.0
  0
ARC
  5
332
330
1F
100
AcDbEntity
  8
0
  6
Continuous
 62
     7
370
    25
100
AcDbCircle
 10
0.0
 20
0.0
 30
0.0
 40
213.0
100
AcDbArc
 50
26.75
 51
27.25
  0
LINE
  5
333
330
1F
100
AcDbEntity
  8
0
  6
Continuous
 62
     7
370
    25
100
AcDbLine
 10
198.2508225513
 20
102.1058830711
 30
0.0
 11
189.3606511365
 21
97.5271439199
 31
0.0
  0
ARC
  5
334
330
1F
100
AcDbEntity
  8
0
  6
Continuous
 62
     7
370
    25
100
AcDbCircle
 10
0.0
 20
0.0
 30
0.0
 40
223.0
100
AcDbArc
 50
26.75
 51
27.25
  0
LINE
  5
335
330
1F
100
AcDbEntity
  8
0
  6
Continuous
 62
     7
370
    25
100
AcDbLine
 10
190.2045149466
 20
95.870967941
 30
0.0
 11
199.1343043807
 21
100.3719523513
 31
0.0
  0
ARC
  5
336
330
1F
100
AcDbEntity
  8
0
  6
Continuous
 62
     7
370
    25
100
AcDbCircle
 10
0.0
 20
0.0
 30
0.0
 40
213.0
100
AcDbArc
 50
31.75
 51
32.25
  0
LINE
  5
337
330
1F
100
AcDbEntity
  8
0
  6
Continuous
 62
     7
370
    25
100
AcDbLine
 10
188.59730424
 20
118.9960370492
 30
0.0
 11
180.1400260229
 21
113.65989189
 31
0.0
  0
ARC
  5
338
330
1F
100
AcDbEntity
  8
0
  6
Continuous
 62
     7
370
    25
100
AcDbCircle
 10
0.0
 20
0.0
 30
0.0
 40
223.0000000000001
100
AcDbArc
 50
31.75
 51
32.25
  0
LINE
  5
339
330
1F
100
AcDbEntity
  8
0
  6
Continuous
 62
     7
370
    25
100
AcDbLine
 10
181.1250239241
 20
112.0835657378
 30
0.0
 11
189.628546174
 21
117.3457049744
 31
0.0
  0
ARC
  5
33A
330
1F
100
AcDbEntity
  8
0
  6
Continuous
 62
     7
370
    25
100
AcDbCircle
 10
0.0
 20
0.0
 30
0.0
 40
213.0
100
AcDbArc
 50
32.75
 51
33.25
  0
LINE
  5
33B
330
1F
100
AcDbEntity
  8
0
  6
Continuous
 62
     7
370
    25
100
AcDbLine
 10
186.4918127541
 20
122.2693901829
 30
0.0
 11
178.1289511956
 21
116.7864578877
 31
0.0
  0
ARC
  5
33C
330
1F
100
AcDbEntity
  8
0
  6
Continuous
 62
     7
370
    25
100
AcDbCircle
 10
0.0
 20
0.0
 30
0.0
 40
223.0
100
AcDbArc
 50
32.75
 51
33.25
  0
LINE
  5
33D
330
1F
100
AcDbEntity
  8
0
  6
Continuous
 62
     7
370
    25
100
AcDbLine
 10
179.1413097614
 20
115.2275624014
 30
0.0
 11
187.5516998911
 21
120.6373071151
 31
0.0
  0
ARC
  5
33E
330
1F
100
AcDbEntity
  8
0
  6
Continuous
 62
     7
370
    25
100
AcDbCircle
 10
0.0
 20
0.0
 30
0.0
 40
213.0
100
AcDbArc
 50
29.75
 51
30.25
  0
LINE
  5
33F
330
1F
100
AcDbEntity
  8
0
  6
Continuous
 62
     7
370
    25
100
AcDbLine
 10
192.6353176606
 20
112.3415968812
 30
0.0
 11
183.9969626085
 21
107.3038571107
 31
0.0
  0
ARC
  5
340
330
1F
100
AcDbEntity
  8
0
  6
Continuous
 62
     7
370
    25
100
AcDbCircle
 10
0.0
 20
0.0
 30
0.0
 40
223.0
100
AcDbArc
 50
29.75
 51
30.25
  0
LINE
  5
341
330
1F
100
AcDbEntity
  8
0
  6
Continuous
 62
     7
370
    25
100
AcDbLine
 10
184.9263474862
 20
105.6941152828
 30
0.0
 11
193.6083356311
 21
110.6562803196
 31
0.0
  0
ARC
  5
342
330
1F
100
AcDbEntity
  8
0
  6
Continuous
 62
     7
370
    25
100
AcDbCircle
 10
0.0
 20
0.0
 30
0.0
 40
213.0
100
AcDbArc
 50
30.75
 51
31.25
  0
LINE
  5
343
330
1F
100
AcDbEntity
  8
0
  6
Continuous
 62
     7
370
    25
100
AcDbLine
 10
190.6453471601
 20
115.6864365698
 30
0.0
 11
182.0962284533
 21
110.4987039882
 31
0.0
  0
ARC
  5
344
330
1F
100
AcDbEntity
  8
0
  6
Continuous
 62
     7
370
    25
100
AcDbCircle
 10
0.0
 20
0.0
 30
0.0
 40
223.0
100
AcDbArc
 50
30.75
 51
31.25
  0
LINE
  5
345
330
1F
100
AcDbEntity
  8
0
  6
Continuous
 62
     7
370
    25
100
AcDbLine
 10
183.0535656498
 20
108.9054273344
 30
0.0
 11
191.6476297648
 21
114.0183581952
 31
0.0
  0
ARC
  5
346
330
1F
100
AcDbEntity
  8
0
  6
Continuous
 62
     7
370
    25
100
AcDbCircle
 10
0.0
 20
0.0
 30
0.0
 40
213.0
100
AcDbArc
 50
19.75
 51
20.25
  0
LINE
  5
347
330
1F
100
AcDbEntity
  8
0
  6
Continuous
 62
     7
370
    25
100
AcDbLine
 10
209.2166679107
 20
77.1841037283
 30
0.0
 11
199.8347545515
 21
73.7229331575
 31
0.0
  0
ARC
  5
348
330
1F
100
AcDbEntity
  8
0
  6
Continuous
 62
     7
370
    25
100
AcDbCircle
 10
0.0
 20
0.0
 30
0.0
 40
223.0
100
AcDbArc
 50
19.75
 51
20.25
  0
LINE
  5
349
330
1F
100
AcDbEntity
  8
0
  6
Continuous
 62
     7
370
    25
100
AcDbLine
 10
200.4704912496
 20
71.9762609347
 30
0.0
 11
209.8822514022
 21
75.3554281147
 31
0.0
  0
ARC
  5
34A
330
1F
100
AcDbEntity
  8
0
  6
Continuous
 62
     7
370
    25
100
AcDbCircle
 10
0.0
 20
0.0
 30
0.0
 40
213.0
100
AcDbArc
 50
20.75
 51
21.25
  0
LINE
  5
34B
330
1F
100
AcDbEntity
  8
0
  6
Continuous
 62
     7
370
    25
100
AcDbLine
 10
207.8377548501
 20
80.8236825373
 30
0.0
 11
198.5176761572
 21
77.1993021544
 31
0.0
  0
ARC
  5
34C
330
1F
100
AcDbEntity
  8
0
  6
Continuous
 62
     7
370
    25
100
AcDbCircle
 10
0.0
 20
0.0
 30
0.0
 40
223.0
100
AcDbArc
 50
20.75
 51
21.25
  0
LINE
  5
34D
330
1F
100
AcDbEntity
  8
0
  6
Continuous
 62
     7
370
    25
100
AcDbLine
 10
199.1837996631
 20
75.4639910935
 30
0.0
 11
208.53515176
 21
79.0069014735
 31
0.0
  0
ARC
  5
34E
330
1F
100
AcDbEntity
  8
0
  6
Continuous
 62
     7
370
    25
100
AcDbCircle
 10
0.0
 20
0.0
 30
0.0
 40
213.0
100
AcDbArc
 50
17.75
 51
18.25
  0
LINE
  5
34F
330
1F
100
AcDbEntity
  8
0
  6
Continuous
 62
     7
370
    25
100
AcDbLine
 10
211.782905143
 20
69.8355288459
 30
0.0
 11
202.285913881
 21
66.703890781
 31
0.0
  0
ARC
  5
350
330
1F
100
AcDbEntity
  8
0
  6
Continuous
 62
     7
370
    25
100
AcDbCircle
 10
0.0
 20
0.0
 30
0.0
 40
223.0
100
AcDbArc
 50
17.75
 51
18.25
  0
LINE
  5
351
330
1F
100
AcDbEntity
  8
0
  6
Continuous
 62
     7
370
    25
100
AcDbLine
 10
202.860305324
 20
64.936095693
 30
0.0
 11
212.3842633205
 21
67.9847386832
 31
0.0
  0
ARC
  5
352
330
1F
100
AcDbEntity
  8
0
  6
Continuous
 62
     7
370
    25
100
AcDbCircle
 10
0.0
 20
0.0
 30
0.0
 40
213.0
100
AcDbArc
 50
18.75
 51
19.25
  0
LINE
  5
353
330
1F
100
AcDbEntity
  8
0
  6
Continuous
 62
     7
370
    25
100
AcDbLine
 10
210.5318515476
 20
73.5210138936
 30
0.0
 11
201.0909613437
 21
70.224107441
 31
0.0
  0
ARC
  5
354
330
1F
100
AcDbEntity
  8
0
  6
Continuous
 62
     7
370
    25
100
AcDbCircle
 10
0.0
 20
0.0
 30
0.0
 40
223.0
100
AcDbArc
 50
18.75
 51
19.25
  0
LINE
  5
355
330
1F
100
AcDbEntity
  8
0
  6
Continuous
 62
     7
370
    25
100
AcDbLine
 10
201.6961175825
 20
68.4666061096
 30
0.0
 11
211.1654188774
 21
71.6810007626
 31
0.0
  0
ARC
  5
356
330
1F
100
AcDbEntity
  8
0
  6
Continuous
 62
     7
370
    25
100
AcDbCircle
 10
0.0
 20
0.0
 30
0.0
 40
213.0
100
AcDbArc
 50
23.75
 51
24.25
  0
LINE
  5
357
330
1F
100
AcDbEntity
  8
0
  6
Continuous
 62
     7
370
    25
100
AcDbLine
 10
203.3229357177
 20
91.5903041328
 30
0.0
 11
194.2053152819
 21
87.4831156067
 31
0.0
  0
ARC
  5
358
330
1F
100
AcDbEntity
  8
0
  6
Continuous
 62
     7
370
    25
100
AcDbCircle
 10
0.0
 20
0.0
 30
0.0
 40
223.0
100
AcDbArc
 50
23.75
 51
24.25
  0
LINE
  5
359
330
1F
100
AcDbEntity
  8
0
  6
Continuous
 62
     7
370
    25
100
AcDbLine
 10
194.9613450524
 20
85.7850449399
 30
0.0
 11
204.1144598436
 21
89.8125118385
 31
0.0
  0
ARC
  5
35A
330
1F
100
AcDbEntity
  8
0
  6
Continuous
 62
     7
370
    25
100
AcDbCircle
 10
0.0
 20
0.0
 30
0.0
 40
213.0
100
AcDbArc
 50
24.75
 51
25.25
  0
LINE
  5
35B
330
1F
100
AcDbEntity
  8
0
  6
Continuous
 62
     7
370
    25
100
AcDbLine
 10
201.6934974363
 20
95.124828998
 30
0.0
 11
192.6489459818
 21
90.859141599
 31
0.0
  0
ARC
  5
35C
330
1F
100
AcDbEntity
  8
0
  6
Continuous
 62
     7
370
    25
100
AcDbCircle
 10
0.0
 20
0.0
 30
0.0
 40
223.0
100
AcDbArc
 50
24.75
 51
25.25
  0
LINE
  5
35D
330
1F
100
AcDbEntity
  8
0
  6
Continuous
 62
     7
370
    25
100
AcDbLine
 10
193.4344960247
 20
89.1745240955
 30
0.0
 11
202.515927763
 21
93.3611214708
 31
0.0
  0
ARC
  5
35E
330
1F
100
AcDbEntity
  8
0
  6
Continuous
 62
     7
370
    25
100
AcDbCircle
 10
0.0
 20
0.0
 30
0.0
 40
213.0
100
AcDbArc
 50
21.75
 51
22.25
  0
LINE
  5
35F
330
1F
100
AcDbEntity
  8
0
  6
Continuous
 62
     7
370
    25
100
AcDbLine
 10
206.3955323959
 20
84.4386416696
 30
0.0
 11
197.1401273557
 21
80.6521554961
 31
0.0
  0
ARC
  5
360
330
1F
100
AcDbEntity
  8
0
  6
Continuous
 62
     7
370
    25
100
AcDbCircle
 10
0.0
 20
0.0
 30
0.0
 40
223.0
100
AcDbArc
 50
21.75
 51
22.25
  0
LINE
  5
361
330
1F
100
AcDbEntity
  8
0
  6
Continuous
 62
     7
370
    25
100
AcDbLine
 10
197.8364347617
 20
78.9287341896
 30
0.0
 11
207.1245302904
 21
82.6343085647
 31
0.0
  0
ARC
  5
362
330
1F
100
AcDbEntity
  8
0
  6
Continuous
 62
     7
370
    25
100
AcDbCircle
 10
0.0
 20
0.0
 30
0.0
 40
213.0
100
AcDbArc
 50
22.75
 51
23.25
  0
LINE
  5
363
330
1F
100
AcDbEntity
  8
0
  6
Continuous
 62
     7
370
    25
100
AcDbLine
 10
204.8904398632
 20
88.0278799737
 30
0.0
 11
195.7025277617
 21
84.0804414098
 31
0.0
  0
ARC
  5
364
330
1F
100
AcDbEntity
  8
0
  6
Continuous
 62
     7
370
    25
100
AcDbCircle
 10
0.0
 20
0.0
 30
0.0
 40
223.0
100
AcDbArc
 50
22.75
 51
23.25
  0
LINE
  5
365
330
1F
100
AcDbEntity
  8
0
  6
Continuous
 62
     7
370
    25
100
AcDbLine
 10
196.4288069658
 20
82.3694348286
 30
0.0
 11
205.6508166825
 21
86.236544445
 31
0.0
  0
ARC
  5
366
330
1F
100
AcDbEntity
  8
0
  6
Continuous
 62
     7
370
    25
100
AcDbCircle
 10
0.0
 20
0.0
 30
0.0
 40
213.0000000000001
100
AcDbArc
 50
75.75
 51
76.25
  0
LINE
  5
367
330
1F
100
AcDbEntity
  8
0
  6
Continuous
 62
     7
370
    25
100
AcDbLine
 10
53.0039539887
 20
216.6092815684
 30
0.0
 11
50.6270950655
 21
206.8958608702
 31
0.0
  0
ARC
  5
368
330
1F
100
AcDbEntity
  8
0
  6
Continuous
 62
     7
370
    25
100
AcDbCircle
 10
0.0
 20
0.0
 30
0.0
 40
223.0000000000001
100
AcDbArc
 50
75.75
 51
76.25
  0
LINE
  5
369
330
1F
100
AcDbEntity
  8
0
  6
Continuous
 62
     7
370
    25
100
AcDbLine
 10
52.4306514152
 20
206.4461837675
 30
0.0
 11
54.8921843455
 21
216.1384928646
 31
0.0
  0
ARC
  5
36A
330
1F
100
AcDbEntity
  8
0
  6
Continuous
 62
     7
370
    25
100
AcDbCircle
 10
0.0
 20
0.0
 30
0.0
 40
213.0
100
AcDbArc
 50
76.75
 51
77.25
  0
LINE
  5
36B
330
1F
100
AcDbEntity
  8
0
  6
Continuous
 62
     7
370
    25
100
AcDbLine
 10
49.2155280098
 20
217.5013374734
 30
0.0
 11
47.0085536596
 21
207.7479142683
 31
0.0
  0
ARC
  5
36C
330
1F
100
AcDbEntity
  8
0
  6
Continuous
 62
     7
370
    25
100
AcDbCircle
 10
0.0
 20
0.0
 30
0.0
 40
223.0000000000001
100
AcDbArc
 50
76.75
 51
77.25
  0
LINE
  5
36D
330
1F
100
AcDbEntity
  8
0
  6
Continuous
 62
     7
370
    25
100
AcDbLine
 10
48.8196832665
 20
207.3297820521
 30
0.0
 11
51.1116871757
 21
217.0635746367
 31
0.0
  0
ARC
  5
36E
330
1F
100
AcDbEntity
  8
0
  6
Continuous
 62
     7
370
    25
100
AcDbCircle
 10
0.0
 20
0.0
 30
0.0
 40
213.0
100
AcDbArc
 50
73.75
 51
74.25
  0
LINE
  5
36F
330
1F
100
AcDbEntity
  8
0
  6
Continuous
 62
     7
370
    25
100
AcDbLine
 10
60.5312203199
 20
214.6275177292
 30
0.0
 11
57.8168158213
 21
205.0029653646
 31
0.0
  0
ARC
  5
370
330
1F
100
AcDbEntity
  8
0
  6
Continuous
 62
     7
370
    25
100
AcDbCircle
 10
0.0
 20
0.0
 30
0.0
 40
223.0000000000001
100
AcDbArc
 50
73.75
 51
74.25
  0
LINE
  5
371
330
1F
100
AcDbEntity
  8
0
  6
Continuous
 62
     7
370
    25
100
AcDbLine
 10
59.6035799886
 20
204.4906189842
 30
0.0
 11
62.4018701289
 21
214.0911175281
 31
0.0
  0
ARC
  5
372
330
1F
100
AcDbEntity
  8
0
  6
Continuous
 62
     7
370
    25
100
AcDbCircle
 10
0.0
 20
0.0
 30
0.0
 40
213.0
100
AcDbArc
 50
74.75
 51
75.25
  0
LINE
  5
373
330
1F
100
AcDbEntity
  8
0
  6
Continuous
 62
     7
370
    25
100
AcDbLine
 10
56.7762344498
 20
215.6512443778
 30
0.0
 11
54.2302149678
 21
205.9807849887
 31
0.0
  0
ARC
  5
374
330
1F
100
AcDbEntity
  8
0
  6
Continuous
 62
     7
370
    25
100
AcDbCircle
 10
0.0
 20
0.0
 30
0.0
 40
223.0
100
AcDbArc
 50
74.75
 51
75.25
  0
LINE
  5
375
330
1F
100
AcDbEntity
  8
0
  6
Continuous
 62
     7
370
    25
100
AcDbLine
 10
56.0256486795
 20
205.4996999755
 30
0.0
 11
58.6559608241
 21
215.1475732138
 31
0.0
  0
ARC
  5
376
330
1F
100
AcDbEntity
  8
0
  6
Continuous
 62
     7
370
    25
100
AcDbCircle
 10
0.0
 20
0.0
 30
0.0
 40
213.0
100
AcDbArc
 50
78.75
 51
79.25
  0
LINE
  5
377
330
1F
100
AcDbEntity
  8
0
  6
Continuous
 62
     7
370
    25
100
AcDbLine
 10
41.5948600299
 20
219.0864386928
 30
0.0
 11
39.7296196699
 21
209.2619347155
 31
0.0
  0
ARC
  5
378
330
1F
100
AcDbEntity
  8
0
  6
Continuous
 62
     7
370
    25
100
AcDbCircle
 10
0.0
 20
0.0
 30
0.0
 40
223.0
100
AcDbArc
 50
78.75
 51
79.25
  0
LINE
  5
379
330
1F
100
AcDbEntity
  8
0
  6
Continuous
 62
     7
370
    25
100
AcDbLine
 10
41.5542385894
 20
208.9072647259
 30
0.0
 11
43.5051418096
 21
218.7151175299
 31
0.0
  0
ARC
  5
37A
330
1F
100
AcDbEntity
  8
0
  6
Continuous
 62
     7
370
    25
100
AcDbCircle
 10
0.0
 20
0.0
 30
0.0
 40
213.0
100
AcDbArc
 50
77.75
 51
78.25
  0
LINE
  5
37B
330
1F
100
AcDbEntity
  8
0
  6
Continuous
 62
     7
370
    25
100
AcDbLine
 10
45.4121105043
 20
218.3271403641
 30
0.0
 11
43.3756929929
 21
208.5366856392
 31
0.0
  0
ARC
  5
37C
330
1F
100
AcDbEntity
  8
0
  6
Continuous
 62
     7
370
    25
100
AcDbCircle
 10
0.0
 20
0.0
 30
0.0
 40
223.0
100
AcDbArc
 50
77.75
 51
78.25
  0
LINE
  5
37D
330
1F
100
AcDbEntity
  8
0
  6
Continuous
 62
     7
370
    25
100
AcDbLine
 10
45.1938441693
 20
208.1502256766
 30
0.0
 11
47.3156208909
 21
217.9225367412
 31
0.0
  0
ARC
  5
37E
330
1F
100
AcDbEntity
  8
0
  6
Continuous
 62
     7
370
    25
100
AcDbCircle
 10
0.0
 20
0.0
 30
0.0
 40
213.0
100
AcDbArc
 50
79.75
 51
80.25
  0
LINE
  5
37F
330
1F
100
AcDbEntity
  8
0
  6
Continuous
 62
     7
370
    25
100
AcDbLine
 10
37.7649393583
 20
219.77900117
 30
0.0
 11
36.0714443198
 21
209.9234405794
 31
0.0
  0
ARC
  5
380
330
1F
100
AcDbEntity
  8
0
  6
Continuous
 62
     7
370
    25
100
AcDbCircle
 10
0.0
 20
0.0
 30
0.0
 40
223.0
100
AcDbArc
 50
79.75
 51
80.25
  0
LINE
  5
381
330
1F
100
AcDbEntity
  8
0
  6
Continuous
 62
     7
370
    25
100
AcDbLine
 10
37.9019751859
 20
209.6006685987
 30
0.0
 11
39.6814106407
 21
219.4410755751
 31
0.0
  0
ARC
  5
382
330
1F
100
AcDbEntity
  8
0
  6
Continuous
 62
     7
370
    25
100
AcDbCircle
 10
0.0
 20
0.0
 30
0.0
 40
213.0
100
AcDbArc
 50
80.75
 51
81.25
  0
LINE
  5
383
330
1F
100
AcDbEntity
  8
0
  6
Continuous
 62
     7
370
    25
100
AcDbLine
 10
33.9235151204
 20
220.4046168343
 30
0.0
 11
32.4022812585
 21
210.5210017296
 31
0.0
  0
ARC
  5
384
330
1F
100
AcDbEntity
  8
0
  6
Continuous
 62
     7
370
    25
100
AcDbCircle
 10
0.0
 20
0.0
 30
0.0
 40
223.0000000000001
100
AcDbArc
 50
80.75
 51
81.25
  0
LINE
  5
385
330
1F
100
AcDbEntity
  8
0
  6
Continuous
 62
     7
370
    25
100
AcDbLine
 10
34.2381664736
 20
210.2302260773
 30
0.0
 11
35.8455921297
 21
220.1001897429
 31
0.0
  0
ARC
  5
386
330
1F
100
AcDbEntity
  8
0
  6
Continuous
 62
     7
370
    25
100
AcDbCircle
 10
0.0
 20
0.0
 30
0.0
 40
213.0000000000001
100
AcDbArc
 50
67.75
 51
68.25
  0
LINE
  5
387
330
1F
100
AcDbEntity
  8
0
  6
Continuous
 62
     7
370
    25
100
AcDbLine
 10
82.6343085647
 20
207.1245302904
 30
0.0
 11
78.9287341896
 21
197.8364347617
 31
0.0
  0
ARC
  5
388
330
1F
100
AcDbEntity
  8
0
  6
Continuous
 62
     7
370
    25
100
AcDbCircle
 10
0.0
 20
0.0
 30
0.0
 40
223.0000000000001
100
AcDbArc
 50
67.75
 51
68.25
  0
LINE
  5
389
330
1F
100
AcDbEntity
  8
0
  6
Continuous
 62
     7
370
    25
100
AcDbLine
 10
80.6521554961
 20
197.1401273557
 30
0.0
 11
84.4386416696
 21
206.3955323959
 31
0.0
  0
ARC
  5
38A
330
1F
100
AcDbEntity
  8
0
  6
Continuous
 62
     7
370
    25
100
AcDbCircle
 10
0.0
 20
0.0
 30
0.0
 40
213.0
100
AcDbArc
 50
68.75
 51
69.25
  0
LINE
  5
38B
330
1F
100
AcDbEntity
  8
0
  6
Continuous
 62
     7
370
    25
100
AcDbLine
 10
79.0069014735
 20
208.53515176
 30
0.0
 11
75.4639910935
 21
199.1837996631
 31
0.0
  0
ARC
  5
38C
330
1F
100
AcDbEntity
  8
0
  6
Continuous
 62
     7
370
    25
100
AcDbCircle
 10
0.0
 20
0.0
 30
0.0
 40
223.0
100
AcDbArc
 50
68.75
 51
69.25
  0
LINE
  5
38D
330
1F
100
AcDbEntity
  8
0
  6
Continuous
 62
     7
370
    25
100
AcDbLine
 10
77.1993021544
 20
198.5176761572
 30
0.0
 11
80.8236825373
 21
207.8377548501
 31
0.0
  0
ARC
  5
38E
330
1F
100
AcDbEntity
  8
0
  6
Continuous
 62
     7
370
    25
100
AcDbCircle
 10
0.0
 20
0.0
 30
0.0
 40
213.0
100
AcDbArc
 50
65.75
 51
66.25
  0
LINE
  5
38F
330
1F
100
AcDbEntity
  8
0
  6
Continuous
 62
     7
370
    25
100
AcDbLine
 10
89.8125118385
 20
204.1144598436
 30
0.0
 11
85.7850449399
 21
194.9613450524
 31
0.0
  0
ARC
  5
390
330
1F
100
AcDbEntity
  8
0
  6
Continuous
 62
     7
370
    25
100
AcDbCircle
 10
0.0
 20
0.0
 30
0.0
 40
223.0
100
AcDbArc
 50
65.75
 51
66.25
  0
LINE
  5
391
330
1F
100
AcDbEntity
  8
0
  6
Continuous
 62
     7
370
    25
100
AcDbLine
 10
87.4831156067
 20
194.2053152819
 30
0.0
 11
91.5903041328
 21
203.3229357177
 31
0.0
  0
ARC
  5
392
330
1F
100
AcDbEntity
  8
0
  6
Continuous
 62
     7
370
    25
100
AcDbCircle
 10
0.0
 20
0.0
 30
0.0
 40
213.0
100
AcDbArc
 50
66.75
 51
67.25
  0
LINE
  5
393
330
1F
100
AcDbEntity
  8
0
  6
Continuous
 62
     7
370
    25
100
AcDbLine
 10
86.236544445
 20
205.6508166825
 30
0.0
 11
82.3694348286
 21
196.4288069658
 31
0.0
  0
ARC
  5
394
330
1F
100
AcDbEntity
  8
0
  6
Continuous
 62
     7
370
    25
100
AcDbCircle
 10
0.0
 20
0.0
 30
0.0
 40
223.0
100
AcDbArc
 50
66.75
 51
67.25
  0
LINE
  5
395
330
1F
100
AcDbEntity
  8
0
  6
Continuous
 62
     7
370
    25
100
AcDbLine
 10
84.0804414098
 20
195.7025277617
 30
0.0
 11
88.0278799737
 21
204.8904398632
 31
0.0
  0
ARC
  5
396
330
1F
100
AcDbEntity
  8
0
  6
Continuous
 62
     7
370
    25
100
AcDbCircle
 10
0.0
 20
0.0
 30
0.0
 40
213.0
100
AcDbArc
 50
71.75
 51
72.25
  0
LINE
  5
397
330
1F
100
AcDbEntity
  8
0
  6
Continuous
 62
     7
370
    25
100
AcDbLine
 10
67.9847386832
 20
212.3842633205
 30
0.0
 11
64.936095693
 21
202.860305324
 31
0.0
  0
ARC
  5
398
330
1F
100
AcDbEntity
  8
0
  6
Continuous
 62
     7
370
    25
100
AcDbCircle
 10
0.0
 20
0.0
 30
0.0
 40
223.0
100
AcDbArc
 50
71.75
 51
72.25
  0
LINE
  5
399
330
1F
100
AcDbEntity
  8
0
  6
Continuous
 62
     7
370
    25
100
AcDbLine
 10
66.703890781
 20
202.285913881
 30
0.0
 11
69.8355288459
 21
211.782905143
 31
0.0
  0
ARC
  5
39A
330
1F
100
AcDbEntity
  8
0
  6
Continuous
 62
     7
370
    25
100
AcDbCircle
 10
0.0
 20
0.0
 30
0.0
 40
213.0
100
AcDbArc
 50
72.75
 51
73.25
  0
LINE
  5
39B
330
1F
100
AcDbEntity
  8
0
  6
Continuous
 62
     7
370
    25
100
AcDbLine
 10
64.2677677939
 20
213.5384134595
 30
0.0
 11
61.3858051126
 21
203.9626998514
 31
0.0
  0
ARC
  5
39C
330
1F
100
AcDbEntity
  8
0
  6
Continuous
 62
     7
370
    25
100
AcDbCircle
 10
0.0
 20
0.0
 30
0.0
 40
223.0
100
AcDbArc
 50
72.75
 51
73.25
  0
LINE
  5
39D
330
1F
100
AcDbEntity
  8
0
  6
Continuous
 62
     7
370
    25
100
AcDbLine
 10
63.1633554698
 20
203.4192481694
 30
0.0
 11
66.1287712196
 21
212.969447614
 31
0.0
  0
ARC
  5
39E
330
1F
100
AcDbEntity
  8
0
  6
Continuous
 62
     7
370
    25
100
AcDbCircle
 10
0.0
 20
0.0
 30
0.0
 40
213.0
100
AcDbArc
 50
69.75
 51
70.25
  0
LINE
  5
39F
330
1F
100
AcDbEntity
  8
0
  6
Continuous
 62
     7
370
    25
100
AcDbLine
 10
75.3554281147
 20
209.8822514022
 30
0.0
 11
71.9762609347
 21
200.4704912496
 31
0.0
  0
ARC
  5
3A0
330
1F
100
AcDbEntity
  8
0
  6
Continuous
 62
     7
370
    25
100
AcDbCircle
 10
0.0
 20
0.0
 30
0.0
 40
223.0000000000001
100
AcDbArc
 50
69.75
 51
70.25
  0
LINE
  5
3A1
330
1F
100
AcDbEntity
  8
0
  6
Continuous
 62
     7
370
    25
100
AcDbLine
 10
73.7229331575
 20
199.8347545515
 30
0.0
 11
77.1841037283
 21
209.2166679107
 31
0.0
  0
ARC
  5
3A2
330
1F
100
AcDbEntity
  8
0
  6
Continuous
 62
     7
370
    25
100
AcDbCircle
 10
0.0
 20
0.0
 30
0.0
 40
213.0
100
AcDbArc
 50
70.75
 51
71.25
  0
LINE
  5
3A3
330
1F
100
AcDbEntity
  8
0
  6
Continuous
 62
     7
370
    25
100
AcDbLine
 10
71.6810007626
 20
211.1654188774
 30
0.0
 11
68.4666061096
 21
201.6961175825
 31
0.0
  0
ARC
  5
3A4
330
1F
100
AcDbEntity
  8
0
  6
Continuous
 62
     7
370
    25
100
AcDbCircle
 10
0.0
 20
0.0
 30
0.0
 40
223.0
100
AcDbArc
 50
70.75
 51
71.25
  0
LINE
  5
3A5
330
1F
100
AcDbEntity
  8
0
  6
Continuous
 62
     7
370
    25
100
AcDbLine
 10
70.224107441
 20
201.0909613437
 30
0.0
 11
73.5210138936
 21
210.5318515476
 31
0.0
  0
ARC
  5
3A6
330
1F
100
AcDbEntity
  8
0
  6
Continuous
 62
     7
370
    25
100
AcDbCircle
 10
0.0
 20
0.0
 30
0.0
 40
213.0000000000001
100
AcDbArc
 50
81.75
 51
82.25
  0
LINE
  5
3A7
330
1F
100
AcDbEntity
  8
0
  6
Continuous
 62
     7
370
    25
100
AcDbLine
 10
30.071757451
 20
220.9630951173
 30
0.0
 11
28.7232481483
 21
211.0544361434
 31
0.0
  0
ARC
  5
3A8
330
1F
100
AcDbEntity
  8
0
  6
Continuous
 62
     7
370
    25
100
AcDbCircle
 10
0.0
 20
0.0
 30
0.0
 40
223.0000000000001
100
AcDbArc
 50
81.75
 51
82.25
  0
LINE
  5
3A9
330
1F
100
AcDbEntity
  8
0
  6
Continuous
 62
     7
370
    25
100
AcDbLine
 10
30.5639284841
 20
210.7957453926
 30
0.0
 11
31.998854704
 21
220.6922592608
 31
0.0
  0
ARC
  5
3AA
330
1F
100
AcDbEntity
  8
0
  6
Continuous
 62
     7
370
    25
100
AcDbCircle
 10
0.0
 20
0.0
 30
0.0
 40
213.0
100
AcDbArc
 50
82.75
 51
83.25
  0
LINE
  5
3AB
330
1F
100
AcDbEntity
  8
0
  6
Continuous
 62
     7
370
    25
100
AcDbLine
 10
26.2108396331
 20
221.4542659009
 30
0.0
 11
25.0354656585
 21
211.5235813314
 31
0.0
  0
ARC
  5
3AC
330
1F
100
AcDbEntity
  8
0
  6
Continuous
 62
     7
370
    25
100
AcDbCircle
 10
0.0
 20
0.0
 30
0.0
 40
223.0
100
AcDbArc
 50
82.75
 51
83.25
  0
LINE
  5
3AD
330
1F
100
AcDbEntity
  8
0
  6
Continuous
 62
     7
370
    25
100
AcDbLine
 10
26.8803804259
 20
211.2970542818
 30
0.0
 11
28.1423701173
 21
221.2171037786
 31
0.0
  0
ARC
  5
3AE
330
1F
100
AcDbEntity
  8
0
  6
Continuous
 62
     7
370
    25
100
AcDbCircle
 10
0.0
 20
0.0
 30
0.0
 40
213.0
100
AcDbArc
 50
83.75
 51
84.25
  0
LINE
  5
3AF
330
1F
100
AcDbEntity
  8
0
  6
Continuous
 62
     7
370
    25
100
AcDbLine
 10
22.3419377395
 20
221.87797957
 30
0.0
 11
21.3400571234
 21
211.9282943874
 31
0.0
  0
ARC
  5
3B0
330
1F
100
AcDbEntity
  8
0
  6
Continuous
 62
     7
370
    25
100
AcDbCircle
 10
0.0
 20
0.0
 30
0.0
 40
223.0000000000001
100
AcDbArc
 50
83.75
 51
84.25
  0
LINE
  5
3B1
330
1F
100
AcDbEntity
  8
0
  6
Continuous
 62
     7
370
    25
100
AcDbLine
 10
23.1886443435
 20
211.7340000414
 30
0.0
 11
24.277313092
 21
221.6745634236
 31
0.0
  0
ARC
  5
3B2
330
1F
100
AcDbEntity
  8
0
  6
Continuous
 62
     7
370
    25
100
AcDbCircle
 10
0.0
 20
0.0
 30
0.0
 40
213.0000000000001
100
AcDbArc
 50
84.75
 51
85.25
  0
LINE
  5
3B3
330
1F
100
AcDbEntity
  8
0
  6
Continuous
 62
     7
370
    25
100
AcDbLine
 10
18.4662302752
 20
222.234107057
 30
0.0
 11
17.6381482001
 21
212.268452032
 31
0.0
  0
ARC
  5
3B4
330
1F
100
AcDbEntity
  8
0
  6
Continuous
 62
     7
370
    25
100
AcDbCircle
 10
0.0
 20
0.0
 30
0.0
 40
223.0000000000001
100
AcDbArc
 50
84.75
 51
85.25
  0
LINE
  5
3B5
330
1F
100
AcDbEntity
  8
0
  6
Continuous
 62
     7
370
    25
100
AcDbLine
 10
19.4898447753
 20
212.1064495734
 30
0.0
 11
20.4048609619
 21
222.0644988491
 31
0.0
  0
ARC
  5
3B6
330
1F
100
AcDbEntity
  8
0
  6
Continuous
 62
     7
370
    25
100
AcDbCircle
 10
0.0
 20
0.0
 30
0.0
 40
213.0000000000001
100
AcDbArc
 50
85.75
 51
86.25
  0
LINE
  5
3B7
330
1F
100
AcDbEntity
  8
0
  6
Continuous
 62
     7
370
    25
100
AcDbLine
 10
14.5848978183
 20
222.5225398822
 30
0.0
 11
13.930866526
 21
212.5439506498
 31
0.0
  0
ARC
  5
3B8
330
1F
100
AcDbEntity
  8
0
  6
Continuous
 62
     7
370
    25
100
AcDbCircle
 10
0.0
 20
0.0
 30
0.0
 40
223.0000000000001
100
AcDbArc
 50
85.75
 51
86.25
  0
LINE
  5
3B9
330
1F
100
AcDbEntity
  8
0
  6
Continuous
 62
     7
370
    25
100
AcDbLine
 10
15.7851084116
 20
212.4142894262
 30
0.0
 11
16.5261933136
 21
222.3867912772
 31
0.0
  0
ARC
  5
3BA
330
1F
100
AcDbEntity
  8
0
  6
Continuous
 62
     7
370
    25
100
AcDbCircle
 10
0.0
 20
0.0
 30
0.0
 40
213.0
100
AcDbArc
 50
86.75
 51
87.25
  0
LINE
  5
3BB
330
1F
100
AcDbEntity
  8
0
  6
Continuous
 62
     7
370
    25
100
AcDbLine
 10
10.6991226603
 20
222.7431901861
 30
0.0
 11
10.219341375
 21
212.7547063213
 31
0.0
  0
ARC
  5
3BC
330
1F
100
AcDbEntity
  8
0
  6
Continuous
 62
     7
370
    25
100
AcDbCircle
 10
0.0
 20
0.0
 30
0.0
 40
223.0000000000001
100
AcDbArc
 50
86.75
 51
87.25
  0
LINE
  5
3BD
330
1F
100
AcDbEntity
  8
0
  6
Continuous
 62
     7
370
    25
100
AcDbLine
 10
12.075563751
 20
212.6574258287
 30
0.0
 11
12.6424916266
 21
222.6413425343
 31
0.0
  0
ARC
  5
3BE
330
1F
100
AcDbEntity
  8
0
  6
Continuous
 62
     7
370
    25
100
AcDbCircle
 10
0.0
 20
0.0
 30
0.0
 40
213.0
100
AcDbArc
 50
87.75
 51
88.25
  0
LINE
  5
3BF
330
1F
100
AcDbEntity
  8
0
  6
Continuous
 62
     7
370
    25
100
AcDbLine
 10
6.8100884458
 20
222.8959907566
 30
0.0
 11
6.5047033137
 21
212.9006548482
 31
0.0
  0
ARC
  5
3C0
330
1F
100
AcDbEntity
  8
0
  6
Continuous
 62
     7
370
    25
100
AcDbCircle
 10
0.0
 20
0.0
 30
0.0
 40
223.0
100
AcDbArc
 50
87.75
 51
88.25
  0
LINE
  5
3C1
330
1F
100
AcDbEntity
  8
0
  6
Continuous
 62
     7
370
    25
100
AcDbLine
 10
8.3623407567
 20
212.8357847193
 30
0.0
 11
8.7549389143
 21
222.8280750817
 31
0.0
  0
ARC
  5
3C2
330
1F
100
AcDbEntity
  8
0
  6
Continuous
 62
     7
370
    25
100
AcDbCircle
 10
0.0
 20
0.0
 30
0.0
 40
213.0
100
AcDbArc
 50
88.75
 51
89.25
  0
LINE
  5
3C3
330
1F
100
AcDbEntity
  8
0
  6
Continuous
 62
     7
370
    25
100
AcDbLine
 10
2.9189798124
 20
222.980895049
 30
0.0
 11
2.7880838567
 21
212.9817517733
 31
0.0
  0
ARC
  5
3C4
330
1F
100
AcDbEntity
  8
0
  6
Continuous
 62
     7
370
    25
100
AcDbCircle
 10
0.0
 20
0.0
 30
0.0
 40
223.0
100
AcDbArc
 50
88.75
 51
89.25
  0
LINE
  5
3C5
330
1F
100
AcDbEntity
  8
0
  6
Continuous
 62
     7
370
    25
100
AcDbLine
 10
4.6465705124
 20
212.949311768
 30
0.0
 11
4.8647193627
 21
222.9469320388
 31
0.0
  0
ARC
  5
3C6
330
1F
100
AcDbEntity
  8
0
  6
Continuous
 62
     7
370
    25
100
AcDbCircle
 10
0.0
 20
0.0
 30
0.0
 40
213.0
100
AcDbArc
 50
89.75
 51
90.25
  0
LINE
  5
3C7
330
1F
100
AcDbEntity
  8
0
  6
Continuous
 62
     7
370
    25
100
AcDbLine
 10
-0.9730179705
 20
222.9978772007
 30
0.0
 11
-0.9293848777
 21
212.9979723935
 31
0.0
  0
ARC
  5
3C8
330
1F
100
AcDbEntity
  8
0
  6
Continuous
 62
     7
370
    25
100
AcDbCircle
 10
0.0
 20
0.0
 30
0.0
 40
223.0000000000001
100
AcDbArc
 50
89.75
 51
90.25
  0
LINE
  5
3C9
330
1F
100
AcDbEntity
  8
0
  6
Continuous
 62
     7
370
    25
100
AcDbLine
 10
0.9293848777
 20
212.9979723935
 30
0.0
 11
0.9730179705
 21
222.9978772007
 31
0.0
  0
ARC
  5
3CA
330
1F
100
AcDbEntity
  8
0
  6
Continuous
 62
     7
370
    25
100
AcDbCircle
 10
0.0
 20
0.0
 30
0.0
 40
213.0
100
AcDbArc
 50
90.75
 51
91.25
  0
LINE
  5
3CB
330
1F
100
AcDbEntity
  8
0
  6
Continuous
 62
     7
370
    25
100
AcDbLine
 10
-4.8647193627
 20
222.9469320388
 30
0.0
 11
-4.6465705124
 21
212.949311768
 31
0.0
  0
ARC
  5
3CC
330
1F
100
AcDbEntity
  8
0
  6
Continuous
 62
     7
370
    25
100
AcDbCircle
 10
0.0
 20
0.0
 30
0.0
 40
223.0
100
AcDbArc
 50
90.75
 51
91.25
  0
LINE
  5
3CD
330
1F
100
AcDbEntity
  8
0
  6
Continuous
 62
     7
370
    25
100
AcDbLine
 10
-2.7880838567
 20
212.9817517733
 30
0.0
 11
-2.9189798124
 21
222.980895049
 31
0.0
  0
ARC
  5
3CE
330
1F
100
AcDbEntity
  8
0
  6
Continuous
 62
     7
370
    25
100
AcDbCircle
 10
0.0
 20
0.0
 30
0.0
 40
213.0
100
AcDbArc
 50
91.75
 51
92.25
  0
LINE
  5
3CF
330
1F
100
AcDbEntity
  8
0
  6
Continuous
 62
     7
370
    25
100
AcDbLine
 10
-8.7549389143
 20
222.8280750817
 30
0.0
 11
-8.3623407567
 21
212.8357847193
 31
0.0
  0
ARC
  5
3D0
330
1F
100
AcDbEntity
  8
0
  6
Continuous
 62
     7
370
    25
100
AcDbCircle
 10
0.0
 20
0.0
 30
0.0
 40
223.0
100
AcDbArc
 50
91.75
 51
92.25
  0
LINE
  5
3D1
330
1F
100
AcDbEntity
  8
0
  6
Continuous
 62
     7
370
    25
100
AcDbLine
 10
-6.5047033137
 20
212.9006548482
 30
0.0
 11
-6.8100884458
 21
222.8959907566
 31
0.0
  0
ARC
  5
3D2
330
1F
100
AcDbEntity
  8
0
  6
Continuous
 62
     7
370
    25
100
AcDbCircle
 10
0.0
 20
0.0
 30
0.0
 40
213.0
100
AcDbArc
 50
92.75
 51
93.25
  0
LINE
  5
3D3
330
1F
100
AcDbEntity
  8
0
  6
Continuous
 62
     7
370
    25
100
AcDbLine
 10
-12.6424916266
 20
222.6413425343
 30
0.0
 11
-12.075563751
 21
212.6574258287
 31
0.0
  0
ARC
  5
3D4
330
1F
100
AcDbEntity
  8
0
  6
Continuous
 62
     7
370
    25
100
AcDbCircle
 10
0.0
 20
0.0
 30
0.0
 40
223.0000000000001
100
AcDbArc
 50
92.75
 51
93.25
  0
LINE
  5
3D5
330
1F
100
AcDbEntity
  8
0
  6
Continuous
 62
     7
370
    25
100
AcDbLine
 10
-10.219341375
 20
212.7547063213
 30
0.0
 11
-10.6991226603
 21
222.7431901861
 31
0.0
  0
ARC
  5
3D6
330
1F
100
AcDbEntity
  8
0
  6
Continuous
 62
     7
370
    25
100
AcDbCircle
 10
0.0
 20
0.0
 30
0.0
 40
213.0
100
AcDbArc
 50
93.75
 51
94.25
  0
LINE
  5
3D7
330
1F
100
AcDbEntity
  8
0
  6
Continuous
 62
     7
370
    25
100
AcDbLine
 10
-16.5261933136
 20
222.3867912772
 30
0.0
 11
-15.7851084116
 21
212.4142894262
 31
0.0
  0
ARC
  5
3D8
330
1F
100
AcDbEntity
  8
0
  6
Continuous
 62
     7
370
    25
100
AcDbCircle
 10
0.0
 20
0.0
 30
0.0
 40
223.0
100
AcDbArc
 50
93.75
 51
94.25
  0
LINE
  5
3D9
330
1F
100
AcDbEntity
  8
0
  6
Continuous
 62
     7
370
    25
100
AcDbLine
 10
-13.930866526
 20
212.5439506498
 30
0.0
 11
-14.5848978183
 21
222.5225398822
 31
0.0
  0
ARC
  5
3DA
330
1F
100
AcDbEntity
  8
0
  6
Continuous
 62
     7
370
    25
100
AcDbCircle
 10
0.0
 20
0.0
 30
0.0
 40
213.0
100
AcDbArc
 50
94.75
 51
95.25
  0
LINE
  5
3DB
330
1F
100
AcDbEntity
  8
0
  6
Continuous
 62
     7
370
    25
100
AcDbLine
 10
-20.4048609619
 20
222.0644988491
 30
0.0
 11
-19.4898447753
 21
212.1064495734
 31
0.0
  0
ARC
  5
3DC
330
1F
100
AcDbEntity
  8
0
  6
Continuous
 62
     7
370
    25
100
AcDbCircle
 10
0.0
 20
0.0
 30
0.0
 40
223.0
100
AcDbArc
 50
94.75
 51
95.25
  0
LINE
  5
3DD
330
1F
100
AcDbEntity
  8
0
  6
Continuous
 62
     7
370
    25
100
AcDbLine
 10
-17.6381482001
 20
212.268452032
 30
0.0
 11
-18.4662302752
 21
222.234107057
 31
0.0
  0
ARC
  5
3DE
330
1F
100
AcDbEntity
  8
0
  6
Continuous
 62
     7
370
    25
100
AcDbCircle
 10
0.0
 20
0.0
 30
0.0
 40
213.0
100
AcDbArc
 50
95.75
 51
96.25
  0
LINE
  5
3DF
330
1F
100
AcDbEntity
  8
0
  6
Continuous
 62
     7
370
    25
100
AcDbLine
 10
-24.277313092
 20
221.6745634236
 30
0.0
 11
-23.1886443435
 21
211.7340000414
 31
0.0
  0
ARC
  5
3E0
330
1F
100
AcDbEntity
  8
0
  6
Continuous
 62
     7
370
    25
100
AcDbCircle
 10
0.0
 20
0.0
 30
0.0
 40
223.0
100
AcDbArc
 50
95.75
 51
96.25
  0
LINE
  5
3E1
330
1F
100
AcDbEntity
  8
0
  6
Continuous
 62
     7
370
    25
100
AcDbLine
 10
-21.3400571234
 20
211.9282943874
 30
0.0
 11
-22.3419377395
 21
221.87797957
 31
0.0
  0
ARC
  5
3E2
330
1F
100
AcDbEntity
  8
0
  6
Continuous
 62
     7
370
    25
100
AcDbCircle
 10
0.0
 20
0.0
 30
0.0
 40
213.0000000000001
100
AcDbArc
 50
96.75
 51
97.25
  0
LINE
  5
3E3
330
1F
100
AcDbEntity
  8
0
  6
Continuous
 62
     7
370
    25
100
AcDbLine
 10
-28.1423701173
 20
221.2171037786
 30
0.0
 11
-26.8803804259
 21
211.2970542818
 31
0.0
  0
ARC
  5
3E4
330
1F
100
AcDbEntity
  8
0
  6
Continuous
 62
     7
370
    25
100
AcDbCircle
 10
0.0
 20
0.0
 30
0.0
 40
223.0
100
AcDbArc
 50
96.75
 51
97.25
  0
LINE
  5
3E5
330
1F
100
AcDbEntity
  8
0
  6
Continuous
 62
     7
370
    25
100
AcDbLine
 10
-25.0354656585
 20
211.5235813314
 30
0.0
 11
-26.2108396331
 21
221.4542659009
 31
0.0
  0
ARC
  5
3E6
330
1F
100
AcDbEntity
  8
0
  6
Continuous
 62
     7
370
    25
100
AcDbCircle
 10
0.0
 20
0.0
 30
0.0
 40
213.0
100
AcDbArc
 50
118.75
 51
119.25
  0
LINE
  5
3E7
330
1F
100
AcDbEntity
  8
0
  6
Continuous
 62
     7
370
    25
100
AcDbLine
 10
-108.9625368538
 20
194.5666095772
 30
0.0
 11
-104.0763244389
 21
185.8416495065
 31
0.0
  0
ARC
  5
3E8
330
1F
100
AcDbEntity
  8
0
  6
Continuous
 62
     7
370
    25
100
AcDbCircle
 10
0.0
 20
0.0
 30
0.0
 40
223.0
100
AcDbArc
 50
118.75
 51
119.25
  0
LINE
  5
3E9
330
1F
100
AcDbEntity
  8
0
  6
Continuous
 62
     7
370
    25
100
AcDbLine
 10
-102.4506077798
 20
186.7427989657
 30
0.0
 11
-107.260495469
 21
195.5100665228
 31
0.0
  0
ARC
  5
3EA
330
1F
100
AcDbEntity
  8
0
  6
Continuous
 62
     7
370
    25
100
AcDbCircle
 10
0.0
 20
0.0
 30
0.0
 40
213.0
100
AcDbArc
 50
117.75
 51
118.25
  0
LINE
  5
3EB
330
1F
100
AcDbEntity
  8
0
  6
Continuous
 62
     7
370
    25
100
AcDbLine
 10
-105.5502857822
 20
196.4386346198
 30
0.0
 11
-100.8170891104
 21
187.6297272377
 31
0.0
  0
ARC
  5
3EC
330
1F
100
AcDbEntity
  8
0
  6
Continuous
 62
     7
370
    25
100
AcDbCircle
 10
0.0
 20
0.0
 30
0.0
 40
223.0
100
AcDbArc
 50
117.75
 51
118.25
  0
LINE
  5
3ED
330
1F
100
AcDbEntity
  8
0
  6
Continuous
 62
     7
370
    25
100
AcDbLine
 10
-99.1758928292
 20
188.5023667796
 30
0.0
 11
-103.8320380325
 21
197.3522431543
 31
0.0
  0
ARC
  5
3EE
330
1F
100
AcDbEntity
  8
0
  6
Continuous
 62
     7
370
    25
100
AcDbCircle
 10
0.0
 20
0.0
 30
0.0
 40
213.0
100
AcDbArc
 50
120.75
 51
121.25
  0
LINE
  5
3EF
330
1F
100
AcDbEntity
  8
0
  6
Continuous
 62
     7
370
    25
100
AcDbLine
 10
-115.6864365698
 20
190.6453471601
 30
0.0
 11
-110.4987039882
 21
182.0962284533
 31
0.0
  0
ARC
  5
3F0
330
1F
100
AcDbEntity
  8
0
  6
Continuous
 62
     7
370
    25
100
AcDbCircle
 10
0.0
 20
0.0
 30
0.0
 40
223.0
100
AcDbArc
 50
120.75
 51
121.25
  0
LINE
  5
3F1
330
1F
100
AcDbEntity
  8
0
  6
Continuous
 62
     7
370
    25
100
AcDbLine
 10
-108.9054273344
 20
183.0535656498
 30
0.0
 11
-114.0183581952
 21
191.6476297648
 31
0.0
  0
ARC
  5
3F2
330
1F
100
AcDbEntity
  8
0
  6
Continuous
 62
     7
370
    25
100
AcDbCircle
 10
0.0
 20
0.0
 30
0.0
 40
213.0000000000001
100
AcDbArc
 50
119.75
 51
120.25
  0
LINE
  5
3F3
330
1F
100
AcDbEntity
  8
0
  6
Continuous
 62
     7
370
    25
100
AcDbLine
 10
-112.3415968812
 20
192.6353176606
 30
0.0
 11
-107.3038571107
 21
183.9969626085
 31
0.0
  0
ARC
  5
3F4
330
1F
100
AcDbEntity
  8
0
  6
Continuous
 62
     7
370
    25
100
AcDbCircle
 10
0.0
 20
0.0
 30
0.0
 40
223.0000000000001
100
AcDbArc
 50
119.75
 51
120.25
  0
LINE
  5
3F5
330
1F
100
AcDbEntity
  8
0
  6
Continuous
 62
     7
370
    25
100
AcDbLine
 10
-105.6941152828
 20
184.9263474862
 30
0.0
 11
-110.6562803196
 21
193.6083356311
 31
0.0
  0
ARC
  5
3F6
330
1F
100
AcDbEntity
  8
0
  6
Continuous
 62
     7
370
    25
100
AcDbCircle
 10
0.0
 20
0.0
 30
0.0
 40
213.0
100
AcDbArc
 50
114.75
 51
115.25
  0
LINE
  5
3F7
330
1F
100
AcDbEntity
  8
0
  6
Continuous
 62
     7
370
    25
100
AcDbLine
 10
-95.124828998
 20
201.6934974363
 30
0.0
 11
-90.859141599
 21
192.6489459818
 31
0.0
  0
ARC
  5
3F8
330
1F
100
AcDbEntity
  8
0
  6
Continuous
 62
     7
370
    25
100
AcDbCircle
 10
0.0
 20
0.0
 30
0.0
 40
223.0
100
AcDbArc
 50
114.75
 51
115.25
  0
LINE
  5
3F9
330
1F
100
AcDbEntity
  8
0
  6
Continuous
 62
     7
370
    25
100
AcDbLine
 10
-89.1745240955
 20
193.4344960247
 30
0.0
 11
-93.3611214708
 21
202.515927763
 31
0.0
  0
ARC
  5
3FA
330
1F
100
AcDbEntity
  8
0
  6
Continuous
 62
     7
370
    25
100
AcDbCircle
 10
0.0
 20
0.0
 30
0.0
 40
213.0
100
AcDbArc
 50
113.75
 51
114.25
  0
LINE
  5
3FB
330
1F
100
AcDbEntity
  8
0
  6
Continuous
 62
     7
370
    25
100
AcDbLine
 10
-91.5903041328
 20
203.3229357177
 30
0.0
 11
-87.4831156067
 21
194.2053152819
 31
0.0
  0
ARC
  5
3FC
330
1F
100
AcDbEntity
  8
0
  6
Continuous
 62
     7
370
    25
100
AcDbCircle
 10
0.0
 20
0.0
 30
0.0
 40
223.0
100
AcDbArc
 50
113.75
 51
114.25
  0
LINE
  5
3FD
330
1F
100
AcDbEntity
  8
0
  6
Continuous
 62
     7
370
    25
100
AcDbLine
 10
-85.7850449399
 20
194.9613450524
 30
0.0
 11
-89.8125118385
 21
204.1144598436
 31
0.0
  0
ARC
  5
3FE
330
1F
100
AcDbEntity
  8
0
  6
Continuous
 62
     7
370
    25
100
AcDbCircle
 10
0.0
 20
0.0
 30
0.0
 40
213.0
100
AcDbArc
 50
116.75
 51
117.25
  0
LINE
  5
3FF
330
1F
100
AcDbEntity
  8
0
  6
Continuous
 62
     7
370
    25
100
AcDbLine
 10
-102.1058830711
 20
198.2508225513
 30
0.0
 11
-97.5271439199
 21
189.3606511365
 31
0.0
  0
ARC
  5
400
330
1F
100
AcDbEntity
  8
0
  6
Continuous
 62
     7
370
    25
100
AcDbCircle
 10
0.0
 20
0.0
 30
0.0
 40
223.0000000000001
100
AcDbArc
 50
116.75
 51
117.25
  0
LINE
  5
401
330
1F
100
AcDbEntity
  8
0
  6
Continuous
 62
     7
370
    25
100
AcDbLine
 10
-95.870967941
 20
190.2045149466
 30
0.0
 11
-100.3719523513
 21
199.1343043807
 31
0.0
  0
ARC
  5
402
330
1F
100
AcDbEntity
  8
0
  6
Continuous
 62
     7
370
    25
100
AcDbCircle
 10
0.0
 20
0.0
 30
0.0
 40
213.0
100
AcDbArc
 50
115.75
 51
116.25
  0
LINE
  5
403
330
1F
100
AcDbEntity
  8
0
  6
Continuous
 62
     7
370
    25
100
AcDbLine
 10
-98.6303779188
 20
200.0026213618
 30
0.0
 11
-94.2074910166
 21
191.0338939465
 31
0.0
  0
ARC
  5
404
330
1F
100
AcDbEntity
  8
0
  6
Continuous
 62
     7
370
    25
100
AcDbCircle
 10
0.0
 20
0.0
 30
0.0
 40
223.0
100
AcDbArc
 50
115.75
 51
116.25
  0
LINE
  5
405
330
1F
100
AcDbEntity
  8
0
  6
Continuous
 62
     7
370
    25
100
AcDbLine
 10
-92.5368398271
 20
191.8487249757
 30
0.0
 11
-96.8812924012
 21
200.8557073689
 31
0.0
  0
ARC
  5
406
330
1F
100
AcDbEntity
  8
0
  6
Continuous
 62
     7
370
    25
100
AcDbCircle
 10
0.0
 20
0.0
 30
0.0
 40
213.0000000000001
100
AcDbArc
 50
126.75
 51
127.25
  0
LINE
  5
407
330
1F
100
AcDbEntity
  8
0
  6
Continuous
 62
     7
370
    25
100
AcDbLine
 10
-134.9805593336
 20
177.5084465652
 30
0.0
 11
-128.9276194531
 21
169.5484265399
 31
0.0
  0
ARC
  5
408
330
1F
100
AcDbEntity
  8
0
  6
Continuous
 62
     7
370
    25
100
AcDbCircle
 10
0.0
 20
0.0
 30
0.0
 40
223.0000000000001
100
AcDbArc
 50
126.75
 51
127.25
  0
LINE
  5
409
330
1F
100
AcDbEntity
  8
0
  6
Continuous
 62
     7
370
    25
100
AcDbLine
 10
-127.4431399216
 20
170.6670621032
 30
0.0
 11
-133.4263859273
 21
178.6796002301
 31
0.0
  0
ARC
  5
40A
330
1F
100
AcDbEntity
  8
0
  6
Continuous
 62
     7
370
    25
100
AcDbCircle
 10
0.0
 20
0.0
 30
0.0
 40
213.0
100
AcDbArc
 50
125.75
 51
126.25
  0
LINE
  5
40B
330
1F
100
AcDbEntity
  8
0
  6
Continuous
 62
     7
370
    25
100
AcDbLine
 10
-131.8620515851
 20
179.8371467516
 30
0.0
 11
-125.9489551014
 21
171.772700709
 31
0.0
  0
ARC
  5
40C
330
1F
100
AcDbEntity
  8
0
  6
Continuous
 62
     7
370
    25
100
AcDbCircle
 10
0.0
 20
0.0
 30
0.0
 40
223.0
100
AcDbArc
 50
125.75
 51
126.25
  0
LINE
  5
40D
330
1F
100
AcDbEntity
  8
0
  6
Continuous
 62
     7
370
    25
100
AcDbLine
 10
-124.4451787808
 20
172.8652581585
 30
0.0
 11
-130.2876754371
 21
180.9809979782
 31
0.0
  0
ARC
  5
40E
330
1F
100
AcDbEntity
  8
0
  6
Continuous
 62
     7
370
    25
100
AcDbCircle
 10
0.0
 20
0.0
 30
0.0
 40
213.0
100
AcDbArc
 50
128.75
 51
129.25
  0
LINE
  5
40F
330
1F
100
AcDbEntity
  8
0
  6
Continuous
 62
     7
370
    25
100
AcDbLine
 10
-141.0932882694
 20
172.6895596303
 30
0.0
 11
-134.7662349838
 21
164.9456331895
 31
0.0
  0
ARC
  5
410
330
1F
100
AcDbEntity
  8
0
  6
Continuous
 62
     7
370
    25
100
AcDbCircle
 10
0.0
 20
0.0
 30
0.0
 40
223.0
100
AcDbArc
 50
128.75
 51
129.25
  0
LINE
  5
411
330
1F
100
AcDbEntity
  8
0
  6
Continuous
 62
     7
370
    25
100
AcDbLine
 10
-133.3216995752
 20
166.1153948988
 30
0.0
 11
-139.580934297
 21
173.9142397297
 31
0.0
  0
ARC
  5
412
330
1F
100
AcDbEntity
  8
0
  6
Continuous
 62
     7
370
    25
100
AcDbCircle
 10
0.0
 20
0.0
 30
0.0
 40
213.0
100
AcDbArc
 50
127.75
 51
128.25
  0
LINE
  5
413
330
1F
100
AcDbEntity
  8
0
  6
Continuous
 62
     7
370
    25
100
AcDbLine
 10
-138.0579506961
 20
175.1256755864
 30
0.0
 11
-131.867011203
 21
167.2725062776
 31
0.0
  0
ARC
  5
414
330
1F
100
AcDbEntity
  8
0
  6
Continuous
 62
     7
370
    25
100
AcDbCircle
 10
0.0
 20
0.0
 30
0.0
 40
223.0
100
AcDbArc
 50
127.75
 51
128.25
  0
LINE
  5
415
330
1F
100
AcDbEntity
  8
0
  6
Continuous
 62
     7
370
    25
100
AcDbLine
 10
-130.4022806473
 20
168.4168792074
 30
0.0
 11
-136.5244534477
 21
176.3237749449
 31
0.0
  0
ARC
  5
416
330
1F
100
AcDbEntity
  8
0
  6
Continuous
 62
     7
370
    25
100
AcDbCircle
 10
0.0
 20
0.0
 30
0.0
 40
213.0
100
AcDbArc
 50
122.75
 51
123.25
  0
LINE
  5
417
330
1F
100
AcDbEntity
  8
0
  6
Continuous
 62
     7
370
    25
100
AcDbLine
 10
-122.2693901829
 20
186.491812754
 30
0.0
 11
-116.7864578877
 21
178.1289511956
 31
0.0
  0
ARC
  5
418
330
1F
100
AcDbEntity
  8
0
  6
Continuous
 62
     7
370
    25
100
AcDbCircle
 10
0.0
 20
0.0
 30
0.0
 40
223.0
100
AcDbArc
 50
122.75
 51
123.25
  0
LINE
  5
419
330
1F
100
AcDbEntity
  8
0
  6
Continuous
 62
     7
370
    25
100
AcDbLine
 10
-115.2275624014
 20
179.1413097614
 30
0.0
 11
-120.6373071151
 21
187.5516998911
 31
0.0
  0
ARC
  5
41A
330
1F
100
AcDbEntity
  8
0
  6
Continuous
 62
     7
370
    25
100
AcDbCircle
 10
0.0
 20
0.0
 30
0.0
 40
213.0
100
AcDbArc
 50
121.75
 51
122.25
  0
LINE
  5
41B
330
1F
100
AcDbEntity
  8
0
  6
Continuous
 62
     7
370
    25
100
AcDbLine
 10
-118.9960370492
 20
188.59730424
 30
0.0
 11
-113.65989189
 21
180.1400260229
 31
0.0
  0
ARC
  5
41C
330
1F
100
AcDbEntity
  8
0
  6
Continuous
 62
     7
370
    25
100
AcDbCircle
 10
0.0
 20
0.0
 30
0.0
 40
223.0
100
AcDbArc
 50
121.75
 51
122.25
  0
LINE
  5
41D
330
1F
100
AcDbEntity
  8
0
  6
Continuous
 62
     7
370
    25
100
AcDbLine
 10
-112.0835657378
 20
181.1250239241
 30
0.0
 11
-117.3457049744
 21
189.628546174
 31
0.0
  0
ARC
  5
41E
330
1F
100
AcDbEntity
  8
0
  6
Continuous
 62
     7
370
    25
100
AcDbCircle
 10
0.0
 20
0.0
 30
0.0
 40
213.0
100
AcDbArc
 50
124.75
 51
125.25
  0
LINE
  5
41F
330
1F
100
AcDbEntity
  8
0
  6
Continuous
 62
     7
370
    25
100
AcDbLine
 10
-128.7033773783
 20
182.1110668011
 30
0.0
 11
-122.9319254779
 21
173.9446512494
 31
0.0
  0
ARC
  5
420
330
1F
100
AcDbEntity
  8
0
  6
Continuous
 62
     7
370
    25
100
AcDbCircle
 10
0.0
 20
0.0
 30
0.0
 40
223.0000000000001
100
AcDbArc
 50
124.75
 51
125.25
  0
LINE
  5
421
330
1F
100
AcDbEntity
  8
0
  6
Continuous
 62
     7
370
    25
100
AcDbLine
 10
-121.409310433
 20
175.0107977817
 30
0.0
 11
-127.109278059
 21
183.2272671611
 31
0.0
  0
ARC
  5
422
330
1F
100
AcDbEntity
  8
0
  6
Continuous
 62
     7
370
    25
100
AcDbCircle
 10
0.0
 20
0.0
 30
0.0
 40
213.0
100
AcDbArc
 50
123.75
 51
124.25
  0
LINE
  5
423
330
1F
100
AcDbEntity
  8
0
  6
Continuous
 62
     7
370
    25
100
AcDbLine
 10
-125.505498876
 20
184.3295140554
 30
0.0
 11
-119.8774495991
 21
176.0636165641
 31
0.0
  0
ARC
  5
424
330
1F
100
AcDbEntity
  8
0
  6
Continuous
 62
     7
370
    25
100
AcDbCircle
 10
0.0
 20
0.0
 30
0.0
 40
223.0
100
AcDbArc
 50
123.75
 51
124.25
  0
LINE
  5
425
330
1F
100
AcDbEntity
  8
0
  6
Continuous
 62
     7
370
    25
100
AcDbLine
 10
-118.3364596332
 20
177.1030274204
 30
0.0
 11
-123.8921619634
 21
185.4177235435
 31
0.0
  0
ARC
  5
426
330
1F
100
AcDbEntity
  8
0
  6
Continuous
 62
     7
370
    25
100
AcDbCircle
 10
0.0
 20
0.0
 30
0.0
 40
213.0
100
AcDbArc
 50
102.75
 51
103.25
  0
LINE
  5
427
330
1F
100
AcDbEntity
  8
0
  6
Continuous
 62
     7
370
    25
100
AcDbLine
 10
-51.1116871757
 20
217.0635746367
 30
0.0
 11
-48.8196832665
 21
207.3297820521
 31
0.0
  0
ARC
  5
428
330
1F
100
AcDbEntity
  8
0
  6
Continuous
 62
     7
370
    25
100
AcDbCircle
 10
0.0
 20
0.0
 30
0.0
 40
223.0
100
AcDbArc
 50
102.75
 51
103.25
  0
LINE
  5
429
330
1F
100
AcDbEntity
  8
0
  6
Continuous
 62
     7
370
    25
100
AcDbLine
 10
-47.0085536596
 20
207.7479142683
 30
0.0
 11
-49.2155280098
 21
217.5013374734
 31
0.0
  0
ARC
  5
42A
330
1F
100
AcDbEntity
  8
0
  6
Continuous
 62
     7
370
    25
100
AcDbCircle
 10
0.0
 20
0.0
 30
0.0
 40
213.0000000000001
100
AcDbArc
 50
101.75
 51
102.25
  0
LINE
  5
42B
330
1F
100
AcDbEntity
  8
0
  6
Continuous
 62
     7
370
    25
100
AcDbLine
 10
-47.3156208909
 20
217.9225367412
 30
0.0
 11
-45.1938441693
 21
208.1502256766
 31
0.0
  0
ARC
  5
42C
330
1F
100
AcDbEntity
  8
0
  6
Continuous
 62
     7
370
    25
100
AcDbCircle
 10
0.0
 20
0.0
 30
0.0
 40
223.0000000000001
100
AcDbArc
 50
101.75
 51
102.25
  0
LINE
  5
42D
330
1F
100
AcDbEntity
  8
0
  6
Continuous
 62
     7
370
    25
100
AcDbLine
 10
-43.3756929929
 20
208.5366856392
 30
0.0
 11
-45.4121105043
 21
218.3271403641
 31
0.0
  0
ARC
  5
42E
330
1F
100
AcDbEntity
  8
0
  6
Continuous
 62
     7
370
    25
100
AcDbCircle
 10
0.0
 20
0.0
 30
0.0
 40
213.0000000000001
100
AcDbArc
 50
104.75
 51
105.25
  0
LINE
  5
42F
330
1F
100
AcDbEntity
  8
0
  6
Continuous
 62
     7
370
    25
100
AcDbLine
 10
-58.6559608241
 20
215.1475732138
 30
0.0
 11
-56.0256486795
 21
205.4996999755
 31
0.0
  0
ARC
  5
430
330
1F
100
AcDbEntity
  8
0
  6
Continuous
 62
     7
370
    25
100
AcDbCircle
 10
0.0
 20
0.0
 30
0.0
 40
223.0000000000001
100
AcDbArc
 50
104.75
 51
105.25
  0
LINE
  5
431
330
1F
100
AcDbEntity
  8
0
  6
Continuous
 62
     7
370
    25
100
AcDbLine
 10
-54.2302149678
 20
205.9807849887
 30
0.0
 11
-56.7762344498
 21
215.6512443778
 31
0.0
  0
ARC
  5
432
330
1F
100
AcDbEntity
  8
0
  6
Continuous
 62
     7
370
    25
100
AcDbCircle
 10
0.0
 20
0.0
 30
0.0
 40
213.0
100
AcDbArc
 50
103.75
 51
104.25
  0
LINE
  5
433
330
1F
100
AcDbEntity
  8
0
  6
Continuous
 62
     7
370
    25
100
AcDbLine
 10
-54.8921843455
 20
216.1384928646
 30
0.0
 11
-52.4306514152
 21
206.4461837675
 31
0.0
  0
ARC
  5
434
330
1F
100
AcDbEntity
  8
0
  6
Continuous
 62
     7
370
    25
100
AcDbCircle
 10
0.0
 20
0.0
 30
0.0
 40
223.0000000000001
100
AcDbArc
 50
103.75
 51
104.25
  0
LINE
  5
435
330
1F
100
AcDbEntity
  8
0
  6
Continuous
 62
     7
370
    25
100
AcDbLine
 10
-50.6270950655
 20
206.8958608702
 30
0.0
 11
-53.0039539887
 21
216.6092815684
 31
0.0
  0
ARC
  5
436
330
1F
100
AcDbEntity
  8
0
  6
Continuous
 62
     7
370
    25
100
AcDbCircle
 10
0.0
 20
0.0
 30
0.0
 40
213.0
100
AcDbArc
 50
100.75
 51
101.25
  0
LINE
  5
437
330
1F
100
AcDbEntity
  8
0
  6
Continuous
 62
     7
370
    25
100
AcDbLine
 10
-43.5051418096
 20
218.7151175299
 30
0.0
 11
-41.5542385894
 21
208.9072647259
 31
0.0
  0
ARC
  5
438
330
1F
100
AcDbEntity
  8
0
  6
Continuous
 62
     7
370
    25
100
AcDbCircle
 10
0.0
 20
0.0
 30
0.0
 40
223.0
100
AcDbArc
 50
100.75
 51
101.25
  0
LINE
  5
439
330
1F
100
AcDbEntity
  8
0
  6
Continuous
 62
     7
370
    25
100
AcDbLine
 10
-39.7296196699
 20
209.2619347155
 30
0.0
 11
-41.5948600299
 21
219.0864386928
 31
0.0
  0
ARC
  5
43A
330
1F
100
AcDbEntity
  8
0
  6
Continuous
 62
     7
370
    25
100
AcDbCircle
 10
0.0
 20
0.0
 30
0.0
 40
213.0
100
AcDbArc
 50
99.75
 51
100.25
  0
LINE
  5
43B
330
1F
100
AcDbEntity
  8
0
  6
Continuous
 62
     7
370
    25
100
AcDbLine
 10
-39.6814106407
 20
219.4410755751
 30
0.0
 11
-37.9019751859
 21
209.6006685987
 31
0.0
  0
ARC
  5
43C
330
1F
100
AcDbEntity
  8
0
  6
Continuous
 62
     7
370
    25
100
AcDbCircle
 10
0.0
 20
0.0
 30
0.0
 40
223.0
100
AcDbArc
 50
99.75
 51
100.25
  0
LINE
  5
43D
330
1F
100
AcDbEntity
  8
0
  6
Continuous
 62
     7
370
    25
100
AcDbLine
 10
-36.0714443198
 20
209.9234405794
 30
0.0
 11
-37.7649393583
 21
219.77900117
 31
0.0
  0
ARC
  5
43E
330
1F
100
AcDbEntity
  8
0
  6
Continuous
 62
     7
370
    25
100
AcDbCircle
 10
0.0
 20
0.0
 30
0.0
 40
213.0
100
AcDbArc
 50
98.75
 51
99.25
  0
LINE
  5
43F
330
1F
100
AcDbEntity
  8
0
  6
Continuous
 62
     7
370
    25
100
AcDbLine
 10
-35.8455921297
 20
220.1001897429
 30
0.0
 11
-34.2381664736
 21
210.2302260773
 31
0.0
  0
ARC
  5
440
330
1F
100
AcDbEntity
  8
0
  6
Continuous
 62
     7
370
    25
100
AcDbCircle
 10
0.0
 20
0.0
 30
0.0
 40
223.0
100
AcDbArc
 50
98.75
 51
99.25
  0
LINE
  5
441
330
1F
100
AcDbEntity
  8
0
  6
Continuous
 62
     7
370
    25
100
AcDbLine
 10
-32.4022812585
 20
210.5210017296
 30
0.0
 11
-33.9235151204
 21
220.4046168343
 31
0.0
  0
ARC
  5
442
330
1F
100
AcDbEntity
  8
0
  6
Continuous
 62
     7
370
    25
100
AcDbCircle
 10
0.0
 20
0.0
 30
0.0
 40
213.0
100
AcDbArc
 50
97.75
 51
98.25
  0
LINE
  5
443
330
1F
100
AcDbEntity
  8
0
  6
Continuous
 62
     7
370
    25
100
AcDbLine
 10
-31.998854704
 20
220.6922592608
 30
0.0
 11
-30.5639284841
 21
210.7957453926
 31
0.0
  0
ARC
  5
444
330
1F
100
AcDbEntity
  8
0
  6
Continuous
 62
     7
370
    25
100
AcDbCircle
 10
0.0
 20
0.0
 30
0.0
 40
223.0
100
AcDbArc
 50
97.75
 51
98.25
  0
LINE
  5
445
330
1F
100
AcDbEntity
  8
0
  6
Continuous
 62
     7
370
    25
100
AcDbLine
 10
-28.7232481483
 20
211.0544361434
 30
0.0
 11
-30.071757451
 21
220.9630951173
 31
0.0
  0
ARC
  5
446
330
1F
100
AcDbEntity
  8
0
  6
Continuous
 62
     7
370
    25
100
AcDbCircle
 10
0.0
 20
0.0
 30
0.0
 40
213.0
100
AcDbArc
 50
110.75
 51
111.25
  0
LINE
  5
447
330
1F
100
AcDbEntity
  8
0
  6
Continuous
 62
     7
370
    25
100
AcDbLine
 10
-80.8236825373
 20
207.8377548501
 30
0.0
 11
-77.1993021544
 21
198.5176761572
 31
0.0
  0
ARC
  5
448
330
1F
100
AcDbEntity
  8
0
  6
Continuous
 62
     7
370
    25
100
AcDbCircle
 10
0.0
 20
0.0
 30
0.0
 40
223.0
100
AcDbArc
 50
110.75
 51
111.25
  0
LINE
  5
449
330
1F
100
AcDbEntity
  8
0
  6
Continuous
 62
     7
370
    25
100
AcDbLine
 10
-75.4639910935
 20
199.1837996631
 30
0.0
 11
-79.0069014735
 21
208.53515176
 31
0.0
  0
ARC
  5
44A
330
1F
100
AcDbEntity
  8
0
  6
Continuous
 62
     7
370
    25
100
AcDbCircle
 10
0.0
 20
0.0
 30
0.0
 40
213.0
100
AcDbArc
 50
109.75
 51
110.25
  0
LINE
  5
44B
330
1F
100
AcDbEntity
  8
0
  6
Continuous
 62
     7
370
    25
100
AcDbLine
 10
-77.1841037283
 20
209.2166679107
 30
0.0
 11
-73.7229331575
 21
199.8347545515
 31
0.0
  0
ARC
  5
44C
330
1F
100
AcDbEntity
  8
0
  6
Continuous
 62
     7
370
    25
100
AcDbCircle
 10
0.0
 20
0.0
 30
0.0
 40
223.0
100
AcDbArc
 50
109.75
 51
110.25
  0
LINE
  5
44D
330
1F
100
AcDbEntity
  8
0
  6
Continuous
 62
     7
370
    25
100
AcDbLine
 10
-71.9762609347
 20
200.4704912496
 30
0.0
 11
-75.3554281147
 21
209.8822514022
 31
0.0
  0
ARC
  5
44E
330
1F
100
AcDbEntity
  8
0
  6
Continuous
 62
     7
370
    25
100
AcDbCircle
 10
0.0
 20
0.0
 30
0.0
 40
213.0
100
AcDbArc
 50
112.75
 51
113.25
  0
LINE
  5
44F
330
1F
100
AcDbEntity
  8
0
  6
Continuous
 62
     7
370
    25
100
AcDbLine
 10
-88.0278799737
 20
204.8904398632
 30
0.0
 11
-84.0804414098
 21
195.7025277617
 31
0.0
  0
ARC
  5
450
330
1F
100
AcDbEntity
  8
0
  6
Continuous
 62
     7
370
    25
100
AcDbCircle
 10
0.0
 20
0.0
 30
0.0
 40
223.0
100
AcDbArc
 50
112.75
 51
113.25
  0
LINE
  5
451
330
1F
100
AcDbEntity
  8
0
  6
Continuous
 62
     7
370
    25
100
AcDbLine
 10
-82.3694348286
 20
196.4288069658
 30
0.0
 11
-86.236544445
 21
205.6508166825
 31
0.0
  0
ARC
  5
452
330
1F
100
AcDbEntity
  8
0
  6
Continuous
 62
     7
370
    25
100
AcDbCircle
 10
0.0
 20
0.0
 30
0.0
 40
213.0000000000001
100
AcDbArc
 50
111.75
 51
112.25
  0
LINE
  5
453
330
1F
100
AcDbEntity
  8
0
  6
Continuous
 62
     7
370
    25
100
AcDbLine
 10
-84.4386416696
 20
206.3955323959
 30
0.0
 11
-80.6521554961
 21
197.1401273557
 31
0.0
  0
ARC
  5
454
330
1F
100
AcDbEntity
  8
0
  6
Continuous
 62
     7
370
    25
100
AcDbCircle
 10
0.0
 20
0.0
 30
0.0
 40
223.0000000000001
100
AcDbArc
 50
111.75
 51
112.25
  0
LINE
  5
455
330
1F
100
AcDbEntity
  8
0
  6
Continuous
 62
     7
370
    25
100
AcDbLine
 10
-78.9287341896
 20
197.8364347617
 30
0.0
 11
-82.6343085647
 21
207.1245302904
 31
0.0
  0
ARC
  5
456
330
1F
100
AcDbEntity
  8
0
  6
Continuous
 62
     7
370
    25
100
AcDbCircle
 10
0.0
 20
0.0
 30
0.0
 40
213.0
100
AcDbArc
 50
106.75
 51
107.25
  0
LINE
  5
457
330
1F
100
AcDbEntity
  8
0
  6
Continuous
 62
     7
370
    25
100
AcDbLine
 10
-66.1287712196
 20
212.969447614
 30
0.0
 11
-63.1633554698
 21
203.4192481694
 31
0.0
  0
ARC
  5
458
330
1F
100
AcDbEntity
  8
0
  6
Continuous
 62
     7
370
    25
100
AcDbCircle
 10
0.0
 20
0.0
 30
0.0
 40
223.0
100
AcDbArc
 50
106.75
 51
107.25
  0
LINE
  5
459
330
1F
100
AcDbEntity
  8
0
  6
Continuous
 62
     7
370
    25
100
AcDbLine
 10
-61.3858051126
 20
203.9626998514
 30
0.0
 11
-64.2677677939
 21
213.5384134595
 31
0.0
  0
ARC
  5
45A
330
1F
100
AcDbEntity
  8
0
  6
Continuous
 62
     7
370
    25
100
AcDbCircle
 10
0.0
 20
0.0
 30
0.0
 40
213.0
100
AcDbArc
 50
105.75
 51
106.25
  0
LINE
  5
45B
330
1F
100
AcDbEntity
  8
0
  6
Continuous
 62
     7
370
    25
100
AcDbLine
 10
-62.4018701289
 20
214.0911175281
 30
0.0
 11
-59.6035799886
 21
204.4906189842
 31
0.0
  0
ARC
  5
45C
330
1F
100
AcDbEntity
  8
0
  6
Continuous
 62
     7
370
    25
100
AcDbCircle
 10
0.0
 20
0.0
 30
0.0
 40
223.0000000000001
100
AcDbArc
 50
105.75
 51
106.25
  0
LINE
  5
45D
330
1F
100
AcDbEntity
  8
0
  6
Continuous
 62
     7
370
    25
100
AcDbLine
 10
-57.8168158213
 20
205.0029653646
 30
0.0
 11
-60.5312203199
 21
214.6275177292
 31
0.0
  0
ARC
  5
45E
330
1F
100
AcDbEntity
  8
0
  6
Continuous
 62
     7
370
    25
100
AcDbCircle
 10
0.0
 20
0.0
 30
0.0
 40
213.0
100
AcDbArc
 50
108.75
 51
109.25
  0
LINE
  5
45F
330
1F
100
AcDbEntity
  8
0
  6
Continuous
 62
     7
370
    25
100
AcDbLine
 10
-73.5210138936
 20
210.5318515476
 30
0.0
 11
-70.224107441
 21
201.0909613437
 31
0.0
  0
ARC
  5
460
330
1F
100
AcDbEntity
  8
0
  6
Continuous
 62
     7
370
    25
100
AcDbCircle
 10
0.0
 20
0.0
 30
0.0
 40
223.0000000000001
100
AcDbArc
 50
108.75
 51
109.25
  0
LINE
  5
461
330
1F
100
AcDbEntity
  8
0
  6
Continuous
 62
     7
370
    25
100
AcDbLine
 10
-68.4666061096
 20
201.6961175825
 30
0.0
 11
-71.6810007626
 21
211.1654188774
 31
0.0
  0
ARC
  5
462
330
1F
100
AcDbEntity
  8
0
  6
Continuous
 62
     7
370
    25
100
AcDbCircle
 10
0.0
 20
0.0
 30
0.0
 40
213.0
100
AcDbArc
 50
107.75
 51
108.25
  0
LINE
  5
463
330
1F
100
AcDbEntity
  8
0
  6
Continuous
 62
     7
370
    25
100
AcDbLine
 10
-69.8355288459
 20
211.782905143
 30
0.0
 11
-66.703890781
 21
202.285913881
 31
0.0
  0
ARC
  5
464
330
1F
100
AcDbEntity
  8
0
  6
Continuous
 62
     7
370
    25
100
AcDbCircle
 10
0.0
 20
0.0
 30
0.0
 40
223.0000000000001
100
AcDbArc
 50
107.75
 51
108.25
  0
LINE
  5
465
330
1F
100
AcDbEntity
  8
0
  6
Continuous
 62
     7
370
    25
100
AcDbLine
 10
-64.936095693
 20
202.860305324
 30
0.0
 11
-67.9847386832
 21
212.3842633205
 31
0.0
  0
ARC
  5
466
330
1F
100
AcDbEntity
  8
0
  6
Continuous
 62
     7
370
    25
100
AcDbCircle
 10
0.0
 20
0.0
 30
0.0
 40
213.0
100
AcDbArc
 50
358.75
 51
359.25
  0
LINE
  5
467
330
1F
100
AcDbEntity
  8
0
  6
Continuous
 62
     7
370
    25
100
AcDbLine
 10
222.980895049
 20
-2.9189798124
 30
0.0
 11
212.9817517733
 21
-2.7880838567
 31
0.0
  0
ARC
  5
468
330
1F
100
AcDbEntity
  8
0
  6
Continuous
 62
     7
370
    25
100
AcDbCircle
 10
0.0
 20
0.0
 30
0.0
 40
223.0
100
AcDbArc
 50
358.75
 51
359.25
  0
LINE
  5
469
330
1F
100
AcDbEntity
  8
0
  6
Continuous
 62
     7
370
    25
100
AcDbLine
 10
212.949311768
 20
-4.6465705124
 30
0.0
 11
222.9469320388
 21
-4.8647193627
 31
0.0
  0
ARC
  5
46A
330
1F
100
AcDbEntity
  8
0
  6
Continuous
 62
     7
370
    25
100
AcDbCircle
 10
0.0
 20
0.0
 30
0.0
 40
213.0
100
AcDbArc
 50
357.75
 51
358.25
  0
LINE
  5
46B
330
1F
100
AcDbEntity
  8
0
  6
Continuous
 62
     7
370
    25
100
AcDbLine
 10
222.8959907566
 20
-6.8100884458
 30
0.0
 11
212.9006548482
 21
-6.5047033137
 31
0.0
  0
ARC
  5
46C
330
1F
100
AcDbEntity
  8
0
  6
Continuous
 62
     7
370
    25
100
AcDbCircle
 10
0.0
 20
0.0
 30
0.0
 40
223.0
100
AcDbArc
 50
357.75
 51
358.25
  0
LINE
  5
46D
330
1F
100
AcDbEntity
  8
0
  6
Continuous
 62
     7
370
    25
100
AcDbLine
 10
212.8357847193
 20
-8.3623407567
 30
0.0
 11
222.8280750817
 21
-8.7549389143
 31
0.0
  0
ARC
  5
46E
330
1F
100
AcDbEntity
  8
0
  6
Continuous
 62
     7
370
    25
100
AcDbCircle
 10
0.0
 20
0.0
 30
0.0
 40
213.0
100
AcDbArc
 50
356.75
 51
357.25
  0
LINE
  5
46F
330
1F
100
AcDbEntity
  8
0
  6
Continuous
 62
     7
370
    25
100
AcDbLine
 10
222.7431901861
 20
-10.6991226603
 30
0.0
 11
212.7547063213
 21
-10.219341375
 31
0.0
  0
ARC
  5
470
330
1F
100
AcDbEntity
  8
0
  6
Continuous
 62
     7
370
    25
100
AcDbCircle
 10
0.0
 20
0.0
 30
0.0
 40
223.0000000000001
100
AcDbArc
 50
356.75
 51
357.25
  0
LINE
  5
471
330
1F
100
AcDbEntity
  8
0
  6
Continuous
 62
     7
370
    25
100
AcDbLine
 10
212.6574258287
 20
-12.075563751
 30
0.0
 11
222.6413425343
 21
-12.6424916266
 31
0.0
  0
ARC
  5
472
330
1F
100
AcDbEntity
  8
0
  6
Continuous
 62
     7
370
    25
100
AcDbCircle
 10
0.0
 20
0.0
 30
0.0
 40
213.0
100
AcDbArc
 50
355.75
 51
356.25
  0
LINE
  5
473
330
1F
100
AcDbEntity
  8
0
  6
Continuous
 62
     7
370
    25
100
AcDbLine
 10
222.5225398822
 20
-14.5848978183
 30
0.0
 11
212.5439506498
 21
-13.930866526
 31
0.0
  0
ARC
  5
474
330
1F
100
AcDbEntity
  8
0
  6
Continuous
 62
     7
370
    25
100
AcDbCircle
 10
0.0
 20
0.0
 30
0.0
 40
223.0
100
AcDbArc
 50
355.75
 51
356.25
  0
LINE
  5
475
330
1F
100
AcDbEntity
  8
0
  6
Continuous
 62
     7
370
    25
100
AcDbLine
 10
212.4142894262
 20
-15.7851084116
 30
0.0
 11
222.3867912772
 21
-16.5261933136
 31
0.0
  0
ARC
  5
476
330
1F
100
AcDbEntity
  8
0
  6
Continuous
 62
     7
370
    25
100
AcDbCircle
 10
0.0
 20
0.0
 30
0.0
 40
213.0
100
AcDbArc
 50
354.75
 51
355.25
  0
LINE
  5
477
330
1F
100
AcDbEntity
  8
0
  6
Continuous
 62
     7
370
    25
100
AcDbLine
 10
222.234107057
 20
-18.4662302752
 30
0.0
 11
212.268452032
 21
-17.6381482001
 31
0.0
  0
ARC
  5
478
330
1F
100
AcDbEntity
  8
0
  6
Continuous
 62
     7
370
    25
100
AcDbCircle
 10
0.0
 20
0.0
 30
0.0
 40
223.0
100
AcDbArc
 50
354.75
 51
355.25
  0
LINE
  5
479
330
1F
100
AcDbEntity
  8
0
  6
Continuous
 62
     7
370
    25
100
AcDbLine
 10
212.1064495734
 20
-19.4898447753
 30
0.0
 11
222.0644988491
 21
-20.4048609619
 31
0.0
  0
ARC
  5
47A
330
1F
100
AcDbEntity
  8
0
  6
Continuous
 62
     7
370
    25
100
AcDbCircle
 10
0.0
 20
0.0
 30
0.0
 40
213.0
100
AcDbArc
 50
353.75
 51
354.25
  0
LINE
  5
47B
330
1F
100
AcDbEntity
  8
0
  6
Continuous
 62
     7
370
    25
100
AcDbLine
 10
221.87797957
 20
-22.3419377395
 30
0.0
 11
211.9282943874
 21
-21.3400571234
 31
0.0
  0
ARC
  5
47C
330
1F
100
AcDbEntity
  8
0
  6
Continuous
 62
     7
370
    25
100
AcDbCircle
 10
0.0
 20
0.0
 30
0.0
 40
223.0
100
AcDbArc
 50
353.75
 51
354.25
  0
LINE
  5
47D
330
1F
100
AcDbEntity
  8
0
  6
Continuous
 62
     7
370
    25
100
AcDbLine
 10
211.7340000414
 20
-23.1886443435
 30
0.0
 11
221.6745634236
 21
-24.277313092
 31
0.0
  0
ARC
  5
47E
330
1F
100
AcDbEntity
  8
0
  6
Continuous
 62
     7
370
    25
100
AcDbCircle
 10
0.0
 20
0.0
 30
0.0
 40
213.0
100
AcDbArc
 50
331.75
 51
332.25
  0
LINE
  5
47F
330
1F
100
AcDbEntity
  8
0
  6
Continuous
 62
     7
370
    25
100
AcDbLine
 10
197.3522431543
 20
-103.8320380325
 30
0.0
 11
188.5023667796
 21
-99.1758928292
 31
0.0
  0
ARC
  5
480
330
1F
100
AcDbEntity
  8
0
  6
Continuous
 62
     7
370
    25
100
AcDbCircle
 10
0.0
 20
0.0
 30
0.0
 40
223.0
100
AcDbArc
 50
331.75
 51
332.25
  0
LINE
  5
481
330
1F
100
AcDbEntity
  8
0
  6
Continuous
 62
     7
370
    25
100
AcDbLine
 10
187.6297272377
 20
-100.8170891104
 30
0.0
 11
196.4386346198
 21
-105.5502857822
 31
0.0
  0
ARC
  5
482
330
1F
100
AcDbEntity
  8
0
  6
Continuous
 62
     7
370
    25
100
AcDbCircle
 10
0.0
 20
0.0
 30
0.0
 40
213.0
100
AcDbArc
 50
332.75
 51
333.25
  0
LINE
  5
483
330
1F
100
AcDbEntity
  8
0
  6
Continuous
 62
     7
370
    25
100
AcDbLine
 10
199.1343043807
 20
-100.3719523513
 30
0.0
 11
190.2045149466
 21
-95.870967941
 31
0.0
  0
ARC
  5
484
330
1F
100
AcDbEntity
  8
0
  6
Continuous
 62
     7
370
    25
100
AcDbCircle
 10
0.0
 20
0.0
 30
0.0
 40
223.0
100
AcDbArc
 50
332.75
 51
333.25
  0
LINE
  5
485
330
1F
100
AcDbEntity
  8
0
  6
Continuous
 62
     7
370
    25
100
AcDbLine
 10
189.3606511365
 20
-97.5271439199
 30
0.0
 11
198.2508225513
 21
-102.1058830711
 31
0.0
  0
ARC
  5
486
330
1F
100
AcDbEntity
  8
0
  6
Continuous
 62
     7
370
    25
100
AcDbCircle
 10
0.0
 20
0.0
 30
0.0
 40
213.0
100
AcDbArc
 50
329.75
 51
330.25
  0
LINE
  5
487
330
1F
100
AcDbEntity
  8
0
  6
Continuous
 62
     7
370
    25
100
AcDbLine
 10
193.6083356311
 20
-110.6562803196
 30
0.0
 11
184.9263474862
 21
-105.6941152828
 31
0.0
  0
ARC
  5
488
330
1F
100
AcDbEntity
  8
0
  6
Continuous
 62
     7
370
    25
100
AcDbCircle
 10
0.0
 20
0.0
 30
0.0
 40
223.0
100
AcDbArc
 50
329.75
 51
330.25
  0
LINE
  5
489
330
1F
100
AcDbEntity
  8
0
  6
Continuous
 62
     7
370
    25
100
AcDbLine
 10
183.9969626085
 20
-107.3038571107
 30
0.0
 11
192.6353176606
 21
-112.3415968811
 31
0.0
  0
ARC
  5
48A
330
1F
100
AcDbEntity
  8
0
  6
Continuous
 62
     7
370
    25
100
AcDbCircle
 10
0.0
 20
0.0
 30
0.0
 40
213.0
100
AcDbArc
 50
330.75
 51
331.25
  0
LINE
  5
48B
330
1F
100
AcDbEntity
  8
0
  6
Continuous
 62
     7
370
    25
100
AcDbLine
 10
195.5100665228
 20
-107.260495469
 30
0.0
 11
186.7427989657
 21
-102.4506077798
 31
0.0
  0
ARC
  5
48C
330
1F
100
AcDbEntity
  8
0
  6
Continuous
 62
     7
370
    25
100
AcDbCircle
 10
0.0
 20
0.0
 30
0.0
 40
223.0
100
AcDbArc
 50
330.75
 51
331.25
  0
LINE
  5
48D
330
1F
100
AcDbEntity
  8
0
  6
Continuous
 62
     7
370
    25
100
AcDbLine
 10
185.8416495065
 20
-104.0763244388
 30
0.0
 11
194.5666095772
 21
-108.9625368538
 31
0.0
  0
ARC
  5
48E
330
1F
100
AcDbEntity
  8
0
  6
Continuous
 62
     7
370
    25
100
AcDbCircle
 10
0.0
 20
0.0
 30
0.0
 40
213.0000000000001
100
AcDbArc
 50
335.75
 51
336.25
  0
LINE
  5
48F
330
1F
100
AcDbEntity
  8
0
  6
Continuous
 62
     7
370
    25
100
AcDbLine
 10
204.1144598436
 20
-89.8125118385
 30
0.0
 11
194.9613450524
 21
-85.7850449399
 31
0.0
  0
ARC
  5
490
330
1F
100
AcDbEntity
  8
0
  6
Continuous
 62
     7
370
    25
100
AcDbCircle
 10
0.0
 20
0.0
 30
0.0
 40
223.0000000000001
100
AcDbArc
 50
335.75
 51
336.25
  0
LINE
  5
491
330
1F
100
AcDbEntity
  8
0
  6
Continuous
 62
     7
370
    25
100
AcDbLine
 10
194.2053152819
 20
-87.4831156067
 30
0.0
 11
203.3229357177
 21
-91.5903041328
 31
0.0
  0
ARC
  5
492
330
1F
100
AcDbEntity
  8
0
  6
Continuous
 62
     7
370
    25
100
AcDbCircle
 10
0.0
 20
0.0
 30
0.0
 40
213.0
100
AcDbArc
 50
336.75
 51
337.25
  0
LINE
  5
493
330
1F
100
AcDbEntity
  8
0
  6
Continuous
 62
     7
370
    25
100
AcDbLine
 10
205.6508166825
 20
-86.236544445
 30
0.0
 11
196.4288069658
 21
-82.3694348286
 31
0.0
  0
ARC
  5
494
330
1F
100
AcDbEntity
  8
0
  6
Continuous
 62
     7
370
    25
100
AcDbCircle
 10
0.0
 20
0.0
 30
0.0
 40
223.0
100
AcDbArc
 50
336.75
 51
337.25
  0
LINE
  5
495
330
1F
100
AcDbEntity
  8
0
  6
Continuous
 62
     7
370
    25
100
AcDbLine
 10
195.7025277617
 20
-84.0804414098
 30
0.0
 11
204.8904398632
 21
-88.0278799737
 31
0.0
  0
ARC
  5
496
330
1F
100
AcDbEntity
  8
0
  6
Continuous
 62
     7
370
    25
100
AcDbCircle
 10
0.0
 20
0.0
 30
0.0
 40
213.0
100
AcDbArc
 50
333.75
 51
334.25
  0
LINE
  5
497
330
1F
100
AcDbEntity
  8
0
  6
Continuous
 62
     7
370
    25
100
AcDbLine
 10
200.8557073689
 20
-96.8812924012
 30
0.0
 11
191.8487249757
 21
-92.5368398271
 31
0.0
  0
ARC
  5
498
330
1F
100
AcDbEntity
  8
0
  6
Continuous
 62
     7
370
    25
100
AcDbCircle
 10
0.0
 20
0.0
 30
0.0
 40
223.0000000000001
100
AcDbArc
 50
333.75
 51
334.25
  0
LINE
  5
499
330
1F
100
AcDbEntity
  8
0
  6
Continuous
 62
     7
370
    25
100
AcDbLine
 10
191.0338939465
 20
-94.2074910166
 30
0.0
 11
200.0026213618
 21
-98.6303779188
 31
0.0
  0
ARC
  5
49A
330
1F
100
AcDbEntity
  8
0
  6
Continuous
 62
     7
370
    25
100
AcDbCircle
 10
0.0
 20
0.0
 30
0.0
 40
213.0
100
AcDbArc
 50
334.75
 51
335.25
  0
LINE
  5
49B
330
1F
100
AcDbEntity
  8
0
  6
Continuous
 62
     7
370
    25
100
AcDbLine
 10
202.515927763
 20
-93.3611214708
 30
0.0
 11
193.4344960247
 21
-89.1745240955
 31
0.0
  0
ARC
  5
49C
330
1F
100
AcDbEntity
  8
0
  6
Continuous
 62
     7
370
    25
100
AcDbCircle
 10
0.0
 20
0.0
 30
0.0
 40
223.0000000000001
100
AcDbArc
 50
334.75
 51
335.25
  0
LINE
  5
49D
330
1F
100
AcDbEntity
  8
0
  6
Continuous
 62
     7
370
    25
100
AcDbLine
 10
192.6489459818
 20
-90.859141599
 30
0.0
 11
201.6934974363
 21
-95.124828998
 31
0.0
  0
ARC
  5
49E
330
1F
100
AcDbEntity
  8
0
  6
Continuous
 62
     7
370
    25
100
AcDbCircle
 10
0.0
 20
0.0
 30
0.0
 40
213.0
100
AcDbArc
 50
323.75
 51
324.25
  0
LINE
  5
49F
330
1F
100
AcDbEntity
  8
0
  6
Continuous
 62
     7
370
    25
100
AcDbLine
 10
180.9809979782
 20
-130.2876754371
 30
0.0
 11
172.8652581585
 21
-124.4451787808
 31
0.0
  0
ARC
  5
4A0
330
1F
100
AcDbEntity
  8
0
  6
Continuous
 62
     7
370
    25
100
AcDbCircle
 10
0.0
 20
0.0
 30
0.0
 40
223.0
100
AcDbArc
 50
323.75
 51
324.25
  0
LINE
  5
4A1
330
1F
100
AcDbEntity
  8
0
  6
Continuous
 62
     7
370
    25
100
AcDbLine
 10
171.772700709
 20
-125.9489551014
 30
0.0
 11
179.8371467517
 21
-131.8620515851
 31
0.0
  0
ARC
  5
4A2
330
1F
100
AcDbEntity
  8
0
  6
Continuous
 62
     7
370
    25
100
AcDbCircle
 10
0.0
 20
0.0
 30
0.0
 40
213.0
100
AcDbArc
 50
324.75
 51
325.25
  0
LINE
  5
4A3
330
1F
100
AcDbEntity
  8
0
  6
Continuous
 62
     7
370
    25
100
AcDbLine
 10
183.2272671611
 20
-127.109278059
 30
0.0
 11
175.0107977817
 21
-121.409310433
 31
0.0
  0
ARC
  5
4A4
330
1F
100
AcDbEntity
  8
0
  6
Continuous
 62
     7
370
    25
100
AcDbCircle
 10
0.0
 20
0.0
 30
0.0
 40
223.0
100
AcDbArc
 50
324.75
 51
325.25
  0
LINE
  5
4A5
330
1F
100
AcDbEntity
  8
0
  6
Continuous
 62
     7
370
    25
100
AcDbLine
 10
173.9446512494
 20
-122.9319254779
 30
0.0
 11
182.1110668011
 21
-128.7033773783
 31
0.0
  0
ARC
  5
4A6
330
1F
100
AcDbEntity
  8
0
  6
Continuous
 62
     7
370
    25
100
AcDbCircle
 10
0.0
 20
0.0
 30
0.0
 40
213.0
100
AcDbArc
 50
321.75
 51
322.25
  0
LINE
  5
4A7
330
1F
100
AcDbEntity
  8
0
  6
Continuous
 62
     7
370
    25
100
AcDbLine
 10
176.3237749449
 20
-136.5244534477
 30
0.0
 11
168.4168792074
 21
-130.4022806473
 31
0.0
  0
ARC
  5
4A8
330
1F
100
AcDbEntity
  8
0
  6
Continuous
 62
     7
370
    25
100
AcDbCircle
 10
0.0
 20
0.0
 30
0.0
 40
223.0000000000001
100
AcDbArc
 50
321.75
 51
322.25
  0
LINE
  5
4A9
330
1F
100
AcDbEntity
  8
0
  6
Continuous
 62
     7
370
    25
100
AcDbLine
 10
167.2725062776
 20
-131.867011203
 30
0.0
 11
175.1256755864
 21
-138.0579506961
 31
0.0
  0
ARC
  5
4AA
330
1F
100
AcDbEntity
  8
0
  6
Continuous
 62
     7
370
    25
100
AcDbCircle
 10
0.0
 20
0.0
 30
0.0
 40
213.0
100
AcDbArc
 50
322.75
 51
323.25
  0
LINE
  5
4AB
330
1F
100
AcDbEntity
  8
0
  6
Continuous
 62
     7
370
    25
100
AcDbLine
 10
178.6796002301
 20
-133.4263859273
 30
0.0
 11
170.6670621032
 21
-127.4431399215
 31
0.0
  0
ARC
  5
4AC
330
1F
100
AcDbEntity
  8
0
  6
Continuous
 62
     7
370
    25
100
AcDbCircle
 10
0.0
 20
0.0
 30
0.0
 40
223.0
100
AcDbArc
 50
322.75
 51
323.25
  0
LINE
  5
4AD
330
1F
100
AcDbEntity
  8
0
  6
Continuous
 62
     7
370
    25
100
AcDbLine
 10
169.5484265399
 20
-128.9276194531
 30
0.0
 11
177.5084465652
 21
-134.9805593336
 31
0.0
  0
ARC
  5
4AE
330
1F
100
AcDbEntity
  8
0
  6
Continuous
 62
     7
370
    25
100
AcDbCircle
 10
0.0
 20
0.0
 30
0.0
 40
213.0
100
AcDbArc
 50
327.75
 51
328.25
  0
LINE
  5
4AF
330
1F
100
AcDbEntity
  8
0
  6
Continuous
 62
     7
370
    25
100
AcDbLine
 10
189.628546174
 20
-117.3457049744
 30
0.0
 11
181.1250239241
 21
-112.0835657378
 31
0.0
  0
ARC
  5
4B0
330
1F
100
AcDbEntity
  8
0
  6
Continuous
 62
     7
370
    25
100
AcDbCircle
 10
0.0
 20
0.0
 30
0.0
 40
223.0
100
AcDbArc
 50
327.75
 51
328.25
  0
LINE
  5
4B1
330
1F
100
AcDbEntity
  8
0
  6
Continuous
 62
     7
370
    25
100
AcDbLine
 10
180.1400260229
 20
-113.65989189
 30
0.0
 11
188.59730424
 21
-118.9960370492
 31
0.0
  0
ARC
  5
4B2
330
1F
100
AcDbEntity
  8
0
  6
Continuous
 62
     7
370
    25
100
AcDbCircle
 10
0.0
 20
0.0
 30
0.0
 40
213.0
100
AcDbArc
 50
328.75
 51
329.25
  0
LINE
  5
4B3
330
1F
100
AcDbEntity
  8
0
  6
Continuous
 62
     7
370
    25
100
AcDbLine
 10
191.6476297648
 20
-114.0183581952
 30
0.0
 11
183.0535656498
 21
-108.9054273344
 31
0.0
  0
ARC
  5
4B4
330
1F
100
AcDbEntity
  8
0
  6
Continuous
 62
     7
370
    25
100
AcDbCircle
 10
0.0
 20
0.0
 30
0.0
 40
223.0000000000001
100
AcDbArc
 50
328.75
 51
329.25
  0
LINE
  5
4B5
330
1F
100
AcDbEntity
  8
0
  6
Continuous
 62
     7
370
    25
100
AcDbLine
 10
182.0962284533
 20
-110.4987039882
 30
0.0
 11
190.6453471601
 21
-115.6864365698
 31
0.0
  0
ARC
  5
4B6
330
1F
100
AcDbEntity
  8
0
  6
Continuous
 62
     7
370
    25
100
AcDbCircle
 10
0.0
 20
0.0
 30
0.0
 40
213.0
100
AcDbArc
 50
325.75
 51
326.25
  0
LINE
  5
4B7
330
1F
100
AcDbEntity
  8
0
  6
Continuous
 62
     7
370
    25
100
AcDbLine
 10
185.4177235435
 20
-123.8921619634
 30
0.0
 11
177.1030274204
 21
-118.3364596332
 31
0.0
  0
ARC
  5
4B8
330
1F
100
AcDbEntity
  8
0
  6
Continuous
 62
     7
370
    25
100
AcDbCircle
 10
0.0
 20
0.0
 30
0.0
 40
223.0
100
AcDbArc
 50
325.75
 51
326.25
  0
LINE
  5
4B9
330
1F
100
AcDbEntity
  8
0
  6
Continuous
 62
     7
370
    25
100
AcDbLine
 10
176.0636165641
 20
-119.877449599
 30
0.0
 11
184.3295140554
 21
-125.505498876
 31
0.0
  0
ARC
  5
4BA
330
1F
100
AcDbEntity
  8
0
  6
Continuous
 62
     7
370
    25
100
AcDbCircle
 10
0.0
 20
0.0
 30
0.0
 40
213.0
100
AcDbArc
 50
326.75
 51
327.25
  0
LINE
  5
4BB
330
1F
100
AcDbEntity
  8
0
  6
Continuous
 62
     7
370
    25
100
AcDbLine
 10
187.5516998911
 20
-120.6373071151
 30
0.0
 11
179.1413097614
 21
-115.2275624014
 31
0.0
  0
ARC
  5
4BC
330
1F
100
AcDbEntity
  8
0
  6
Continuous
 62
     7
370
    25
100
AcDbCircle
 10
0.0
 20
0.0
 30
0.0
 40
223.0
100
AcDbArc
 50
326.75
 51
327.25
  0
LINE
  5
4BD
330
1F
100
AcDbEntity
  8
0
  6
Continuous
 62
     7
370
    25
100
AcDbLine
 10
178.1289511956
 20
-116.7864578877
 30
0.0
 11
186.4918127541
 21
-122.2693901829
 31
0.0
  0
ARC
  5
4BE
330
1F
100
AcDbEntity
  8
0
  6
Continuous
 62
     7
370
    25
100
AcDbCircle
 10
0.0
 20
0.0
 30
0.0
 40
213.0000000000001
100
AcDbArc
 50
352.75
 51
353.25
  0
LINE
  5
4BF
330
1F
100
AcDbEntity
  8
0
  6
Continuous
 62
     7
370
    25
100
AcDbLine
 10
221.4542659009
 20
-26.2108396331
 30
0.0
 11
211.5235813314
 21
-25.0354656585
 31
0.0
  0
ARC
  5
4C0
330
1F
100
AcDbEntity
  8
0
  6
Continuous
 62
     7
370
    25
100
AcDbCircle
 10
0.0
 20
0.0
 30
0.0
 40
223.0000000000001
100
AcDbArc
 50
352.75
 51
353.25
  0
LINE
  5
4C1
330
1F
100
AcDbEntity
  8
0
  6
Continuous
 62
     7
370
    25
100
AcDbLine
 10
211.2970542818
 20
-26.8803804259
 30
0.0
 11
221.2171037786
 21
-28.1423701173
 31
0.0
  0
ARC
  5
4C2
330
1F
100
AcDbEntity
  8
0
  6
Continuous
 62
     7
370
    25
100
AcDbCircle
 10
0.0
 20
0.0
 30
0.0
 40
213.0
100
AcDbArc
 50
351.75
 51
352.25
  0
LINE
  5
4C3
330
1F
100
AcDbEntity
  8
0
  6
Continuous
 62
     7
370
    25
100
AcDbLine
 10
220.9630951173
 20
-30.071757451
 30
0.0
 11
211.0544361434
 21
-28.7232481483
 31
0.0
  0
ARC
  5
4C4
330
1F
100
AcDbEntity
  8
0
  6
Continuous
 62
     7
370
    25
100
AcDbCircle
 10
0.0
 20
0.0
 30
0.0
 40
223.0
100
AcDbArc
 50
351.75
 51
352.25
  0
LINE
  5
4C5
330
1F
100
AcDbEntity
  8
0
  6
Continuous
 62
     7
370
    25
100
AcDbLine
 10
210.7957453926
 20
-30.5639284841
 30
0.0
 11
220.6922592608
 21
-31.998854704
 31
0.0
  0
ARC
  5
4C6
330
1F
100
AcDbEntity
  8
0
  6
Continuous
 62
     7
370
    25
100
AcDbCircle
 10
0.0
 20
0.0
 30
0.0
 40
213.0
100
AcDbArc
 50
350.75
 51
351.25
  0
LINE
  5
4C7
330
1F
100
AcDbEntity
  8
0
  6
Continuous
 62
     7
370
    25
100
AcDbLine
 10
220.4046168343
 20
-33.9235151203
 30
0.0
 11
210.5210017296
 21
-32.4022812584
 31
0.0
  0
ARC
  5
4C8
330
1F
100
AcDbEntity
  8
0
  6
Continuous
 62
     7
370
    25
100
AcDbCircle
 10
0.0
 20
0.0
 30
0.0
 40
223.0
100
AcDbArc
 50
350.75
 51
351.25
  0
LINE
  5
4C9
330
1F
100
AcDbEntity
  8
0
  6
Continuous
 62
     7
370
    25
100
AcDbLine
 10
210.2302260773
 20
-34.2381664736
 30
0.0
 11
220.1001897429
 21
-35.8455921297
 31
0.0
  0
ARC
  5
4CA
330
1F
100
AcDbEntity
  8
0
  6
Continuous
 62
     7
370
    25
100
AcDbCircle
 10
0.0
 20
0.0
 30
0.0
 40
213.0
100
AcDbArc
 50
349.75
 51
350.25
  0
LINE
  5
4CB
330
1F
100
AcDbEntity
  8
0
  6
Continuous
 62
     7
370
    25
100
AcDbLine
 10
219.77900117
 20
-37.7649393583
 30
0.0
 11
209.9234405794
 21
-36.0714443198
 31
0.0
  0
ARC
  5
4CC
330
1F
100
AcDbEntity
  8
0
  6
Continuous
 62
     7
370
    25
100
AcDbCircle
 10
0.0
 20
0.0
 30
0.0
 40
223.0000000000001
100
AcDbArc
 50
349.75
 51
350.25
  0
LINE
  5
4CD
330
1F
100
AcDbEntity
  8
0
  6
Continuous
 62
     7
370
    25
100
AcDbLine
 10
209.6006685987
 20
-37.9019751859
 30
0.0
 11
219.4410755751
 21
-39.6814106407
 31
0.0
  0
ARC
  5
4CE
330
1F
100
AcDbEntity
  8
0
  6
Continuous
 62
     7
370
    25
100
AcDbCircle
 10
0.0
 20
0.0
 30
0.0
 40
213.0
100
AcDbArc
 50
346.75
 51
347.25
  0
LINE
  5
4CF
330
1F
100
AcDbEntity
  8
0
  6
Continuous
 62
     7
370
    25
100
AcDbLine
 10
217.5013374734
 20
-49.2155280098
 30
0.0
 11
207.7479142683
 21
-47.0085536596
 31
0.0
  0
ARC
  5
4D0
330
1F
100
AcDbEntity
  8
0
  6
Continuous
 62
     7
370
    25
100
AcDbCircle
 10
0.0
 20
0.0
 30
0.0
 40
223.0
100
AcDbArc
 50
346.75
 51
347.25
  0
LINE
  5
4D1
330
1F
100
AcDbEntity
  8
0
  6
Continuous
 62
     7
370
    25
100
AcDbLine
 10
207.3297820521
 20
-48.8196832665
 30
0.0
 11
217.0635746367
 21
-51.1116871757
 31
0.0
  0
ARC
  5
4D2
330
1F
100
AcDbEntity
  8
0
  6
Continuous
 62
     7
370
    25
100
AcDbCircle
 10
0.0
 20
0.0
 30
0.0
 40
213.0
100
AcDbArc
 50
345.75
 51
346.25
  0
LINE
  5
4D3
330
1F
100
AcDbEntity
  8
0
  6
Continuous
 62
     7
370
    25
100
AcDbLine
 10
216.6092815684
 20
-53.0039539887
 30
0.0
 11
206.8958608702
 21
-50.6270950655
 31
0.0
  0
ARC
  5
4D4
330
1F
100
AcDbEntity
  8
0
  6
Continuous
 62
     7
370
    25
100
AcDbCircle
 10
0.0
 20
0.0
 30
0.0
 40
223.0
100
AcDbArc
 50
345.75
 51
346.25
  0
LINE
  5
4D5
330
1F
100
AcDbEntity
  8
0
  6
Continuous
 62
     7
370
    25
100
AcDbLine
 10
206.4461837675
 20
-52.4306514152
 30
0.0
 11
216.1384928646
 21
-54.8921843455
 31
0.0
  0
ARC
  5
4D6
330
1F
100
AcDbEntity
  8
0
  6
Continuous
 62
     7
370
    25
100
AcDbCircle
 10
0.0
 20
0.0
 30
0.0
 40
213.0
100
AcDbArc
 50
348.75
 51
349.25
  0
LINE
  5
4D7
330
1F
100
AcDbEntity
  8
0
  6
Continuous
 62
     7
370
    25
100
AcDbLine
 10
219.0864386928
 20
-41.5948600299
 30
0.0
 11
209.2619347155
 21
-39.7296196699
 31
0.0
  0
ARC
  5
4D8
330
1F
100
AcDbEntity
  8
0
  6
Continuous
 62
     7
370
    25
100
AcDbCircle
 10
0.0
 20
0.0
 30
0.0
 40
223.0000000000001
100
AcDbArc
 50
348.75
 51
349.25
  0
LINE
  5
4D9
330
1F
100
AcDbEntity
  8
0
  6
Continuous
 62
     7
370
    25
100
AcDbLine
 10
208.9072647259
 20
-41.5542385894
 30
0.0
 11
218.7151175299
 21
-43.5051418096
 31
0.0
  0
ARC
  5
4DA
330
1F
100
AcDbEntity
  8
0
  6
Continuous
 62
     7
370
    25
100
AcDbCircle
 10
0.0
 20
0.0
 30
0.0
 40
213.0
100
AcDbArc
 50
347.75
 51
348.25
  0
LINE
  5
4DB
330
1F
100
AcDbEntity
  8
0
  6
Continuous
 62
     7
370
    25
100
AcDbLine
 10
218.3271403641
 20
-45.4121105043
 30
0.0
 11
208.5366856392
 21
-43.3756929929
 31
0.0
  0
ARC
  5
4DC
330
1F
100
AcDbEntity
  8
0
  6
Continuous
 62
     7
370
    25
100
AcDbCircle
 10
0.0
 20
0.0
 30
0.0
 40
223.0
100
AcDbArc
 50
347.75
 51
348.25
  0
LINE
  5
4DD
330
1F
100
AcDbEntity
  8
0
  6
Continuous
 62
     7
370
    25
100
AcDbLine
 10
208.1502256766
 20
-45.1938441693
 30
0.0
 11
217.9225367412
 21
-47.3156208909
 31
0.0
  0
ARC
  5
4DE
330
1F
100
AcDbEntity
  8
0
  6
Continuous
 62
     7
370
    25
100
AcDbCircle
 10
0.0
 20
0.0
 30
0.0
 40
213.0000000000001
100
AcDbArc
 50
339.75
 51
340.25
  0
LINE
  5
4DF
330
1F
100
AcDbEntity
  8
0
  6
Continuous
 62
     7
370
    25
100
AcDbLine
 10
209.8822514022
 20
-75.3554281147
 30
0.0
 11
200.4704912496
 21
-71.9762609347
 31
0.0
  0
ARC
  5
4E0
330
1F
100
AcDbEntity
  8
0
  6
Continuous
 62
     7
370
    25
100
AcDbCircle
 10
0.0
 20
0.0
 30
0.0
 40
223.0000000000001
100
AcDbArc
 50
339.75
 51
340.25
  0
LINE
  5
4E1
330
1F
100
AcDbEntity
  8
0
  6
Continuous
 62
     7
370
    25
100
AcDbLine
 10
199.8347545515
 20
-73.7229331575
 30
0.0
 11
209.2166679107
 21
-77.1841037283
 31
0.0
  0
ARC
  5
4E2
330
1F
100
AcDbEntity
  8
0
  6
Continuous
 62
     7
370
    25
100
AcDbCircle
 10
0.0
 20
0.0
 30
0.0
 40
213.0
100
AcDbArc
 50
340.75
 51
341.25
  0
LINE
  5
4E3
330
1F
100
AcDbEntity
  8
0
  6
Continuous
 62
     7
370
    25
100
AcDbLine
 10
211.1654188774
 20
-71.6810007626
 30
0.0
 11
201.6961175825
 21
-68.4666061096
 31
0.0
  0
ARC
  5
4E4
330
1F
100
AcDbEntity
  8
0
  6
Continuous
 62
     7
370
    25
100
AcDbCircle
 10
0.0
 20
0.0
 30
0.0
 40
223.0
100
AcDbArc
 50
340.75
 51
341.25
  0
LINE
  5
4E5
330
1F
100
AcDbEntity
  8
0
  6
Continuous
 62
     7
370
    25
100
AcDbLine
 10
201.0909613437
 20
-70.224107441
 30
0.0
 11
210.5318515476
 21
-73.5210138936
 31
0.0
  0
ARC
  5
4E6
330
1F
100
AcDbEntity
  8
0
  6
Continuous
 62
     7
370
    25
100
AcDbCircle
 10
0.0
 20
0.0
 30
0.0
 40
213.0
100
AcDbArc
 50
337.75
 51
338.25
  0
LINE
  5
4E7
330
1F
100
AcDbEntity
  8
0
  6
Continuous
 62
     7
370
    25
100
AcDbLine
 10
207.1245302904
 20
-82.6343085647
 30
0.0
 11
197.8364347617
 21
-78.9287341896
 31
0.0
  0
ARC
  5
4E8
330
1F
100
AcDbEntity
  8
0
  6
Continuous
 62
     7
370
    25
100
AcDbCircle
 10
0.0
 20
0.0
 30
0.0
 40
223.0000000000001
100
AcDbArc
 50
337.75
 51
338.25
  0
LINE
  5
4E9
330
1F
100
AcDbEntity
  8
0
  6
Continuous
 62
     7
370
    25
100
AcDbLine
 10
197.1401273557
 20
-80.6521554961
 30
0.0
 11
206.3955323959
 21
-84.4386416696
 31
0.0
  0
ARC
  5
4EA
330
1F
100
AcDbEntity
  8
0
  6
Continuous
 62
     7
370
    25
100
AcDbCircle
 10
0.0
 20
0.0
 30
0.0
 40
213.0
100
AcDbArc
 50
338.75
 51
339.25
  0
LINE
  5
4EB
330
1F
100
AcDbEntity
  8
0
  6
Continuous
 62
     7
370
    25
100
AcDbLine
 10
208.53515176
 20
-79.0069014735
 30
0.0
 11
199.1837996631
 21
-75.4639910935
 31
0.0
  0
ARC
  5
4EC
330
1F
100
AcDbEntity
  8
0
  6
Continuous
 62
     7
370
    25
100
AcDbCircle
 10
0.0
 20
0.0
 30
0.0
 40
223.0000000000001
100
AcDbArc
 50
338.75
 51
339.25
  0
LINE
  5
4ED
330
1F
100
AcDbEntity
  8
0
  6
Continuous
 62
     7
370
    25
100
AcDbLine
 10
198.5176761572
 20
-77.1993021544
 30
0.0
 11
207.8377548501
 21
-80.8236825373
 31
0.0
  0
ARC
  5
4EE
330
1F
100
AcDbEntity
  8
0
  6
Continuous
 62
     7
370
    25
100
AcDbCircle
 10
0.0
 20
0.0
 30
0.0
 40
213.0
100
AcDbArc
 50
343.75
 51
344.25
  0
LINE
  5
4EF
330
1F
100
AcDbEntity
  8
0
  6
Continuous
 62
     7
370
    25
100
AcDbLine
 10
214.6275177292
 20
-60.5312203199
 30
0.0
 11
205.0029653646
 21
-57.8168158213
 31
0.0
  0
ARC
  5
4F0
330
1F
100
AcDbEntity
  8
0
  6
Continuous
 62
     7
370
    25
100
AcDbCircle
 10
0.0
 20
0.0
 30
0.0
 40
223.0
100
AcDbArc
 50
343.75
 51
344.25
  0
LINE
  5
4F1
330
1F
100
AcDbEntity
  8
0
  6
Continuous
 62
     7
370
    25
100
AcDbLine
 10
204.4906189842
 20
-59.6035799886
 30
0.0
 11
214.0911175281
 21
-62.4018701289
 31
0.0
  0
ARC
  5
4F2
330
1F
100
AcDbEntity
  8
0
  6
Continuous
 62
     7
370
    25
100
AcDbCircle
 10
0.0
 20
0.0
 30
0.0
 40
213.0
100
AcDbArc
 50
344.75
 51
345.25
  0
LINE
  5
4F3
330
1F
100
AcDbEntity
  8
0
  6
Continuous
 62
     7
370
    25
100
AcDbLine
 10
215.6512443778
 20
-56.7762344498
 30
0.0
 11
205.9807849887
 21
-54.2302149678
 31
0.0
  0
ARC
  5
4F4
330
1F
100
AcDbEntity
  8
0
  6
Continuous
 62
     7
370
    25
100
AcDbCircle
 10
0.0
 20
0.0
 30
0.0
 40
223.0
100
AcDbArc
 50
344.75
 51
345.25
  0
LINE
  5
4F5
330
1F
100
AcDbEntity
  8
0
  6
Continuous
 62
     7
370
    25
100
AcDbLine
 10
205.4996999755
 20
-56.0256486795
 30
0.0
 11
215.1475732138
 21
-58.6559608241
 31
0.0
  0
ARC
  5
4F6
330
1F
100
AcDbEntity
  8
0
  6
Continuous
 62
     7
370
    25
100
AcDbCircle
 10
0.0
 20
0.0
 30
0.0
 40
213.0
100
AcDbArc
 50
341.75
 51
342.25
  0
LINE
  5
4F7
330
1F
100
AcDbEntity
  8
0
  6
Continuous
 62
     7
370
    25
100
AcDbLine
 10
212.3842633205
 20
-67.9847386832
 30
0.0
 11
202.860305324
 21
-64.936095693
 31
0.0
  0
ARC
  5
4F8
330
1F
100
AcDbEntity
  8
0
  6
Continuous
 62
     7
370
    25
100
AcDbCircle
 10
0.0
 20
0.0
 30
0.0
 40
223.0
100
AcDbArc
 50
341.75
 51
342.25
  0
LINE
  5
4F9
330
1F
100
AcDbEntity
  8
0
  6
Continuous
 62
     7
370
    25
100
AcDbLine
 10
202.285913881
 20
-66.703890781
 30
0.0
 11
211.782905143
 21
-69.8355288459
 31
0.0
  0
ARC
  5
4FA
330
1F
100
AcDbEntity
  8
0
  6
Continuous
 62
     7
370
    25
100
AcDbCircle
 10
0.0
 20
0.0
 30
0.0
 40
213.0
100
AcDbArc
 50
342.75
 51
343.25
  0
LINE
  5
4FB
330
1F
100
AcDbEntity
  8
0
  6
Continuous
 62
     7
370
    25
100
AcDbLine
 10
213.5384134595
 20
-64.2677677939
 30
0.0
 11
203.9626998514
 21
-61.3858051126
 31
0.0
  0
ARC
  5
4FC
330
1F
100
AcDbEntity
  8
0
  6
Continuous
 62
     7
370
    25
100
AcDbCircle
 10
0.0
 20
0.0
 30
0.0
 40
223.0
100
AcDbArc
 50
342.75
 51
343.25
  0
LINE
  5
4FD
330
1F
100
AcDbEntity
  8
0
  6
Continuous
 62
     7
370
    25
100
AcDbLine
 10
203.4192481694
 20
-63.1633554698
 30
0.0
 11
212.969447614
 21
-66.1287712195
 31
0.0
  0
ARC
  5
4FE
330
1F
100
AcDbEntity
  8
0
  6
Continuous
 62
     7
370
    25
100
AcDbCircle
 10
0.0
 20
0.0
 30
0.0
 40
213.0
100
AcDbArc
 50
258.75
 51
259.25
  0
LINE
  5
4FF
330
1F
100
AcDbEntity
  8
0
  6
Continuous
 62
     7
370
    25
100
AcDbLine
 10
-41.5948600299
 20
-219.0864386928
 30
0.0
 11
-39.7296196699
 21
-209.2619347155
 31
0.0
  0
ARC
  5
500
330
1F
100
AcDbEntity
  8
0
  6
Continuous
 62
     7
370
    25
100
AcDbCircle
 10
0.0
 20
0.0
 30
0.0
 40
223.0
100
AcDbArc
 50
258.75
 51
259.25
  0
LINE
  5
501
330
1F
100
AcDbEntity
  8
0
  6
Continuous
 62
     7
370
    25
100
AcDbLine
 10
-41.5542385894
 20
-208.9072647259
 30
0.0
 11
-43.5051418096
 21
-218.7151175299
 31
0.0
  0
ARC
  5
502
330
1F
100
AcDbEntity
  8
0
  6
Continuous
 62
     7
370
    25
100
AcDbCircle
 10
0.0
 20
0.0
 30
0.0
 40
213.0
100
AcDbArc
 50
257.75
 51
258.25
  0
LINE
  5
503
330
1F
100
AcDbEntity
  8
0
  6
Continuous
 62
     7
370
    25
100
AcDbLine
 10
-45.4121105043
 20
-218.3271403641
 30
0.0
 11
-43.3756929929
 21
-208.5366856392
 31
0.0
  0
ARC
  5
504
330
1F
100
AcDbEntity
  8
0
  6
Continuous
 62
     7
370
    25
100
AcDbCircle
 10
0.0
 20
0.0
 30
0.0
 40
223.0000000000001
100
AcDbArc
 50
257.75
 51
258.25
  0
LINE
  5
505
330
1F
100
AcDbEntity
  8
0
  6
Continuous
 62
     7
370
    25
100
AcDbLine
 10
-45.1938441693
 20
-208.1502256766
 30
0.0
 11
-47.3156208909
 21
-217.9225367412
 31
0.0
  0
ARC
  5
506
330
1F
100
AcDbEntity
  8
0
  6
Continuous
 62
     7
370
    25
100
AcDbCircle
 10
0.0
 20
0.0
 30
0.0
 40
213.0
100
AcDbArc
 50
259.75
 51
260.25
  0
LINE
  5
507
330
1F
100
AcDbEntity
  8
0
  6
Continuous
 62
     7
370
    25
100
AcDbLine
 10
-37.7649393583
 20
-219.77900117
 30
0.0
 11
-36.0714443198
 21
-209.9234405794
 31
0.0
  0
ARC
  5
508
330
1F
100
AcDbEntity
  8
0
  6
Continuous
 62
     7
370
    25
100
AcDbCircle
 10
0.0
 20
0.0
 30
0.0
 40
223.0
100
AcDbArc
 50
259.75
 51
260.25
  0
LINE
  5
509
330
1F
100
AcDbEntity
  8
0
  6
Continuous
 62
     7
370
    25
100
AcDbLine
 10
-37.9019751859
 20
-209.6006685987
 30
0.0
 11
-39.6814106407
 21
-219.4410755751
 31
0.0
  0
ARC
  5
50A
330
1F
100
AcDbEntity
  8
0
  6
Continuous
 62
     7
370
    25
100
AcDbCircle
 10
0.0
 20
0.0
 30
0.0
 40
213.0
100
AcDbArc
 50
260.75
 51
261.25
  0
LINE
  5
50B
330
1F
100
AcDbEntity
  8
0
  6
Continuous
 62
     7
370
    25
100
AcDbLine
 10
-33.9235151203
 20
-220.4046168343
 30
0.0
 11
-32.4022812585
 21
-210.5210017296
 31
0.0
  0
ARC
  5
50C
330
1F
100
AcDbEntity
  8
0
  6
Continuous
 62
     7
370
    25
100
AcDbCircle
 10
0.0
 20
0.0
 30
0.0
 40
223.0
100
AcDbArc
 50
260.75
 51
261.25
  0
LINE
  5
50D
330
1F
100
AcDbEntity
  8
0
  6
Continuous
 62
     7
370
    25
100
AcDbLine
 10
-34.2381664736
 20
-210.2302260773
 30
0.0
 11
-35.8455921297
 21
-220.1001897429
 31
0.0
  0
ARC
  5
50E
330
1F
100
AcDbEntity
  8
0
  6
Continuous
 62
     7
370
    25
100
AcDbCircle
 10
0.0
 20
0.0
 30
0.0
 40
213.0
100
AcDbArc
 50
261.75
 51
262.25
  0
LINE
  5
50F
330
1F
100
AcDbEntity
  8
0
  6
Continuous
 62
     7
370
    25
100
AcDbLine
 10
-30.071757451
 20
-220.9630951173
 30
0.0
 11
-28.7232481483
 21
-211.0544361434
 31
0.0
  0
ARC
  5
510
330
1F
100
AcDbEntity
  8
0
  6
Continuous
 62
     7
370
    25
100
AcDbCircle
 10
0.0
 20
0.0
 30
0.0
 40
223.0000000000001
100
AcDbArc
 50
261.75
 51
262.25
  0
LINE
  5
511
330
1F
100
AcDbEntity
  8
0
  6
Continuous
 62
     7
370
    25
100
AcDbLine
 10
-30.5639284841
 20
-210.7957453926
 30
0.0
 11
-31.998854704
 21
-220.6922592608
 31
0.0
  0
ARC
  5
512
330
1F
100
AcDbEntity
  8
0
  6
Continuous
 62
     7
370
    25
100
AcDbCircle
 10
0.0
 20
0.0
 30
0.0
 40
213.0
100
AcDbArc
 50
262.75
 51
263.25
  0
LINE
  5
513
330
1F
100
AcDbEntity
  8
0
  6
Continuous
 62
     7
370
    25
100
AcDbLine
 10
-26.2108396331
 20
-221.4542659009
 30
0.0
 11
-25.0354656585
 21
-211.5235813314
 31
0.0
  0
ARC
  5
514
330
1F
100
AcDbEntity
  8
0
  6
Continuous
 62
     7
370
    25
100
AcDbCircle
 10
0.0
 20
0.0
 30
0.0
 40
223.0000000000001
100
AcDbArc
 50
262.75
 51
263.25
  0
LINE
  5
515
330
1F
100
AcDbEntity
  8
0
  6
Continuous
 62
     7
370
    25
100
AcDbLine
 10
-26.8803804259
 20
-211.2970542818
 30
0.0
 11
-28.1423701173
 21
-221.2171037786
 31
0.0
  0
ARC
  5
516
330
1F
100
AcDbEntity
  8
0
  6
Continuous
 62
     7
370
    25
100
AcDbCircle
 10
0.0
 20
0.0
 30
0.0
 40
213.0
100
AcDbArc
 50
263.75
 51
264.25
  0
LINE
  5
517
330
1F
100
AcDbEntity
  8
0
  6
Continuous
 62
     7
370
    25
100
AcDbLine
 10
-22.3419377395
 20
-221.87797957
 30
0.0
 11
-21.3400571234
 21
-211.9282943874
 31
0.0
  0
ARC
  5
518
330
1F
100
AcDbEntity
  8
0
  6
Continuous
 62
     7
370
    25
100
AcDbCircle
 10
0.0
 20
0.0
 30
0.0
 40
223.0
100
AcDbArc
 50
263.75
 51
264.25
  0
LINE
  5
519
330
1F
100
AcDbEntity
  8
0
  6
Continuous
 62
     7
370
    25
100
AcDbLine
 10
-23.1886443435
 20
-211.7340000414
 30
0.0
 11
-24.277313092
 21
-221.6745634236
 31
0.0
  0
ARC
  5
51A
330
1F
100
AcDbEntity
  8
0
  6
Continuous
 62
     7
370
    25
100
AcDbCircle
 10
0.0
 20
0.0
 30
0.0
 40
213.0000000000001
100
AcDbArc
 50
264.75
 51
265.25
  0
LINE
  5
51B
330
1F
100
AcDbEntity
  8
0
  6
Continuous
 62
     7
370
    25
100
AcDbLine
 10
-18.4662302752
 20
-222.234107057
 30
0.0
 11
-17.6381482001
 21
-212.268452032
 31
0.0
  0
ARC
  5
51C
330
1F
100
AcDbEntity
  8
0
  6
Continuous
 62
     7
370
    25
100
AcDbCircle
 10
0.0
 20
0.0
 30
0.0
 40
223.0000000000001
100
AcDbArc
 50
264.75
 51
265.25
  0
LINE
  5
51D
330
1F
100
AcDbEntity
  8
0
  6
Continuous
 62
     7
370
    25
100
AcDbLine
 10
-19.4898447753
 20
-212.1064495734
 30
0.0
 11
-20.4048609619
 21
-222.0644988491
 31
0.0
  0
ARC
  5
51E
330
1F
100
AcDbEntity
  8
0
  6
Continuous
 62
     7
370
    25
100
AcDbCircle
 10
0.0
 20
0.0
 30
0.0
 40
213.0
100
AcDbArc
 50
265.75
 51
266.25
  0
LINE
  5
51F
330
1F
100
AcDbEntity
  8
0
  6
Continuous
 62
     7
370
    25
100
AcDbLine
 10
-14.5848978183
 20
-222.5225398822
 30
0.0
 11
-13.930866526
 21
-212.5439506498
 31
0.0
  0
ARC
  5
520
330
1F
100
AcDbEntity
  8
0
  6
Continuous
 62
     7
370
    25
100
AcDbCircle
 10
0.0
 20
0.0
 30
0.0
 40
223.0
100
AcDbArc
 50
265.75
 51
266.25
  0
LINE
  5
521
330
1F
100
AcDbEntity
  8
0
  6
Continuous
 62
     7
370
    25
100
AcDbLine
 10
-15.7851084116
 20
-212.4142894262
 30
0.0
 11
-16.5261933136
 21
-222.3867912772
 31
0.0
  0
ARC
  5
522
330
1F
100
AcDbEntity
  8
0
  6
Continuous
 62
     7
370
    25
100
AcDbCircle
 10
0.0
 20
0.0
 30
0.0
 40
213.0000000000001
100
AcDbArc
 50
266.75
 51
267.25
  0
LINE
  5
523
330
1F
100
AcDbEntity
  8
0
  6
Continuous
 62
     7
370
    25
100
AcDbLine
 10
-10.6991226603
 20
-222.7431901861
 30
0.0
 11
-10.219341375
 21
-212.7547063213
 31
0.0
  0
ARC
  5
524
330
1F
100
AcDbEntity
  8
0
  6
Continuous
 62
     7
370
    25
100
AcDbCircle
 10
0.0
 20
0.0
 30
0.0
 40
223.0000000000001
100
AcDbArc
 50
266.75
 51
267.25
  0
LINE
  5
525
330
1F
100
AcDbEntity
  8
0
  6
Continuous
 62
     7
370
    25
100
AcDbLine
 10
-12.075563751
 20
-212.6574258287
 30
0.0
 11
-12.6424916266
 21
-222.6413425343
 31
0.0
  0
ARC
  5
526
330
1F
100
AcDbEntity
  8
0
  6
Continuous
 62
     7
370
    25
100
AcDbCircle
 10
0.0
 20
0.0
 30
0.0
 40
213.0
100
AcDbArc
 50
267.75
 51
268.25
  0
LINE
  5
527
330
1F
100
AcDbEntity
  8
0
  6
Continuous
 62
     7
370
    25
100
AcDbLine
 10
-6.8100884458
 20
-222.8959907566
 30
0.0
 11
-6.5047033137
 21
-212.9006548482
 31
0.0
  0
ARC
  5
528
330
1F
100
AcDbEntity
  8
0
  6
Continuous
 62
     7
370
    25
100
AcDbCircle
 10
0.0
 20
0.0
 30
0.0
 40
223.0
100
AcDbArc
 50
267.75
 51
268.25
  0
LINE
  5
529
330
1F
100
AcDbEntity
  8
0
  6
Continuous
 62
     7
370
    25
100
AcDbLine
 10
-8.3623407567
 20
-212.8357847193
 30
0.0
 11
-8.7549389143
 21
-222.8280750817
 31
0.0
  0
ARC
  5
52A
330
1F
100
AcDbEntity
  8
0
  6
Continuous
 62
     7
370
    25
100
AcDbCircle
 10
0.0
 20
0.0
 30
0.0
 40
213.0
100
AcDbArc
 50
268.75
 51
269.25
  0
LINE
  5
52B
330
1F
100
AcDbEntity
  8
0
  6
Continuous
 62
     7
370
    25
100
AcDbLine
 10
-2.9189798124
 20
-222.980895049
 30
0.0
 11
-2.7880838567
 21
-212.9817517733
 31
0.0
  0
ARC
  5
52C
330
1F
100
AcDbEntity
  8
0
  6
Continuous
 62
     7
370
    25
100
AcDbCircle
 10
0.0
 20
0.0
 30
0.0
 40
223.0
100
AcDbArc
 50
268.75
 51
269.25
  0
LINE
  5
52D
330
1F
100
AcDbEntity
  8
0
  6
Continuous
 62
     7
370
    25
100
AcDbLine
 10
-4.6465705124
 20
-212.949311768
 30
0.0
 11
-4.8647193627
 21
-222.9469320388
 31
0.0
  0
ARC
  5
52E
330
1F
100
AcDbEntity
  8
0
  6
Continuous
 62
     7
370
    25
100
AcDbCircle
 10
0.0
 20
0.0
 30
0.0
 40
213.0
100
AcDbArc
 50
269.75
 51
270.25
  0
LINE
  5
52F
330
1F
100
AcDbEntity
  8
0
  6
Continuous
 62
     7
370
    25
100
AcDbLine
 10
0.9730179705
 20
-222.9978772007
 30
0.0
 11
0.9293848777
 21
-212.9979723935
 31
0.0
  0
ARC
  5
530
330
1F
100
AcDbEntity
  8
0
  6
Continuous
 62
     7
370
    25
100
AcDbCircle
 10
0.0
 20
0.0
 30
0.0
 40
223.0000000000001
100
AcDbArc
 50
269.75
 51
270.25
  0
LINE
  5
531
330
1F
100
AcDbEntity
  8
0
  6
Continuous
 62
     7
370
    25
100
AcDbLine
 10
-0.9293848776
 20
-212.9979723935
 30
0.0
 11
-0.9730179705
 21
-222.9978772007
 31
0.0
  0
ARC
  5
532
330
1F
100
AcDbEntity
  8
0
  6
Continuous
 62
     7
370
    25
100
AcDbCircle
 10
0.0
 20
0.0
 30
0.0
 40
213.0
100
AcDbArc
 50
270.75
 51
271.25
  0
LINE
  5
533
330
1F
100
AcDbEntity
  8
0
  6
Continuous
 62
     7
370
    25
100
AcDbLine
 10
4.8647193627
 20
-222.9469320388
 30
0.0
 11
4.6465705124
 21
-212.949311768
 31
0.0
  0
ARC
  5
534
330
1F
100
AcDbEntity
  8
0
  6
Continuous
 62
     7
370
    25
100
AcDbCircle
 10
0.0
 20
0.0
 30
0.0
 40
223.0
100
AcDbArc
 50
270.75
 51
271.25
  0
LINE
  5
535
330
1F
100
AcDbEntity
  8
0
  6
Continuous
 62
     7
370
    25
100
AcDbLine
 10
2.7880838567
 20
-212.9817517733
 30
0.0
 11
2.9189798124
 21
-222.980895049
 31
0.0
  0
ARC
  5
536
330
1F
100
AcDbEntity
  8
0
  6
Continuous
 62
     7
370
    25
100
AcDbCircle
 10
0.0
 20
0.0
 30
0.0
 40
213.0
100
AcDbArc
 50
271.75
 51
272.25
  0
LINE
  5
537
330
1F
100
AcDbEntity
  8
0
  6
Continuous
 62
     7
370
    25
100
AcDbLine
 10
8.7549389143
 20
-222.8280750817
 30
0.0
 11
8.3623407567
 21
-212.8357847193
 31
0.0
  0
ARC
  5
538
330
1F
100
AcDbEntity
  8
0
  6
Continuous
 62
     7
370
    25
100
AcDbCircle
 10
0.0
 20
0.0
 30
0.0
 40
223.0
100
AcDbArc
 50
271.75
 51
272.25
  0
LINE
  5
539
330
1F
100
AcDbEntity
  8
0
  6
Continuous
 62
     7
370
    25
100
AcDbLine
 10
6.5047033137
 20
-212.9006548482
 30
0.0
 11
6.8100884458
 21
-222.8959907566
 31
0.0
  0
ARC
  5
53A
330
1F
100
AcDbEntity
  8
0
  6
Continuous
 62
     7
370
    25
100
AcDbCircle
 10
0.0
 20
0.0
 30
0.0
 40
213.0000000000001
100
AcDbArc
 50
272.75
 51
273.25
  0
LINE
  5
53B
330
1F
100
AcDbEntity
  8
0
  6
Continuous
 62
     7
370
    25
100
AcDbLine
 10
12.6424916266
 20
-222.6413425343
 30
0.0
 11
12.075563751
 21
-212.6574258287
 31
0.0
  0
ARC
  5
53C
330
1F
100
AcDbEntity
  8
0
  6
Continuous
 62
     7
370
    25
100
AcDbCircle
 10
0.0
 20
0.0
 30
0.0
 40
223.0000000000001
100
AcDbArc
 50
272.75
 51
273.25
  0
LINE
  5
53D
330
1F
100
AcDbEntity
  8
0
  6
Continuous
 62
     7
370
    25
100
AcDbLine
 10
10.219341375
 20
-212.7547063213
 30
0.0
 11
10.6991226603
 21
-222.7431901861
 31
0.0
  0
ARC
  5
53E
330
1F
100
AcDbEntity
  8
0
  6
Continuous
 62
     7
370
    25
100
AcDbCircle
 10
0.0
 20
0.0
 30
0.0
 40
213.0000000000001
100
AcDbArc
 50
283.75
 51
284.25
  0
LINE
  5
53F
330
1F
100
AcDbEntity
  8
0
  6
Continuous
 62
     7
370
    25
100
AcDbLine
 10
54.8921843455
 20
-216.1384928646
 30
0.0
 11
52.4306514152
 21
-206.4461837675
 31
0.0
  0
ARC
  5
540
330
1F
100
AcDbEntity
  8
0
  6
Continuous
 62
     7
370
    25
100
AcDbCircle
 10
0.0
 20
0.0
 30
0.0
 40
223.0000000000001
100
AcDbArc
 50
283.75
 51
284.25
  0
LINE
  5
541
330
1F
100
AcDbEntity
  8
0
  6
Continuous
 62
     7
370
    25
100
AcDbLine
 10
50.6270950655
 20
-206.8958608702
 30
0.0
 11
53.0039539887
 21
-216.6092815684
 31
0.0
  0
ARC
  5
542
330
1F
100
AcDbEntity
  8
0
  6
Continuous
 62
     7
370
    25
100
AcDbCircle
 10
0.0
 20
0.0
 30
0.0
 40
213.0
100
AcDbArc
 50
284.75
 51
285.25
  0
LINE
  5
543
330
1F
100
AcDbEntity
  8
0
  6
Continuous
 62
     7
370
    25
100
AcDbLine
 10
58.6559608241
 20
-215.1475732138
 30
0.0
 11
56.0256486796
 21
-205.4996999755
 31
0.0
  0
ARC
  5
544
330
1F
100
AcDbEntity
  8
0
  6
Continuous
 62
     7
370
    25
100
AcDbCircle
 10
0.0
 20
0.0
 30
0.0
 40
223.0
100
AcDbArc
 50
284.75
 51
285.25
  0
LINE
  5
545
330
1F
100
AcDbEntity
  8
0
  6
Continuous
 62
     7
370
    25
100
AcDbLine
 10
54.2302149678
 20
-205.9807849887
 30
0.0
 11
56.7762344498
 21
-215.6512443778
 31
0.0
  0
ARC
  5
546
330
1F
100
AcDbEntity
  8
0
  6
Continuous
 62
     7
370
    25
100
AcDbCircle
 10
0.0
 20
0.0
 30
0.0
 40
213.0
100
AcDbArc
 50
281.75
 51
282.25
  0
LINE
  5
547
330
1F
100
AcDbEntity
  8
0
  6
Continuous
 62
     7
370
    25
100
AcDbLine
 10
47.3156208909
 20
-217.9225367412
 30
0.0
 11
45.1938441693
 21
-208.1502256766
 31
0.0
  0
ARC
  5
548
330
1F
100
AcDbEntity
  8
0
  6
Continuous
 62
     7
370
    25
100
AcDbCircle
 10
0.0
 20
0.0
 30
0.0
 40
223.0000000000001
100
AcDbArc
 50
281.75
 51
282.25
  0
LINE
  5
549
330
1F
100
AcDbEntity
  8
0
  6
Continuous
 62
     7
370
    25
100
AcDbLine
 10
43.3756929929
 20
-208.5366856392
 30
0.0
 11
45.4121105043
 21
-218.3271403641
 31
0.0
  0
ARC
  5
54A
330
1F
100
AcDbEntity
  8
0
  6
Continuous
 62
     7
370
    25
100
AcDbCircle
 10
0.0
 20
0.0
 30
0.0
 40
213.0000000000001
100
AcDbArc
 50
282.75
 51
283.25
  0
LINE
  5
54B
330
1F
100
AcDbEntity
  8
0
  6
Continuous
 62
     7
370
    25
100
AcDbLine
 10
51.1116871757
 20
-217.0635746367
 30
0.0
 11
48.8196832665
 21
-207.3297820521
 31
0.0
  0
ARC
  5
54C
330
1F
100
AcDbEntity
  8
0
  6
Continuous
 62
     7
370
    25
100
AcDbCircle
 10
0.0
 20
0.0
 30
0.0
 40
223.0000000000001
100
AcDbArc
 50
282.75
 51
283.25
  0
LINE
  5
54D
330
1F
100
AcDbEntity
  8
0
  6
Continuous
 62
     7
370
    25
100
AcDbLine
 10
47.0085536596
 20
-207.7479142683
 30
0.0
 11
49.2155280098
 21
-217.5013374734
 31
0.0
  0
ARC
  5
54E
330
1F
100
AcDbEntity
  8
0
  6
Continuous
 62
     7
370
    25
100
AcDbCircle
 10
0.0
 20
0.0
 30
0.0
 40
213.0
100
AcDbArc
 50
287.75
 51
288.25
  0
LINE
  5
54F
330
1F
100
AcDbEntity
  8
0
  6
Continuous
 62
     7
370
    25
100
AcDbLine
 10
69.8355288459
 20
-211.782905143
 30
0.0
 11
66.703890781
 21
-202.285913881
 31
0.0
  0
ARC
  5
550
330
1F
100
AcDbEntity
  8
0
  6
Continuous
 62
     7
370
    25
100
AcDbCircle
 10
0.0
 20
0.0
 30
0.0
 40
223.0
100
AcDbArc
 50
287.75
 51
288.25
  0
LINE
  5
551
330
1F
100
AcDbEntity
  8
0
  6
Continuous
 62
     7
370
    25
100
AcDbLine
 10
64.936095693
 20
-202.860305324
 30
0.0
 11
67.9847386832
 21
-212.3842633205
 31
0.0
  0
ARC
  5
552
330
1F
100
AcDbEntity
  8
0
  6
Continuous
 62
     7
370
    25
100
AcDbCircle
 10
0.0
 20
0.0
 30
0.0
 40
213.0
100
AcDbArc
 50
288.75
 51
289.25
  0
LINE
  5
553
330
1F
100
AcDbEntity
  8
0
  6
Continuous
 62
     7
370
    25
100
AcDbLine
 10
73.5210138936
 20
-210.5318515476
 30
0.0
 11
70.224107441
 21
-201.0909613437
 31
0.0
  0
ARC
  5
554
330
1F
100
AcDbEntity
  8
0
  6
Continuous
 62
     7
370
    25
100
AcDbCircle
 10
0.0
 20
0.0
 30
0.0
 40
223.0
100
AcDbArc
 50
288.75
 51
289.25
  0
LINE
  5
555
330
1F
100
AcDbEntity
  8
0
  6
Continuous
 62
     7
370
    25
100
AcDbLine
 10
68.4666061096
 20
-201.6961175825
 30
0.0
 11
71.6810007626
 21
-211.1654188774
 31
0.0
  0
ARC
  5
556
330
1F
100
AcDbEntity
  8
0
  6
Continuous
 62
     7
370
    25
100
AcDbCircle
 10
0.0
 20
0.0
 30
0.0
 40
213.0
100
AcDbArc
 50
285.75
 51
286.25
  0
LINE
  5
557
330
1F
100
AcDbEntity
  8
0
  6
Continuous
 62
     7
370
    25
100
AcDbLine
 10
62.4018701289
 20
-214.0911175281
 30
0.0
 11
59.6035799886
 21
-204.4906189842
 31
0.0
  0
ARC
  5
558
330
1F
100
AcDbEntity
  8
0
  6
Continuous
 62
     7
370
    25
100
AcDbCircle
 10
0.0
 20
0.0
 30
0.0
 40
223.0
100
AcDbArc
 50
285.75
 51
286.25
  0
LINE
  5
559
330
1F
100
AcDbEntity
  8
0
  6
Continuous
 62
     7
370
    25
100
AcDbLine
 10
57.8168158213
 20
-205.0029653646
 30
0.0
 11
60.5312203199
 21
-214.6275177292
 31
0.0
  0
ARC
  5
55A
330
1F
100
AcDbEntity
  8
0
  6
Continuous
 62
     7
370
    25
100
AcDbCircle
 10
0.0
 20
0.0
 30
0.0
 40
213.0
100
AcDbArc
 50
286.75
 51
287.25
  0
LINE
  5
55B
330
1F
100
AcDbEntity
  8
0
  6
Continuous
 62
     7
370
    25
100
AcDbLine
 10
66.1287712196
 20
-212.969447614
 30
0.0
 11
63.1633554698
 21
-203.4192481694
 31
0.0
  0
ARC
  5
55C
330
1F
100
AcDbEntity
  8
0
  6
Continuous
 62
     7
370
    25
100
AcDbCircle
 10
0.0
 20
0.0
 30
0.0
 40
223.0000000000001
100
AcDbArc
 50
286.75
 51
287.25
  0
LINE
  5
55D
330
1F
100
AcDbEntity
  8
0
  6
Continuous
 62
     7
370
    25
100
AcDbLine
 10
61.3858051126
 20
-203.9626998514
 30
0.0
 11
64.2677677939
 21
-213.5384134595
 31
0.0
  0
ARC
  5
55E
330
1F
100
AcDbEntity
  8
0
  6
Continuous
 62
     7
370
    25
100
AcDbCircle
 10
0.0
 20
0.0
 30
0.0
 40
213.0
100
AcDbArc
 50
280.75
 51
281.25
  0
LINE
  5
55F
330
1F
100
AcDbEntity
  8
0
  6
Continuous
 62
     7
370
    25
100
AcDbLine
 10
43.5051418096
 20
-218.7151175299
 30
0.0
 11
41.5542385894
 21
-208.9072647259
 31
0.0
  0
ARC
  5
560
330
1F
100
AcDbEntity
  8
0
  6
Continuous
 62
     7
370
    25
100
AcDbCircle
 10
0.0
 20
0.0
 30
0.0
 40
223.0
100
AcDbArc
 50
280.75
 51
281.25
  0
LINE
  5
561
330
1F
100
AcDbEntity
  8
0
  6
Continuous
 62
     7
370
    25
100
AcDbLine
 10
39.7296196699
 20
-209.2619347155
 30
0.0
 11
41.59486003
 21
-219.0864386928
 31
0.0
  0
ARC
  5
562
330
1F
100
AcDbEntity
  8
0
  6
Continuous
 62
     7
370
    25
100
AcDbCircle
 10
0.0
 20
0.0
 30
0.0
 40
213.0
100
AcDbArc
 50
279.75
 51
280.25
  0
LINE
  5
563
330
1F
100
AcDbEntity
  8
0
  6
Continuous
 62
     7
370
    25
100
AcDbLine
 10
39.6814106407
 20
-219.4410755751
 30
0.0
 11
37.9019751859
 21
-209.6006685987
 31
0.0
  0
ARC
  5
564
330
1F
100
AcDbEntity
  8
0
  6
Continuous
 62
     7
370
    25
100
AcDbCircle
 10
0.0
 20
0.0
 30
0.0
 40
223.0
100
AcDbArc
 50
279.75
 51
280.25
  0
LINE
  5
565
330
1F
100
AcDbEntity
  8
0
  6
Continuous
 62
     7
370
    25
100
AcDbLine
 10
36.0714443198
 20
-209.9234405794
 30
0.0
 11
37.7649393583
 21
-219.77900117
 31
0.0
  0
ARC
  5
566
330
1F
100
AcDbEntity
  8
0
  6
Continuous
 62
     7
370
    25
100
AcDbCircle
 10
0.0
 20
0.0
 30
0.0
 40
213.0
100
AcDbArc
 50
278.75
 51
279.25
  0
LINE
  5
567
330
1F
100
AcDbEntity
  8
0
  6
Continuous
 62
     7
370
    25
100
AcDbLine
 10
35.8455921297
 20
-220.1001897429
 30
0.0
 11
34.2381664736
 21
-210.2302260773
 31
0.0
  0
ARC
  5
568
330
1F
100
AcDbEntity
  8
0
  6
Continuous
 62
     7
370
    25
100
AcDbCircle
 10
0.0
 20
0.0
 30
0.0
 40
223.0
100
AcDbArc
 50
278.75
 51
279.25
  0
LINE
  5
569
330
1F
100
AcDbEntity
  8
0
  6
Continuous
 62
     7
370
    25
100
AcDbLine
 10
32.4022812585
 20
-210.5210017296
 30
0.0
 11
33.9235151204
 21
-220.4046168343
 31
0.0
  0
ARC
  5
56A
330
1F
100
AcDbEntity
  8
0
  6
Continuous
 62
     7
370
    25
100
AcDbCircle
 10
0.0
 20
0.0
 30
0.0
 40
213.0
100
AcDbArc
 50
277.75
 51
278.25
  0
LINE
  5
56B
330
1F
100
AcDbEntity
  8
0
  6
Continuous
 62
     7
370
    25
100
AcDbLine
 10
31.998854704
 20
-220.6922592608
 30
0.0
 11
30.5639284841
 21
-210.7957453926
 31
0.0
  0
ARC
  5
56C
330
1F
100
AcDbEntity
  8
0
  6
Continuous
 62
     7
370
    25
100
AcDbCircle
 10
0.0
 20
0.0
 30
0.0
 40
223.0
100
AcDbArc
 50
277.75
 51
278.25
  0
LINE
  5
56D
330
1F
100
AcDbEntity
  8
0
  6
Continuous
 62
     7
370
    25
100
AcDbLine
 10
28.7232481483
 20
-211.0544361434
 30
0.0
 11
30.071757451
 21
-220.9630951173
 31
0.0
  0
ARC
  5
56E
330
1F
100
AcDbEntity
  8
0
  6
Continuous
 62
     7
370
    25
100
AcDbCircle
 10
0.0
 20
0.0
 30
0.0
 40
213.0
100
AcDbArc
 50
276.75
 51
277.25
  0
LINE
  5
56F
330
1F
100
AcDbEntity
  8
0
  6
Continuous
 62
     7
370
    25
100
AcDbLine
 10
28.1423701173
 20
-221.2171037786
 30
0.0
 11
26.8803804259
 21
-211.2970542818
 31
0.0
  0
ARC
  5
570
330
1F
100
AcDbEntity
  8
0
  6
Continuous
 62
     7
370
    25
100
AcDbCircle
 10
0.0
 20
0.0
 30
0.0
 40
223.0000000000001
100
AcDbArc
 50
276.75
 51
277.25
  0
LINE
  5
571
330
1F
100
AcDbEntity
  8
0
  6
Continuous
 62
     7
370
    25
100
AcDbLine
 10
25.0354656585
 20
-211.5235813314
 30
0.0
 11
26.2108396331
 21
-221.4542659009
 31
0.0
  0
ARC
  5
572
330
1F
100
AcDbEntity
  8
0
  6
Continuous
 62
     7
370
    25
100
AcDbCircle
 10
0.0
 20
0.0
 30
0.0
 40
213.0
100
AcDbArc
 50
275.75
 51
276.25
  0
LINE
  5
573
330
1F
100
AcDbEntity
  8
0
  6
Continuous
 62
     7
370
    25
100
AcDbLine
 10
24.277313092
 20
-221.6745634236
 30
0.0
 11
23.1886443435
 21
-211.7340000414
 31
0.0
  0
ARC
  5
574
330
1F
100
AcDbEntity
  8
0
  6
Continuous
 62
     7
370
    25
100
AcDbCircle
 10
0.0
 20
0.0
 30
0.0
 40
223.0
100
AcDbArc
 50
275.75
 51
276.25
  0
LINE
  5
575
330
1F
100
AcDbEntity
  8
0
  6
Continuous
 62
     7
370
    25
100
AcDbLine
 10
21.3400571234
 20
-211.9282943874
 30
0.0
 11
22.3419377395
 21
-221.87797957
 31
0.0
  0
ARC
  5
576
330
1F
100
AcDbEntity
  8
0
  6
Continuous
 62
     7
370
    25
100
AcDbCircle
 10
0.0
 20
0.0
 30
0.0
 40
213.0000000000001
100
AcDbArc
 50
274.75
 51
275.25
  0
LINE
  5
577
330
1F
100
AcDbEntity
  8
0
  6
Continuous
 62
     7
370
    25
100
AcDbLine
 10
20.4048609619
 20
-222.0644988491
 30
0.0
 11
19.4898447753
 21
-212.1064495734
 31
0.0
  0
ARC
  5
578
330
1F
100
AcDbEntity
  8
0
  6
Continuous
 62
     7
370
    25
100
AcDbCircle
 10
0.0
 20
0.0
 30
0.0
 40
223.0000000000001
100
AcDbArc
 50
274.75
 51
275.25
  0
LINE
  5
579
330
1F
100
AcDbEntity
  8
0
  6
Continuous
 62
     7
370
    25
100
AcDbLine
 10
17.6381482001
 20
-212.268452032
 30
0.0
 11
18.4662302752
 21
-222.234107057
 31
0.0
  0
ARC
  5
57A
330
1F
100
AcDbEntity
  8
0
  6
Continuous
 62
     7
370
    25
100
AcDbCircle
 10
0.0
 20
0.0
 30
0.0
 40
213.0
100
AcDbArc
 50
273.75
 51
274.25
  0
LINE
  5
57B
330
1F
100
AcDbEntity
  8
0
  6
Continuous
 62
     7
370
    25
100
AcDbLine
 10
16.5261933136
 20
-222.3867912772
 30
0.0
 11
15.7851084116
 21
-212.4142894262
 31
0.0
  0
ARC
  5
57C
330
1F
100
AcDbEntity
  8
0
  6
Continuous
 62
     7
370
    25
100
AcDbCircle
 10
0.0
 20
0.0
 30
0.0
 40
223.0
100
AcDbArc
 50
273.75
 51
274.25
  0
LINE
  5
57D
330
1F
100
AcDbEntity
  8
0
  6
Continuous
 62
     7
370
    25
100
AcDbLine
 10
13.930866526
 20
-212.5439506498
 30
0.0
 11
14.5848978183
 21
-222.5225398822
 31
0.0
  0
ARC
  5
57E
330
1F
100
AcDbEntity
  8
0
  6
Continuous
 62
     7
370
    25
100
AcDbCircle
 10
0.0
 20
0.0
 30
0.0
 40
213.0
100
AcDbArc
 50
310.75
 51
311.25
  0
LINE
  5
57F
330
1F
100
AcDbEntity
  8
0
  6
Continuous
 62
     7
370
    25
100
AcDbLine
 10
147.0341167673
 20
-167.6602770678
 30
0.0
 11
140.4406586163
 21
-160.141878993
 31
0.0
  0
ARC
  5
580
330
1F
100
AcDbEntity
  8
0
  6
Continuous
 62
     7
370
    25
100
AcDbCircle
 10
0.0
 20
0.0
 30
0.0
 40
223.0
100
AcDbArc
 50
310.75
 51
311.25
  0
LINE
  5
581
330
1F
100
AcDbEntity
  8
0
  6
Continuous
 62
     7
370
    25
100
AcDbLine
 10
139.0378272746
 20
-161.3613416738
 30
0.0
 11
145.5654247992
 21
-168.9369915176
 31
0.0
  0
ARC
  5
582
330
1F
100
AcDbEntity
  8
0
  6
Continuous
 62
     7
370
    25
100
AcDbCircle
 10
0.0
 20
0.0
 30
0.0
 40
213.0
100
AcDbArc
 50
309.75
 51
310.25
  0
LINE
  5
583
330
1F
100
AcDbEntity
  8
0
  6
Continuous
 62
     7
370
    25
100
AcDbLine
 10
144.0856474604
 20
-170.2008407615
 30
0.0
 11
137.624407664
 21
-162.5685160637
 31
0.0
  0
ARC
  5
584
330
1F
100
AcDbEntity
  8
0
  6
Continuous
 62
     7
370
    25
100
AcDbCircle
 10
0.0
 20
0.0
 30
0.0
 40
223.0
100
AcDbArc
 50
309.75
 51
310.25
  0
LINE
  5
585
330
1F
100
AcDbEntity
  8
0
  6
Continuous
 62
     7
370
    25
100
AcDbLine
 10
136.2005074219
 20
-163.7633102316
 30
0.0
 11
142.5948974417
 21
-171.4517285524
 31
0.0
  0
ARC
  5
586
330
1F
100
AcDbEntity
  8
0
  6
Continuous
 62
     7
370
    25
100
AcDbCircle
 10
0.0
 20
0.0
 30
0.0
 40
213.0
100
AcDbArc
 50
312.75
 51
313.25
  0
LINE
  5
587
330
1F
100
AcDbEntity
  8
0
  6
Continuous
 62
     7
370
    25
100
AcDbLine
 10
152.7958068428
 20
-162.4267262838
 30
0.0
 11
145.9439769395
 21
-155.1430165849
 31
0.0
  0
ARC
  5
588
330
1F
100
AcDbEntity
  8
0
  6
Continuous
 62
     7
370
    25
100
AcDbCircle
 10
0.0
 20
0.0
 30
0.0
 40
223.0
100
AcDbArc
 50
312.75
 51
313.25
  0
LINE
  5
589
330
1F
100
AcDbEntity
  8
0
  6
Continuous
 62
     7
370
    25
100
AcDbLine
 10
144.5845587985
 20
-156.4106945098
 30
0.0
 11
151.3725662538
 21
-163.7539196042
 31
0.0
  0
ARC
  5
58A
330
1F
100
AcDbEntity
  8
0
  6
Continuous
 62
     7
370
    25
100
AcDbCircle
 10
0.0
 20
0.0
 30
0.0
 40
213.0
100
AcDbArc
 50
311.75
 51
312.25
  0
LINE
  5
58B
330
1F
100
AcDbEntity
  8
0
  6
Continuous
 62
     7
370
    25
100
AcDbLine
 10
149.9377980579
 20
-165.0686424296
 30
0.0
 11
143.2141299836
 21
-157.6664611547
 31
0.0
  0
ARC
  5
58C
330
1F
100
AcDbEntity
  8
0
  6
Continuous
 62
     7
370
    25
100
AcDbCircle
 10
0.0
 20
0.0
 30
0.0
 40
223.0000000000001
100
AcDbArc
 50
311.75
 51
312.25
  0
LINE
  5
58D
330
1F
100
AcDbEntity
  8
0
  6
Continuous
 62
     7
370
    25
100
AcDbLine
 10
141.8327948582
 20
-158.9102208881
 30
0.0
 11
148.4916115182
 21
-166.3707946388
 31
0.0
  0
ARC
  5
58E
330
1F
100
AcDbEntity
  8
0
  6
Continuous
 62
     7
370
    25
100
AcDbCircle
 10
0.0
 20
0.0
 30
0.0
 40
213.0
100
AcDbArc
 50
306.75
 51
307.25
  0
LINE
  5
58F
330
1F
100
AcDbEntity
  8
0
  6
Continuous
 62
     7
370
    25
100
AcDbLine
 10
134.9805593336
 20
-177.5084465652
 30
0.0
 11
128.9276194531
 21
-169.5484265399
 31
0.0
  0
ARC
  5
590
330
1F
100
AcDbEntity
  8
0
  6
Continuous
 62
     7
370
    25
100
AcDbCircle
 10
0.0
 20
0.0
 30
0.0
 40
223.0000000000001
100
AcDbArc
 50
306.75
 51
307.25
  0
LINE
  5
591
330
1F
100
AcDbEntity
  8
0
  6
Continuous
 62
     7
370
    25
100
AcDbLine
 10
127.4431399216
 20
-170.6670621032
 30
0.0
 11
133.4263859273
 21
-178.6796002301
 31
0.0
  0
ARC
  5
592
330
1F
100
AcDbEntity
  8
0
  6
Continuous
 62
     7
370
    25
100
AcDbCircle
 10
0.0
 20
0.0
 30
0.0
 40
213.0000000000001
100
AcDbArc
 50
305.75
 51
306.25
  0
LINE
  5
593
330
1F
100
AcDbEntity
  8
0
  6
Continuous
 62
     7
370
    25
100
AcDbLine
 10
131.8620515851
 20
-179.8371467516
 30
0.0
 11
125.9489551014
 21
-171.772700709
 31
0.0
  0
ARC
  5
594
330
1F
100
AcDbEntity
  8
0
  6
Continuous
 62
     7
370
    25
100
AcDbCircle
 10
0.0
 20
0.0
 30
0.0
 40
223.0
100
AcDbArc
 50
305.75
 51
306.25
  0
LINE
  5
595
330
1F
100
AcDbEntity
  8
0
  6
Continuous
 62
     7
370
    25
100
AcDbLine
 10
124.4451787808
 20
-172.8652581585
 30
0.0
 11
130.2876754371
 21
-180.9809979782
 31
0.0
  0
ARC
  5
596
330
1F
100
AcDbEntity
  8
0
  6
Continuous
 62
     7
370
    25
100
AcDbCircle
 10
0.0
 20
0.0
 30
0.0
 40
213.0
100
AcDbArc
 50
308.75
 51
309.25
  0
LINE
  5
597
330
1F
100
AcDbEntity
  8
0
  6
Continuous
 62
     7
370
    25
100
AcDbLine
 10
141.0932882694
 20
-172.6895596303
 30
0.0
 11
134.7662349838
 21
-164.9456331895
 31
0.0
  0
ARC
  5
598
330
1F
100
AcDbEntity
  8
0
  6
Continuous
 62
     7
370
    25
100
AcDbCircle
 10
0.0
 20
0.0
 30
0.0
 40
223.0
100
AcDbArc
 50
308.75
 51
309.25
  0
LINE
  5
599
330
1F
100
AcDbEntity
  8
0
  6
Continuous
 62
     7
370
    25
100
AcDbLine
 10
133.3216995752
 20
-166.1153948988
 30
0.0
 11
139.580934297
 21
-173.9142397297
 31
0.0
  0
ARC
  5
59A
330
1F
100
AcDbEntity
  8
0
  6
Continuous
 62
     7
370
    25
100
AcDbCircle
 10
0.0
 20
0.0
 30
0.0
 40
213.0
100
AcDbArc
 50
307.75
 51
308.25
  0
LINE
  5
59B
330
1F
100
AcDbEntity
  8
0
  6
Continuous
 62
     7
370
    25
100
AcDbLine
 10
138.0579506961
 20
-175.1256755864
 30
0.0
 11
131.867011203
 21
-167.2725062776
 31
0.0
  0
ARC
  5
59C
330
1F
100
AcDbEntity
  8
0
  6
Continuous
 62
     7
370
    25
100
AcDbCircle
 10
0.0
 20
0.0
 30
0.0
 40
223.0
100
AcDbArc
 50
307.75
 51
308.25
  0
LINE
  5
59D
330
1F
100
AcDbEntity
  8
0
  6
Continuous
 62
     7
370
    25
100
AcDbLine
 10
130.4022806473
 20
-168.4168792074
 30
0.0
 11
136.5244534477
 21
-176.3237749449
 31
0.0
  0
ARC
  5
59E
330
1F
100
AcDbEntity
  8
0
  6
Continuous
 62
     7
370
    25
100
AcDbCircle
 10
0.0
 20
0.0
 30
0.0
 40
213.0
100
AcDbArc
 50
318.75
 51
319.25
  0
LINE
  5
59F
330
1F
100
AcDbEntity
  8
0
  6
Continuous
 62
     7
370
    25
100
AcDbLine
 10
168.9369915176
 20
-145.5654247992
 30
0.0
 11
161.3613416738
 21
-139.0378272746
 31
0.0
  0
ARC
  5
5A0
330
1F
100
AcDbEntity
  8
0
  6
Continuous
 62
     7
370
    25
100
AcDbCircle
 10
0.0
 20
0.0
 30
0.0
 40
223.0
100
AcDbArc
 50
318.75
 51
319.25
  0
LINE
  5
5A1
330
1F
100
AcDbEntity
  8
0
  6
Continuous
 62
     7
370
    25
100
AcDbLine
 10
160.141878993
 20
-140.4406586163
 30
0.0
 11
167.6602770678
 21
-147.0341167673
 31
0.0
  0
ARC
  5
5A2
330
1F
100
AcDbEntity
  8
0
  6
Continuous
 62
     7
370
    25
100
AcDbCircle
 10
0.0
 20
0.0
 30
0.0
 40
213.0
100
AcDbArc
 50
317.75
 51
318.25
  0
LINE
  5
5A3
330
1F
100
AcDbEntity
  8
0
  6
Continuous
 62
     7
370
    25
100
AcDbLine
 10
166.3707946388
 20
-148.4916115182
 30
0.0
 11
158.9102208881
 21
-141.8327948582
 31
0.0
  0
ARC
  5
5A4
330
1F
100
AcDbEntity
  8
0
  6
Continuous
 62
     7
370
    25
100
AcDbCircle
 10
0.0
 20
0.0
 30
0.0
 40
223.0
100
AcDbArc
 50
317.75
 51
318.25
  0
LINE
  5
5A5
330
1F
100
AcDbEntity
  8
0
  6
Continuous
 62
     7
370
    25
100
AcDbLine
 10
157.6664611547
 20
-143.2141299836
 30
0.0
 11
165.0686424296
 21
-149.9377980579
 31
0.0
  0
ARC
  5
5A6
330
1F
100
AcDbEntity
  8
0
  6
Continuous
 62
     7
370
    25
100
AcDbCircle
 10
0.0
 20
0.0
 30
0.0
 40
213.0
100
AcDbArc
 50
320.75
 51
321.25
  0
LINE
  5
5A7
330
1F
100
AcDbEntity
  8
0
  6
Continuous
 62
     7
370
    25
100
AcDbLine
 10
173.9142397297
 20
-139.580934297
 30
0.0
 11
166.1153948988
 21
-133.3216995752
 31
0.0
  0
ARC
  5
5A8
330
1F
100
AcDbEntity
  8
0
  6
Continuous
 62
     7
370
    25
100
AcDbCircle
 10
0.0
 20
0.0
 30
0.0
 40
223.0000000000001
100
AcDbArc
 50
320.75
 51
321.25
  0
LINE
  5
5A9
330
1F
100
AcDbEntity
  8
0
  6
Continuous
 62
     7
370
    25
100
AcDbLine
 10
164.9456331895
 20
-134.7662349838
 30
0.0
 11
172.6895596303
 21
-141.0932882694
 31
0.0
  0
ARC
  5
5AA
330
1F
100
AcDbEntity
  8
0
  6
Continuous
 62
     7
370
    25
100
AcDbCircle
 10
0.0
 20
0.0
 30
0.0
 40
213.0000000000001
100
AcDbArc
 50
319.75
 51
320.25
  0
LINE
  5
5AB
330
1F
100
AcDbEntity
  8
0
  6
Continuous
 62
     7
370
    25
100
AcDbLine
 10
171.4517285524
 20
-142.5948974417
 30
0.0
 11
163.7633102316
 21
-136.2005074219
 31
0.0
  0
ARC
  5
5AC
330
1F
100
AcDbEntity
  8
0
  6
Continuous
 62
     7
370
    25
100
AcDbCircle
 10
0.0
 20
0.0
 30
0.0
 40
223.0000000000001
100
AcDbArc
 50
319.75
 51
320.25
  0
LINE
  5
5AD
330
1F
100
AcDbEntity
  8
0
  6
Continuous
 62
     7
370
    25
100
AcDbLine
 10
162.5685160637
 20
-137.6244076639
 30
0.0
 11
170.2008407615
 21
-144.0856474604
 31
0.0
  0
ARC
  5
5AE
330
1F
100
AcDbEntity
  8
0
  6
Continuous
 62
     7
370
    25
100
AcDbCircle
 10
0.0
 20
0.0
 30
0.0
 40
213.0
100
AcDbArc
 50
314.75
 51
315.25
  0
LINE
  5
5AF
330
1F
100
AcDbEntity
  8
0
  6
Continuous
 62
     7
370
    25
100
AcDbLine
 10
158.371338764
 20
-156.9952835537
 30
0.0
 11
151.2694850078
 21
-149.9551363091
 31
0.0
  0
ARC
  5
5B0
330
1F
100
AcDbEntity
  8
0
  6
Continuous
 62
     7
370
    25
100
AcDbCircle
 10
0.0
 20
0.0
 30
0.0
 40
223.0
100
AcDbArc
 50
314.75
 51
315.25
  0
LINE
  5
5B1
330
1F
100
AcDbEntity
  8
0
  6
Continuous
 62
     7
370
    25
100
AcDbLine
 10
149.9551363091
 20
-151.2694850078
 30
0.0
 11
156.9952835537
 21
-158.371338764
 31
0.0
  0
ARC
  5
5B2
330
1F
100
AcDbEntity
  8
0
  6
Continuous
 62
     7
370
    25
100
AcDbCircle
 10
0.0
 20
0.0
 30
0.0
 40
213.0
100
AcDbArc
 50
313.75
 51
314.25
  0
LINE
  5
5B3
330
1F
100
AcDbEntity
  8
0
  6
Continuous
 62
     7
370
    25
100
AcDbLine
 10
155.6072725447
 20
-159.7353333837
 30
0.0
 11
148.6293679463
 21
-152.5723139494
 31
0.0
  0
ARC
  5
5B4
330
1F
100
AcDbEntity
  8
0
  6
Continuous
 62
     7
370
    25
100
AcDbCircle
 10
0.0
 20
0.0
 30
0.0
 40
223.0
100
AcDbArc
 50
313.75
 51
314.25
  0
LINE
  5
5B5
330
1F
100
AcDbEntity
  8
0
  6
Continuous
 62
     7
370
    25
100
AcDbLine
 10
147.2922808816
 20
-153.8635239187
 30
0.0
 11
154.2074114394
 21
-161.0871635393
 31
0.0
  0
ARC
  5
5B6
330
1F
100
AcDbEntity
  8
0
  6
Continuous
 62
     7
370
    25
100
AcDbCircle
 10
0.0
 20
0.0
 30
0.0
 40
213.0
100
AcDbArc
 50
316.75
 51
317.25
  0
LINE
  5
5B7
330
1F
100
AcDbEntity
  8
0
  6
Continuous
 62
     7
370
    25
100
AcDbLine
 10
163.7539196042
 20
-151.3725662538
 30
0.0
 11
156.4106945098
 21
-144.5845587985
 31
0.0
  0
ARC
  5
5B8
330
1F
100
AcDbEntity
  8
0
  6
Continuous
 62
     7
370
    25
100
AcDbCircle
 10
0.0
 20
0.0
 30
0.0
 40
223.0
100
AcDbArc
 50
316.75
 51
317.25
  0
LINE
  5
5B9
330
1F
100
AcDbEntity
  8
0
  6
Continuous
 62
     7
370
    25
100
AcDbLine
 10
155.143016585
 20
-145.9439769395
 30
0.0
 11
162.4267262838
 21
-152.7958068428
 31
0.0
  0
ARC
  5
5BA
330
1F
100
AcDbEntity
  8
0
  6
Continuous
 62
     7
370
    25
100
AcDbCircle
 10
0.0
 20
0.0
 30
0.0
 40
213.0
100
AcDbArc
 50
315.75
 51
316.25
  0
LINE
  5
5BB
330
1F
100
AcDbEntity
  8
0
  6
Continuous
 62
     7
370
    25
100
AcDbLine
 10
161.0871635393
 20
-154.2074114394
 30
0.0
 11
153.8635239187
 21
-147.2922808816
 31
0.0
  0
ARC
  5
5BC
330
1F
100
AcDbEntity
  8
0
  6
Continuous
 62
     7
370
    25
100
AcDbCircle
 10
0.0
 20
0.0
 30
0.0
 40
223.0
100
AcDbArc
 50
315.75
 51
316.25
  0
LINE
  5
5BD
330
1F
100
AcDbEntity
  8
0
  6
Continuous
 62
     7
370
    25
100
AcDbLine
 10
152.5723139495
 20
-148.6293679463
 30
0.0
 11
159.7353333837
 21
-155.6072725447
 31
0.0
  0
ARC
  5
5BE
330
1F
100
AcDbEntity
  8
0
  6
Continuous
 62
     7
370
    25
100
AcDbCircle
 10
0.0
 20
0.0
 30
0.0
 40
213.0
100
AcDbArc
 50
294.75
 51
295.25
  0
LINE
  5
5BF
330
1F
100
AcDbEntity
  8
0
  6
Continuous
 62
     7
370
    25
100
AcDbLine
 10
95.124828998
 20
-201.6934974363
 30
0.0
 11
90.859141599
 21
-192.6489459818
 31
0.0
  0
ARC
  5
5C0
330
1F
100
AcDbEntity
  8
0
  6
Continuous
 62
     7
370
    25
100
AcDbCircle
 10
0.0
 20
0.0
 30
0.0
 40
223.0000000000001
100
AcDbArc
 50
294.75
 51
295.25
  0
LINE
  5
5C1
330
1F
100
AcDbEntity
  8
0
  6
Continuous
 62
     7
370
    25
100
AcDbLine
 10
89.1745240955
 20
-193.4344960247
 30
0.0
 11
93.3611214708
 21
-202.515927763
 31
0.0
  0
ARC
  5
5C2
330
1F
100
AcDbEntity
  8
0
  6
Continuous
 62
     7
370
    25
100
AcDbCircle
 10
0.0
 20
0.0
 30
0.0
 40
213.0
100
AcDbArc
 50
293.75
 51
294.25
  0
LINE
  5
5C3
330
1F
100
AcDbEntity
  8
0
  6
Continuous
 62
     7
370
    25
100
AcDbLine
 10
91.5903041328
 20
-203.3229357177
 30
0.0
 11
87.4831156067
 21
-194.2053152819
 31
0.0
  0
ARC
  5
5C4
330
1F
100
AcDbEntity
  8
0
  6
Continuous
 62
     7
370
    25
100
AcDbCircle
 10
0.0
 20
0.0
 30
0.0
 40
223.0
100
AcDbArc
 50
293.75
 51
294.25
  0
LINE
  5
5C5
330
1F
100
AcDbEntity
  8
0
  6
Continuous
 62
     7
370
    25
100
AcDbLine
 10
85.7850449399
 20
-194.9613450524
 30
0.0
 11
89.8125118385
 21
-204.1144598436
 31
0.0
  0
ARC
  5
5C6
330
1F
100
AcDbEntity
  8
0
  6
Continuous
 62
     7
370
    25
100
AcDbCircle
 10
0.0
 20
0.0
 30
0.0
 40
213.0
100
AcDbArc
 50
296.75
 51
297.25
  0
LINE
  5
5C7
330
1F
100
AcDbEntity
  8
0
  6
Continuous
 62
     7
370
    25
100
AcDbLine
 10
102.1058830711
 20
-198.2508225513
 30
0.0
 11
97.5271439199
 21
-189.3606511365
 31
0.0
  0
ARC
  5
5C8
330
1F
100
AcDbEntity
  8
0
  6
Continuous
 62
     7
370
    25
100
AcDbCircle
 10
0.0
 20
0.0
 30
0.0
 40
223.0
100
AcDbArc
 50
296.75
 51
297.25
  0
LINE
  5
5C9
330
1F
100
AcDbEntity
  8
0
  6
Continuous
 62
     7
370
    25
100
AcDbLine
 10
95.870967941
 20
-190.2045149466
 30
0.0
 11
100.3719523514
 21
-199.1343043807
 31
0.0
  0
ARC
  5
5CA
330
1F
100
AcDbEntity
  8
0
  6
Continuous
 62
     7
370
    25
100
AcDbCircle
 10
0.0
 20
0.0
 30
0.0
 40
213.0
100
AcDbArc
 50
295.75
 51
296.25
  0
LINE
  5
5CB
330
1F
100
AcDbEntity
  8
0
  6
Continuous
 62
     7
370
    25
100
AcDbLine
 10
98.6303779188
 20
-200.0026213618
 30
0.0
 11
94.2074910166
 21
-191.0338939465
 31
0.0
  0
ARC
  5
5CC
330
1F
100
AcDbEntity
  8
0
  6
Continuous
 62
     7
370
    25
100
AcDbCircle
 10
0.0
 20
0.0
 30
0.0
 40
223.0
100
AcDbArc
 50
295.75
 51
296.25
  0
LINE
  5
5CD
330
1F
100
AcDbEntity
  8
0
  6
Continuous
 62
     7
370
    25
100
AcDbLine
 10
92.5368398271
 20
-191.8487249757
 30
0.0
 11
96.8812924012
 21
-200.8557073689
 31
0.0
  0
ARC
  5
5CE
330
1F
100
AcDbEntity
  8
0
  6
Continuous
 62
     7
370
    25
100
AcDbCircle
 10
0.0
 20
0.0
 30
0.0
 40
213.0
100
AcDbArc
 50
290.75
 51
291.25
  0
LINE
  5
5CF
330
1F
100
AcDbEntity
  8
0
  6
Continuous
 62
     7
370
    25
100
AcDbLine
 10
80.8236825373
 20
-207.8377548501
 30
0.0
 11
77.1993021544
 21
-198.5176761572
 31
0.0
  0
ARC
  5
5D0
330
1F
100
AcDbEntity
  8
0
  6
Continuous
 62
     7
370
    25
100
AcDbCircle
 10
0.0
 20
0.0
 30
0.0
 40
223.0000000000001
100
AcDbArc
 50
290.75
 51
291.25
  0
LINE
  5
5D1
330
1F
100
AcDbEntity
  8
0
  6
Continuous
 62
     7
370
    25
100
AcDbLine
 10
75.4639910935
 20
-199.1837996631
 30
0.0
 11
79.0069014735
 21
-208.53515176
 31
0.0
  0
ARC
  5
5D2
330
1F
100
AcDbEntity
  8
0
  6
Continuous
 62
     7
370
    25
100
AcDbCircle
 10
0.0
 20
0.0
 30
0.0
 40
213.0
100
AcDbArc
 50
289.75
 51
290.25
  0
LINE
  5
5D3
330
1F
100
AcDbEntity
  8
0
  6
Continuous
 62
     7
370
    25
100
AcDbLine
 10
77.1841037283
 20
-209.2166679107
 30
0.0
 11
73.7229331575
 21
-199.8347545515
 31
0.0
  0
ARC
  5
5D4
330
1F
100
AcDbEntity
  8
0
  6
Continuous
 62
     7
370
    25
100
AcDbCircle
 10
0.0
 20
0.0
 30
0.0
 40
223.0000000000001
100
AcDbArc
 50
289.75
 51
290.25
  0
LINE
  5
5D5
330
1F
100
AcDbEntity
  8
0
  6
Continuous
 62
     7
370
    25
100
AcDbLine
 10
71.9762609347
 20
-200.4704912496
 30
0.0
 11
75.3554281147
 21
-209.8822514022
 31
0.0
  0
ARC
  5
5D6
330
1F
100
AcDbEntity
  8
0
  6
Continuous
 62
     7
370
    25
100
AcDbCircle
 10
0.0
 20
0.0
 30
0.0
 40
213.0
100
AcDbArc
 50
292.75
 51
293.25
  0
LINE
  5
5D7
330
1F
100
AcDbEntity
  8
0
  6
Continuous
 62
     7
370
    25
100
AcDbLine
 10
88.0278799737
 20
-204.8904398632
 30
0.0
 11
84.0804414099
 21
-195.7025277617
 31
0.0
  0
ARC
  5
5D8
330
1F
100
AcDbEntity
  8
0
  6
Continuous
 62
     7
370
    25
100
AcDbCircle
 10
0.0
 20
0.0
 30
0.0
 40
223.0
100
AcDbArc
 50
292.75
 51
293.25
  0
LINE
  5
5D9
330
1F
100
AcDbEntity
  8
0
  6
Continuous
 62
     7
370
    25
100
AcDbLine
 10
82.3694348286
 20
-196.4288069658
 30
0.0
 11
86.236544445
 21
-205.6508166825
 31
0.0
  0
ARC
  5
5DA
330
1F
100
AcDbEntity
  8
0
  6
Continuous
 62
     7
370
    25
100
AcDbCircle
 10
0.0
 20
0.0
 30
0.0
 40
213.0
100
AcDbArc
 50
291.75
 51
292.25
  0
LINE
  5
5DB
330
1F
100
AcDbEntity
  8
0
  6
Continuous
 62
     7
370
    25
100
AcDbLine
 10
84.4386416696
 20
-206.3955323959
 30
0.0
 11
80.6521554961
 21
-197.1401273557
 31
0.0
  0
ARC
  5
5DC
330
1F
100
AcDbEntity
  8
0
  6
Continuous
 62
     7
370
    25
100
AcDbCircle
 10
0.0
 20
0.0
 30
0.0
 40
223.0
100
AcDbArc
 50
291.75
 51
292.25
  0
LINE
  5
5DD
330
1F
100
AcDbEntity
  8
0
  6
Continuous
 62
     7
370
    25
100
AcDbLine
 10
78.9287341896
 20
-197.8364347617
 30
0.0
 11
82.6343085647
 21
-207.1245302904
 31
0.0
  0
ARC
  5
5DE
330
1F
100
AcDbEntity
  8
0
  6
Continuous
 62
     7
370
    25
100
AcDbCircle
 10
0.0
 20
0.0
 30
0.0
 40
213.0
100
AcDbArc
 50
302.75
 51
303.25
  0
LINE
  5
5DF
330
1F
100
AcDbEntity
  8
0
  6
Continuous
 62
     7
370
    25
100
AcDbLine
 10
122.2693901829
 20
-186.491812754
 30
0.0
 11
116.7864578877
 21
-178.1289511956
 31
0.0
  0
ARC
  5
5E0
330
1F
100
AcDbEntity
  8
0
  6
Continuous
 62
     7
370
    25
100
AcDbCircle
 10
0.0
 20
0.0
 30
0.0
 40
223.0
100
AcDbArc
 50
302.75
 51
303.25
  0
LINE
  5
5E1
330
1F
100
AcDbEntity
  8
0
  6
Continuous
 62
     7
370
    25
100
AcDbLine
 10
115.2275624014
 20
-179.1413097614
 30
0.0
 11
120.6373071151
 21
-187.5516998911
 31
0.0
  0
ARC
  5
5E2
330
1F
100
AcDbEntity
  8
0
  6
Continuous
 62
     7
370
    25
100
AcDbCircle
 10
0.0
 20
0.0
 30
0.0
 40
213.0000000000001
100
AcDbArc
 50
301.75
 51
302.25
  0
LINE
  5
5E3
330
1F
100
AcDbEntity
  8
0
  6
Continuous
 62
     7
370
    25
100
AcDbLine
 10
118.9960370492
 20
-188.59730424
 30
0.0
 11
113.65989189
 21
-180.1400260229
 31
0.0
  0
ARC
  5
5E4
330
1F
100
AcDbEntity
  8
0
  6
Continuous
 62
     7
370
    25
100
AcDbCircle
 10
0.0
 20
0.0
 30
0.0
 40
223.0000000000001
100
AcDbArc
 50
301.75
 51
302.25
  0
LINE
  5
5E5
330
1F
100
AcDbEntity
  8
0
  6
Continuous
 62
     7
370
    25
100
AcDbLine
 10
112.0835657379
 20
-181.1250239241
 30
0.0
 11
117.3457049744
 21
-189.628546174
 31
0.0
  0
ARC
  5
5E6
330
1F
100
AcDbEntity
  8
0
  6
Continuous
 62
     7
370
    25
100
AcDbCircle
 10
0.0
 20
0.0
 30
0.0
 40
213.0
100
AcDbArc
 50
304.75
 51
305.25
  0
LINE
  5
5E7
330
1F
100
AcDbEntity
  8
0
  6
Continuous
 62
     7
370
    25
100
AcDbLine
 10
128.7033773783
 20
-182.1110668011
 30
0.0
 11
122.9319254779
 21
-173.9446512494
 31
0.0
  0
ARC
  5
5E8
330
1F
100
AcDbEntity
  8
0
  6
Continuous
 62
     7
370
    25
100
AcDbCircle
 10
0.0
 20
0.0
 30
0.0
 40
223.0000000000001
100
AcDbArc
 50
304.75
 51
305.25
  0
LINE
  5
5E9
330
1F
100
AcDbEntity
  8
0
  6
Continuous
 62
     7
370
    25
100
AcDbLine
 10
121.409310433
 20
-175.0107977817
 30
0.0
 11
127.109278059
 21
-183.2272671611
 31
0.0
  0
ARC
  5
5EA
330
1F
100
AcDbEntity
  8
0
  6
Continuous
 62
     7
370
    25
100
AcDbCircle
 10
0.0
 20
0.0
 30
0.0
 40
213.0
100
AcDbArc
 50
303.75
 51
304.25
  0
LINE
  5
5EB
330
1F
100
AcDbEntity
  8
0
  6
Continuous
 62
     7
370
    25
100
AcDbLine
 10
125.505498876
 20
-184.3295140554
 30
0.0
 11
119.8774495991
 21
-176.0636165641
 31
0.0
  0
ARC
  5
5EC
330
1F
100
AcDbEntity
  8
0
  6
Continuous
 62
     7
370
    25
100
AcDbCircle
 10
0.0
 20
0.0
 30
0.0
 40
223.0
100
AcDbArc
 50
303.75
 51
304.25
  0
LINE
  5
5ED
330
1F
100
AcDbEntity
  8
0
  6
Continuous
 62
     7
370
    25
100
AcDbLine
 10
118.3364596332
 20
-177.1030274204
 30
0.0
 11
123.8921619634
 21
-185.4177235435
 31
0.0
  0
ARC
  5
5EE
330
1F
100
AcDbEntity
  8
0
  6
Continuous
 62
     7
370
    25
100
AcDbCircle
 10
0.0
 20
0.0
 30
0.0
 40
213.0
100
AcDbArc
 50
298.75
 51
299.25
  0
LINE
  5
5EF
330
1F
100
AcDbEntity
  8
0
  6
Continuous
 62
     7
370
    25
100
AcDbLine
 10
108.9625368538
 20
-194.5666095772
 30
0.0
 11
104.0763244389
 21
-185.8416495065
 31
0.0
  0
ARC
  5
5F0
330
1F
100
AcDbEntity
  8
0
  6
Continuous
 62
     7
370
    25
100
AcDbCircle
 10
0.0
 20
0.0
 30
0.0
 40
223.0000000000001
100
AcDbArc
 50
298.75
 51
299.25
  0
LINE
  5
5F1
330
1F
100
AcDbEntity
  8
0
  6
Continuous
 62
     7
370
    25
100
AcDbLine
 10
102.4506077798
 20
-186.7427989657
 30
0.0
 11
107.260495469
 21
-195.5100665228
 31
0.0
  0
ARC
  5
5F2
330
1F
100
AcDbEntity
  8
0
  6
Continuous
 62
     7
370
    25
100
AcDbCircle
 10
0.0
 20
0.0
 30
0.0
 40
213.0000000000001
100
AcDbArc
 50
297.75
 51
298.25
  0
LINE
  5
5F3
330
1F
100
AcDbEntity
  8
0
  6
Continuous
 62
     7
370
    25
100
AcDbLine
 10
105.5502857822
 20
-196.4386346198
 30
0.0
 11
100.8170891104
 21
-187.6297272377
 31
0.0
  0
ARC
  5
5F4
330
1F
100
AcDbEntity
  8
0
  6
Continuous
 62
     7
370
    25
100
AcDbCircle
 10
0.0
 20
0.0
 30
0.0
 40
223.0000000000001
100
AcDbArc
 50
297.75
 51
298.25
  0
LINE
  5
5F5
330
1F
100
AcDbEntity
  8
0
  6
Continuous
 62
     7
370
    25
100
AcDbLine
 10
99.1758928293
 20
-188.5023667796
 30
0.0
 11
103.8320380325
 21
-197.3522431543
 31
0.0
  0
ARC
  5
5F6
330
1F
100
AcDbEntity
  8
0
  6
Continuous
 62
     7
370
    25
100
AcDbCircle
 10
0.0
 20
0.0
 30
0.0
 40
213.0
100
AcDbArc
 50
300.75
 51
301.25
  0
LINE
  5
5F7
330
1F
100
AcDbEntity
  8
0
  6
Continuous
 62
     7
370
    25
100
AcDbLine
 10
115.6864365698
 20
-190.6453471601
 30
0.0
 11
110.4987039882
 21
-182.0962284533
 31
0.0
  0
ARC
  5
5F8
330
1F
100
AcDbEntity
  8
0
  6
Continuous
 62
     7
370
    25
100
AcDbCircle
 10
0.0
 20
0.0
 30
0.0
 40
223.0
100
AcDbArc
 50
300.75
 51
301.25
  0
LINE
  5
5F9
330
1F
100
AcDbEntity
  8
0
  6
Continuous
 62
     7
370
    25
100
AcDbLine
 10
108.9054273344
 20
-183.0535656498
 30
0.0
 11
114.0183581952
 21
-191.6476297648
 31
0.0
  0
ARC
  5
5FA
330
1F
100
AcDbEntity
  8
0
  6
Continuous
 62
     7
370
    25
100
AcDbCircle
 10
0.0
 20
0.0
 30
0.0
 40
213.0
100
AcDbArc
 50
299.75
 51
300.25
  0
LINE
  5
5FB
330
1F
100
AcDbEntity
  8
0
  6
Continuous
 62
     7
370
    25
100
AcDbLine
 10
112.3415968812
 20
-192.6353176606
 30
0.0
 11
107.3038571107
 21
-183.9969626085
 31
0.0
  0
ARC
  5
5FC
330
1F
100
AcDbEntity
  8
0
  6
Continuous
 62
     7
370
    25
100
AcDbCircle
 10
0.0
 20
0.0
 30
0.0
 40
223.0
100
AcDbArc
 50
299.75
 51
300.25
  0
LINE
  5
5FD
330
1F
100
AcDbEntity
  8
0
  6
Continuous
 62
     7
370
    25
100
AcDbLine
 10
105.6941152828
 20
-184.9263474862
 30
0.0
 11
110.6562803196
 21
-193.6083356311
 31
0.0
  0
ARC
  5
5FE
330
1F
100
AcDbEntity
  8
0
  6
Continuous
 62
     7
370
    25
100
AcDbCircle
 10
0.0
 20
0.0
 30
0.0
 40
213.0000000000001
100
AcDbArc
 50
0.75
 51
1.25
  0
LINE
  5
5FF
330
1F
100
AcDbEntity
  8
0
  6
Continuous
 62
     7
370
    25
100
AcDbLine
 10
222.9469320388
 20
4.8647193627
 30
0.0
 11
212.949311768
 21
4.6465705124
 31
0.0
  0
ARC
  5
600
330
1F
100
AcDbEntity
  8
0
  6
Continuous
 62
     7
370
    25
100
AcDbCircle
 10
0.0
 20
0.0
 30
0.0
 40
223.0000000000001
100
AcDbArc
 50
0.75
 51
1.25
  0
LINE
  5
601
330
1F
100
AcDbEntity
  8
0
  6
Continuous
 62
     7
370
    25
100
AcDbLine
 10
212.9817517733
 20
2.7880838567
 30
0.0
 11
222.980895049
 21
2.9189798124
 31
0.0
  0
ARC
  5
602
330
1F
100
AcDbEntity
  8
0
  6
Continuous
 62
     7
370
    25
100
AcDbCircle
 10
0.0
 20
0.0
 30
0.0
 40
213.0
100
AcDbArc
 50
359.75
 51
0.25
  0
LINE
  5
603
330
1F
100
AcDbEntity
  8
0
  6
Continuous
 62
     7
370
    25
100
AcDbLine
 10
222.9978772007
 20
0.9730179705
 30
0.0
 11
212.9979723935
 21
0.9293848777
 31
0.0
  0
ARC
  5
604
330
1F
100
AcDbEntity
  8
0
  6
Continuous
 62
     7
370
    25
100
AcDbCircle
 10
0.0
 20
0.0
 30
0.0
 40
223.0
100
AcDbArc
 50
359.75
 51
0.25
  0
LINE
  5
605
330
1F
100
AcDbEntity
  8
0
  6
Continuous
 62
     7
370
    25
100
AcDbLine
 10
212.9979723935
 20
-0.9293848777
 30
0.0
 11
222.9978772007
 21
-0.9730179705
 31
0.0
  0
CIRCLE
  5
606
330
1F
100
AcDbEntity
  8
0
  6
Continuous
 62
     7
370
    25
100
AcDbCircle
 10
0.0
 20
0.0
 30
0.0
 40
75.00000000000001
  0
CIRCLE
  5
607
330
1F
100
AcDbEntity
  8
0
  6
Continuous
 62
     7
370
    25
100
AcDbCircle
 10
0.0
 20
135.7645019878
 30
0.0
 40
6.250000000000028
  0
CIRCLE
  5
608
330
1F
100
AcDbEntity
  8
0
  6
Continuous
 62
     7
370
    25
100
AcDbCircle
 10
135.7645019878
 20
0.0
 30
0.0
 40
6.250000000000003
  0
CIRCLE
  5
609
330
1F
100
AcDbEntity
  8
0
  6
Continuous
 62
     7
370
    25
100
AcDbCircle
 10
0.0
 20
-135.7645019878
 30
0.0
 40
6.25
  0
CIRCLE
  5
60A
330
1F
100
AcDbEntity
  8
0
  6
Continuous
 62
     7
370
    25
100
AcDbCircle
 10
-135.7645019878
 20
0.0
 30
0.0
 40
6.250000000000023
  0
CIRCLE
  5
60B
330
1F
100
AcDbEntity
  8
0
  6
Continuous
 62
     7
370
    25
100
AcDbCircle
 10
0.0
 20
0.0
 30
0.0
 40
225.0
  0
LINE
  5
60C
330
1F
100
AcDbEntity
  8
0
  6
Continuous
 62
     7
370
    25
100
AcDbLine
 10
150.0
 20
-20.0
 30
0.0
 11
130.0
 21
-20.0
 31
0.0
  0
ARC
  5
60D
330
1F
100
AcDbEntity
  8
0
  6
Continuous
 62
     7
370
    25
100
AcDbCircle
 10
150.0
 20
-10.0
 30
0.0
 40
10.0
100
AcDbArc
 50
270.0
 51
0.0
  0
LINE
  5
60E
330
1F
100
AcDbEntity
  8
0
  6
Continuous
 62
     7
370
    25
100
AcDbLine
 10
160.0
 20
10.0
 30
0.0
 11
160.0
 21
-10.0
 31
0.0
  0
ARC
  5
60F
330
1F
100
AcDbEntity
  8
0
  6
Continuous
 62
     7
370
    25
100
AcDbCircle
 10
170.0
 20
10.0
 30
0.0
 40
10.0
100
AcDbArc
 50
90.0
 51
180.0
  0
LINE
  5
610
330
1F
100
AcDbEntity
  8
0
  6
Continuous
 62
     7
370
    25
100
AcDbLine
 10
170.0
 20
20.0
 30
0.0
 11
190.0
 21
20.0
 31
0.0
  0
ARC
  5
611
330
1F
100
AcDbEntity
  8
0
  6
Continuous
 62
     7
370
    25
100
AcDbCircle
 10
190.0
 20
10.0
 30
0.0
 40
10.0
100
AcDbArc
 50
0.0
 51
90.0
  0
LINE
  5
612
330
1F
100
AcDbEntity
  8
0
  6
Continuous
 62
     7
370
    25
100
AcDbLine
 10
200.0
 20
10.0
 30
0.0
 11
200.0
 21
-50.0
 31
0.0
  0
ARC
  5
613
330
1F
100
AcDbEntity
  8
0
  6
Continuous
 62
     7
370
    25
100
AcDbCircle
 10
190.0
 20
-50.0
 30
0.0
 40
10.00000000000001
100
AcDbArc
 50
270.0
 51
0.0
  0
LINE
  5
614
330
1F
100
AcDbEntity
  8
0
  6
Continuous
 62
     7
370
    25
100
AcDbLine
 10
190.0
 20
-60.0
 30
0.0
 11
130.0
 21
-60.0
 31
0.0
  0
ARC
  5
615
330
1F
100
AcDbEntity
  8
0
  6
Continuous
 62
     7
370
    25
100
AcDbCircle
 10
130.0
 20
-50.0
 30
0.0
 40
10.00000000000001
100
AcDbArc
 50
180.0
 51
270.0
  0
LINE
  5
616
330
1F
100
AcDbEntity
  8
0
  6
Continuous
 62
     7
370
    25
100
AcDbLine
 10
120.0
 20
-30.0
 30
0.0
 11
120.0
 21
-50.0
 31
0.0
  0
ARC
  5
617
330
1F
100
AcDbEntity
  8
0
  6
Continuous
 62
     7
370
    25
100
AcDbCircle
 10
130.0
 20
-30.0
 30
0.0
 40
10.0
100
AcDbArc
 50
90.0
 51
180.0
  0
LINE
  5
618
330
1F
100
AcDbEntity
  8
0
  6
Continuous
 62
     7
370
    25
100
AcDbLine
 10
20.0
 20
150.0
 30
0.0
 11
20.0
 21
130.0
 31
0.0
  0
ARC
  5
619
330
1F
100
AcDbEntity
  8
0
  6
Continuous
 62
     7
370
    25
100
AcDbCircle
 10
10.0
 20
150.0
 30
0.0
 40
10.0
100
AcDbArc
 50
0.0
 51
90.0
  0
LINE
  5
61A
330
1F
100
AcDbEntity
  8
0
  6
Continuous
 62
     7
370
    25
100
AcDbLine
 10
-10.0
 20
160.0
 30
0.0
 11
10.0
 21
160.0
 31
0.0
  0
ARC
  5
61B
330
1F
100
AcDbEntity
  8
0
  6
Continuous
 62
     7
370
    25
100
AcDbCircle
 10
-10.0
 20
170.0
 30
0.0
 40
10.0
100
AcDbArc
 50
180.0
 51
270.0
  0
LINE
  5
61C
330
1F
100
AcDbEntity
  8
0
  6
Continuous
 62
     7
370
    25
100
AcDbLine
 10
-20.0
 20
170.0
 30
0.0
 11
-20.0
 21
190.0
 31
0.0
  0
ARC
  5
61D
330
1F
100
AcDbEntity
  8
0
  6
Continuous
 62
     7
370
    25
100
AcDbCircle
 10
-10.0
 20
190.0
 30
0.0
 40
10.0
100
AcDbArc
 50
90.0
 51
180.0
  0
LINE
  5
61E
330
1F
100
AcDbEntity
  8
0
  6
Continuous
 62
     7
370
    25
100
AcDbLine
 10
-10.0
 20
200.0
 30
0.0
 11
50.0
 21
200.0
 31
0.0
  0
ARC
  5
61F
330
1F
100
AcDbEntity
  8
0
  6
Continuous
 62
     7
370
    25
100
AcDbCircle
 10
50.0
 20
190.0
 30
0.0
 40
10.0
100
AcDbArc
 50
0.0
 51
90.0
  0
LINE
  5
620
330
1F
100
AcDbEntity
  8
0
  6
Continuous
 62
     7
370
    25
100
AcDbLine
 10
60.0
 20
190.0
 30
0.0
 11
60.0
 21
130.0
 31
0.0
  0
ARC
  5
621
330
1F
100
AcDbEntity
  8
0
  6
Continuous
 62
     7
370
    25
100
AcDbCircle
 10
50.0
 20
130.0
 30
0.0
 40
10.0
100
AcDbArc
 50
270.0
 51
0.0
  0
LINE
  5
622
330
1F
100
AcDbEntity
  8
0
  6
Continuous
 62
     7
370
    25
100
AcDbLine
 10
30.0
 20
120.0
 30
0.0
 11
50.0
 21
120.0
 31
0.0
  0
ARC
  5
623
330
1F
100
AcDbEntity
  8
0
  6
Continuous
 62
     7
370
    25
100
AcDbCircle
 10
30.0
 20
130.0
 30
0.0
 40
10.0
100
AcDbArc
 50
180.0
 51
270.0
  0
LINE
  5
624
330
1F
100
AcDbEntity
  8
0
  6
Continuous
 62
     7
370
    25
100
AcDbLine
 10
-150.0
 20
20.0
 30
0.0
 11
-130.0
 21
20.0
 31
0.0
  0
ARC
  5
625
330
1F
100
AcDbEntity
  8
0
  6
Continuous
 62
     7
370
    25
100
AcDbCircle
 10
-150.0
 20
10.0
 30
0.0
 40
10.0
100
AcDbArc
 50
90.0
 51
180.0
  0
LINE
  5
626
330
1F
100
AcDbEntity
  8
0
  6
Continuous
 62
     7
370
    25
100
AcDbLine
 10
-160.0
 20
-10.0
 30
0.0
 11
-160.0
 21
10.0
 31
0.0
  0
ARC
  5
627
330
1F
100
AcDbEntity
  8
0
  6
Continuous
 62
     7
370
    25
100
AcDbCircle
 10
-170.0
 20
-10.0
 30
0.0
 40
10.0
100
AcDbArc
 50
270.0
 51
0.0
  0
LINE
  5
628
330
1F
100
AcDbEntity
  8
0
  6
Continuous
 62
     7
370
    25
100
AcDbLine
 10
-170.0
 20
-20.0
 30
0.0
 11
-190.0
 21
-20.0
 31
0.0
  0
ARC
  5
629
330
1F
100
AcDbEntity
  8
0
  6
Continuous
 62
     7
370
    25
100
AcDbCircle
 10
-190.0
 20
-10.0
 30
0.0
 40
10.0
100
AcDbArc
 50
180.0
 51
270.0
  0
LINE
  5
62A
330
1F
100
AcDbEntity
  8
0
  6
Continuous
 62
     7
370
    25
100
AcDbLine
 10
-200.0
 20
-10.0
 30
0.0
 11
-200.0
 21
50.0
 31
0.0
  0
ARC
  5
62B
330
1F
100
AcDbEntity
  8
0
  6
Continuous
 62
     7
370
    25
100
AcDbCircle
 10
-190.0
 20
50.0
 30
0.0
 40
10.00000000000001
100
AcDbArc
 50
90.0
 51
180.0
  0
LINE
  5
62C
330
1F
100
AcDbEntity
  8
0
  6
Continuous
 62
     7
370
    25
100
AcDbLine
 10
-190.0
 20
60.0
 30
0.0
 11
-130.0
 21
60.0
 31
0.0
  0
ARC
  5
62D
330
1F
100
AcDbEntity
  8
0
  6
Continuous
 62
     7
370
    25
100
AcDbCircle
 10
-130.0
 20
50.0
 30
0.0
 40
10.00000000000001
100
AcDbArc
 50
0.0
 51
90.0
  0
LINE
  5
62E
330
1F
100
AcDbEntity
  8
0
  6
Continuous
 62
     7
370
    25
100
AcDbLine
 10
-120.0
 20
30.0
 30
0.0
 11
-120.0
 21
50.0
 31
0.0
  0
ARC
  5
62F
330
1F
100
AcDbEntity
  8
0
  6
Continuous
 62
     7
370
    25
100
AcDbCircle
 10
-130.0
 20
30.0
 30
0.0
 40
10.0
100
AcDbArc
 50
270.0
 51
0.0
  0
LINE
  5
630
330
1F
100
AcDbEntity
  8
0
  6
Continuous
 62
     7
370
    25
100
AcDbLine
 10
-20.0
 20
-150.0
 30
0.0
 11
-20.0
 21
-130.0
 31
0.0
  0
ARC
  5
631
330
1F
100
AcDbEntity
  8
0
  6
Continuous
 62
     7
370
    25
100
AcDbCircle
 10
-10.0
 20
-150.0
 30
0.0
 40
10.0
100
AcDbArc
 50
180.0
 51
270.0
  0
LINE
  5
632
330
1F
100
AcDbEntity
  8
0
  6
Continuous
 62
     7
370
    25
100
AcDbLine
 10
10.0
 20
-160.0
 30
0.0
 11
-10.0
 21
-160.0
 31
0.0
  0
ARC
  5
633
330
1F
100
AcDbEntity
  8
0
  6
Continuous
 62
     7
370
    25
100
AcDbCircle
 10
10.0
 20
-170.0
 30
0.0
 40
10.0
100
AcDbArc
 50
0.0
 51
90.0
  0
LINE
  5
634
330
1F
100
AcDbEntity
  8
0
  6
Continuous
 62
     7
370
    25
100
AcDbLine
 10
20.0
 20
-170.0
 30
0.0
 11
20.0
 21
-190.0
 31
0.0
  0
ARC
  5
635
330
1F
100
AcDbEntity
  8
0
  6
Continuous
 62
     7
370
    25
100
AcDbCircle
 10
10.0
 20
-190.0
 30
0.0
 40
10.0
100
AcDbArc
 50
270.0
 51
0.0
  0
LINE
  5
636
330
1F
100
AcDbEntity
  8
0
  6
Continuous
 62
     7
370
    25
100
AcDbLine
 10
10.0
 20
-200.0
 30
0.0
 11
-50.0
 21
-200.0
 31
0.0
  0
ARC
  5
637
330
1F
100
AcDbEntity
  8
0
  6
Continuous
 62
     7
370
    25
100
AcDbCircle
 10
-50.0
 20
-190.0
 30
0.0
 40
10.00000000000003
100
AcDbArc
 50
180.0
 51
270.0
  0
LINE
  5
638
330
1F
100
AcDbEntity
  8
0
  6
Continuous
 62
     7
370
    25
100
AcDbLine
 10
-60.0
 20
-190.0
 30
0.0
 11
-60.0
 21
-130.0
 31
0.0
  0
ARC
  5
639
330
1F
100
AcDbEntity
  8
0
  6
Continuous
 62
     7
370
    25
100
AcDbCircle
 10
-50.0
 20
-130.0
 30
0.0
 40
10.0
100
AcDbArc
 50
90.0
 51
180.0
  0
LINE
  5
63A
330
1F
100
AcDbEntity
  8
0
  6
Continuous
 62
     7
370
    25
100
AcDbLine
 10
-30.0
 20
-120.0
 30
0.0
 11
-50.0
 21
-120.0
 31
0.0
  0
ARC
  5
63B
330
1F
100
AcDbEntity
  8
0
  6
Continuous
 62
     7
370
    25
100
AcDbCircle
 10
-30.0
 20
-130.0
 30
0.0
 40
10.0
100
AcDbArc
 50
0.0
 51
90.0
  0
ENDSEC
  0
SECTION
  2
OBJECTS
  0
DICTIONARY
  5
C
330
0
100
AcDbDictionary
281
     1
  3
ACAD_GROUP
350
D
  3
ACAD_LAYOUT
350
1A
  3
ACAD_MLINESTYLE
350
17
  3
ACAD_PLOTSETTINGS
350
19
  3
ACAD_PLOTSTYLENAME
350
E
  3
ACAD_SCALELIST
350
47
  3
DWGPROPS
350
63C
  0
DICTIONARY
  5
D
102
{ACAD_REACTORS
330
C
102
}
330
C
100
AcDbDictionary
281
     1
  0
DICTIONARY
  5
1A
102
{ACAD_REACTORS
330
C
102
}
330
C
100
AcDbDictionary
281
     1
  3
Layout1
350
1E
  3
Layout2
350
26
  3
Model
350
22
  0
DICTIONARY
  5
17
102
{ACAD_REACTORS
330
C
102
}
330
C
100
AcDbDictionary
281
     1
  3
Standard
350
18
  0
DICTIONARY
  5
19
102
{ACAD_REACTORS
330
C
102
}
330
C
100
AcDbDictionary
281
     1
  0
ACDBDICTIONARYWDFLT
  5
E
102
{ACAD_REACTORS
330
C
102
}
330
C
100
AcDbDictionary
281
     1
  3
Normal
350
F
100
AcDbDictionaryWithDefault
340
F
  0
DICTIONARY
  5
47
102
{ACAD_REACTORS
330
C
102
}
330
C
100
AcDbDictionary
281
     1
  3
A0
350
48
  3
A1
350
49
  3
A2
350
4A
  3
A3
350
4B
  3
A4
350
4C
  3
A5
350
4D
  3
A6
350
4E
  3
A7
350
4F
  3
A8
350
50
  3
A9
350
51
  3
B0
350
52
  3
B1
350
53
  3
B2
350
54
  3
B3
350
55
  3
B4
350
56
  3
B5
350
57
  3
B6
350
58
  0
XRECORD
  5
63C
102
{ACAD_REACTORS
330
C
102
}
330
C
100
AcDbXrecord
280
     1
  1
DWGPROPS COOKIE
  2

  3

  4

  6

  7

  8
sebma
  9

300
=
301
=
302
=
303
=
304
=
305
=
306
=
307
=
308
=
309
=
 40
0.0
 41
2461072.264721053
 42
2461072.264746528
  1

 90
        0
  0
LAYOUT
  5
1E
102
{ACAD_REACTORS
330
1A
102
}
330
1A
100
AcDbPlotSettings
  1

  2
none_device
  4

  6

 40
0.0
 41
0.0
 42
0.0
 43
0.0
 44
0.0
 45
0.0
 46
0.0
 47
0.0
 48
0.0
 49
0.0
140
0.0
141
0.0
142
1.0
143
1.0
 70
   688
 72
     1
 73
     0
 74
     5
  7

 75
    16
147
1.0
148
0.0
149
0.0
100
AcDbLayout
  1
Layout1
 70
     1
 71
     1
 10
0.0
 20
0.0
 11
420.0
 21
297.0
 12
0.0
 22
0.0
 32
0.0
 14
1.0000000000E+20
 24
1.0000000000E+20
 34
1.0000000000E+20
 15
-1.0000000000E+20
 25
-1.0000000000E+20
 35
-1.0000000000E+20
146
0.0
 13
0.0
 23
0.0
 33
0.0
 16
1.0
 26
0.0
 36
0.0
 17
0.0
 27
1.0
 37
0.0
 76
     0
330
1B
  0
LAYOUT
  5
26
102
{ACAD_REACTORS
330
1A
102
}
330
1A
100
AcDbPlotSettings
  1

  2
none_device
  4

  6

 40
0.0
 41
0.0
 42
0.0
 43
0.0
 44
0.0
 45
0.0
 46
0.0
 47
0.0
 48
0.0
 49
0.0
140
0.0
141
0.0
142
1.0
143
1.0
 70
   688
 72
     1
 73
     0
 74
     5
  7

 75
    16
147
1.0
148
0.0
149
0.0
100
AcDbLayout
  1
Layout2
 70
     1
 71
     2
 10
0.0
 20
0.0
 11
0.0
 21
0.0
 12
0.0
 22
0.0
 32
0.0
 14
0.0
 24
0.0
 34
0.0
 15
0.0
 25
0.0
 35
0.0
146
0.0
 13
0.0
 23
0.0
 33
0.0
 16
1.0
 26
0.0
 36
0.0
 17
0.0
 27
1.0
 37
0.0
 76
     0
330
23
  0
LAYOUT
  5
22
102
{ACAD_REACTORS
330
1A
102
}
330
1A
100
AcDbPlotSettings
  1

  2
none_device
  4
ANSI_A_(11.00_x_8.50_Inches)
  6

 40
6.35
 41
19.05
 42
6.35000508
 43
19.05000254
 44
279.4
 45
215.9
 46
133.34999746
 47
88.89999873
 48
0.0
 49
0.0
140
0.0
141
0.0
142
0.0187
143
1.0
 70
  1696
 72
     0
 73
     0
 74
     0
  7

 75
     0
147
0.0179189148
148
-1300.4909072572
149
0.0
100
AcDbLayout
  1
Model
 70
     1
 71
     0
 10
0.0
 20
0.0
 11
420.0
 21
297.0
 12
0.0
 22
0.0
 32
0.0
 14
-225.0
 24
-225.0
 34
0.0
 15
225.0
 25
225.0
 35
0.0
146
0.0
 13
0.0
 23
0.0
 33
0.0
 16
1.0
 26
0.0
 36
0.0
 17
0.0
 27
1.0
 37
0.0
 76
     0
330
1F
331
29
  0
MLINESTYLE
  5
18
102
{ACAD_REACTORS
330
17
102
}
330
17
100
AcDbMlineStyle
  2
Standard
 70
     0
  3

 62
   256
 51
90.0
 52
90.0
 71
     2
 49
0.5
 62
   256
  6
BYLAYER
 49
-0.5
 62
   256
  6
BYLAYER
  0
ACDBPLACEHOLDER
  5
F
102
{ACAD_REACTORS
330
E
102
}
330
E
  0
SCALE
  5
48
102
{ACAD_REACTORS
330
47
102
}
330
47
100
AcDbScale
 70
     0
300
1:1
140
1.0
141
1.0
290
     1
  0
SCALE
  5
49
102
{ACAD_REACTORS
330
47
102
}
330
47
100
AcDbScale
 70
     0
300
1:2
140
1.0
141
2.0
290
     0
  0
SCALE
  5
4A
102
{ACAD_REACTORS
330
47
102
}
330
47
100
AcDbScale
 70
     0
300
1:4
140
1.0
141
4.0
290
     0
  0
SCALE
  5
4B
102
{ACAD_REACTORS
330
47
102
}
330
47
100
AcDbScale
 70
     0
300
1:5
140
1.0
141
5.0
290
     0
  0
SCALE
  5
4C
102
{ACAD_REACTORS
330
47
102
}
330
47
100
AcDbScale
 70
     0
300
1:8
140
1.0
141
8.0
290
     0
  0
SCALE
  5
4D
102
{ACAD_REACTORS
330
47
102
}
330
47
100
AcDbScale
 70
     0
300
1:10
140
1.0
141
10.0
290
     0
  0
SCALE
  5
4E
102
{ACAD_REACTORS
330
47
102
}
330
47
100
AcDbScale
 70
     0
300
1:16
140
1.0
141
16.0
290
     0
  0
SCALE
  5
4F
102
{ACAD_REACTORS
330
47
102
}
330
47
100
AcDbScale
 70
     0
300
1:20
140
1.0
141
20.0
290
     0
  0
SCALE
  5
50
102
{ACAD_REACTORS
330
47
102
}
330
47
100
AcDbScale
 70
     0
300
1:30
140
1.0
141
30.0
290
     0
  0
SCALE
  5
51
102
{ACAD_REACTORS
330
47
102
}
330
47
100
AcDbScale
 70
     0
300
1:40
140
1.0
141
40.0
290
     0
  0
SCALE
  5
52
102
{ACAD_REACTORS
330
47
102
}
330
47
100
AcDbScale
 70
     0
300
1:50
140
1.0
141
50.0
290
     0
  0
SCALE
  5
53
102
{ACAD_REACTORS
330
47
102
}
330
47
100
AcDbScale
 70
     0
300
1:100
140
1.0
141
100.0
290
     0
  0
SCALE
  5
54
102
{ACAD_REACTORS
330
47
102
}
330
47
100
AcDbScale
 70
     0
300
2:1
140
2.0
141
1.0
290
     0
  0
SCALE
  5
55
102
{ACAD_REACTORS
330
47
102
}
330
47
100
AcDbScale
 70
     0
300
4:1
140
4.0
141
1.0
290
     0
  0
SCALE
  5
56
102
{ACAD_REACTORS
330
47
102
}
330
47
100
AcDbScale
 70
     0
300
8:1
140
8.0
141
1.0
290
     0
  0
SCALE
  5
57
102
{ACAD_REACTORS
330
47
102
}
330
47
100
AcDbScale
 70
     0
300
10:1
140
10.0
141
1.0
290
     0
  0
SCALE
  5
58
102
{ACAD_REACTORS
330
47
102
}
330
47
100
AcDbScale
 70
     0
300
100:1
140
100.0
141
1.0
290
     0
  0
ENDSEC
  0
EOF
