ISO-10303-21;
HEADER;
FILE_DESCRIPTION (( 'STEP AP214' ),
    '1' );
FILE_NAME ('Vertical Bracket.STEP',
    '2026-01-30T10:16:20',
    ( '' ),
    ( '' ),
    'SwSTEP 2.0',
    'SolidWorks 2026',
    '' );
FILE_SCHEMA (( 'AUTOMOTIVE_DESIGN' ));
ENDSEC;

DATA;
#1 = SURFACE_STYLE_USAGE ( .BOTH. , #1379 ) ;
#2 = AXIS2_PLACEMENT_3D ( 'NONE', #195, #1563, #174 ) ;
#3 = CIRCLE ( 'NONE', #570, 12.50000000000000000 ) ;
#4 = VECTOR ( 'NONE', #203, 1000.000000000000000 ) ;
#5 = EDGE_LOOP ( 'NONE', ( #1136, #2036 ) ) ;
#6 = CARTESIAN_POINT ( 'NONE',  ( -47.50000000000001421, 0.000000000000000000, -192.9006350946109762 ) ) ;
#7 = ORIENTED_EDGE ( 'NONE', *, *, #736, .F. ) ;
#8 = EDGE_CURVE ( 'NONE', #2014, #1866, #1494, .T. ) ;
#9 = VERTEX_POINT ( 'NONE', #1792 ) ;
#10 = ORIENTED_EDGE ( 'NONE', *, *, #2106, .F. ) ;
#11 = CARTESIAN_POINT ( 'NONE',  ( -56.17807935140629638, 15.00000000000000000, -81.61976074586137031 ) ) ;
#12 = AXIS2_PLACEMENT_3D ( 'NONE', #968, #1742, #1551 ) ;
#13 = CARTESIAN_POINT ( 'NONE',  ( -19.00000000000000355, 7.499999999999983125, -172.4999999999999147 ) ) ;
#14 = DIRECTION ( 'NONE',  ( 0.4999999999999995559, 0.000000000000000000, -0.8660254037844389297 ) ) ;
#15 = EDGE_CURVE ( 'NONE', #901, #1529, #1651, .T. ) ;
#16 = EDGE_CURVE ( 'NONE', #1869, #884, #246, .T. ) ;
#17 = ORIENTED_EDGE ( 'NONE', *, *, #601, .T. ) ;
#18 = CARTESIAN_POINT ( 'NONE',  ( -35.00000000000021316, 0.000000000000000000, -230.4006350946107204 ) ) ;
#19 = ORIENTED_EDGE ( 'NONE', *, *, #2067, .T. ) ;
#20 = EDGE_CURVE ( 'NONE', #2072, #1755, #76, .T. ) ;
#21 = ORIENTED_EDGE ( 'NONE', *, *, #850, .T. ) ;
#22 = VECTOR ( 'NONE', #2103, 1000.000000000000000 ) ;
#23 = CYLINDRICAL_SURFACE ( 'NONE', #2204, 12.50000000000019185 ) ;
#24 = DIRECTION ( 'NONE',  ( 0.000000000000000000, 0.000000000000000000, 1.000000000000000000 ) ) ;
#25 = CARTESIAN_POINT ( 'NONE',  ( -120.0000000000000000, 7.500000000000000000, -9.000000000000001776 ) ) ;
#26 = CIRCLE ( 'NONE', #1294, 2.500000000000002220 ) ;
#27 = LINE ( 'NONE', #1427, #675 ) ;
#28 = AXIS2_PLACEMENT_3D ( 'NONE', #364, #1057, #545 ) ;
#29 = ORIENTED_EDGE ( 'NONE', *, *, #16, .F. ) ;
#30 = EDGE_LOOP ( 'NONE', ( #1047, #938, #503, #1404 ) ) ;
#31 = LINE ( 'NONE', #2093, #541 ) ;
#32 = CARTESIAN_POINT ( 'NONE',  ( -10.00000000000000711, 7.499999999999989342, -217.4999999999998579 ) ) ;
#33 = CARTESIAN_POINT ( 'NONE',  ( -60.00000000000001421, 7.500000000000000000, -262.4999999999998863 ) ) ;
#34 = AXIS2_PLACEMENT_3D ( 'NONE', #1957, #1439, #1431 ) ;
#35 = DIRECTION ( 'NONE',  ( 0.000000000000000000, 0.000000000000000000, 1.000000000000000000 ) ) ;
#36 = AXIS2_PLACEMENT_3D ( 'NONE', #1115, #53, #745 ) ;
#37 = ORIENTED_EDGE ( 'NONE', *, *, #1820, .T. ) ;
#38 = EDGE_LOOP ( 'NONE', ( #915, #812, #1026 ) ) ;
#39 = DIRECTION ( 'NONE',  ( -1.000000000000000000, -0.000000000000000000, -0.000000000000000000 ) ) ;
#40 = EDGE_CURVE ( 'NONE', #1455, #218, #1626, .T. ) ;
#41 = LINE ( 'NONE', #756, #1585 ) ;
#42 = CONICAL_SURFACE ( 'NONE', #513, 2.500000000000002220, 1.029744258676650093 ) ;
#43 = VECTOR ( 'NONE', #1293, 1000.000000000000000 ) ;
#44 = CARTESIAN_POINT ( 'NONE',  ( -230.0000000000000000, 15.00000000000000000, -49.99999999999997158 ) ) ;
#45 = ADVANCED_FACE ( 'NONE', ( #1096 ), #591, .F. ) ;
#46 = VECTOR ( 'NONE', #2126, 1000.000000000000000 ) ;
#47 = AXIS2_PLACEMENT_3D ( 'NONE', #115, #476, #1851 ) ;
#48 = CYLINDRICAL_SURFACE ( 'NONE', #1207, 2.500000000000002220 ) ;
#49 = EDGE_CURVE ( 'NONE', #1038, #322, #159, .T. ) ;
#50 = DIRECTION ( 'NONE',  ( 0.000000000000000000, 0.000000000000000000, -1.000000000000000000 ) ) ;
#51 = VERTEX_POINT ( 'NONE', #748 ) ;
#52 = VERTEX_POINT ( 'NONE', #258 ) ;
#53 = DIRECTION ( 'NONE',  ( -1.000000000000000000, -0.000000000000000000, -0.000000000000000000 ) ) ;
#54 = DIRECTION ( 'NONE',  ( 0.8571673007021125557, 0.000000000000000000, 0.5150380749100536004 ) ) ;
#55 = FACE_BOUND ( 'NONE', #367, .T. ) ;
#56 = ADVANCED_FACE ( 'NONE', ( #1639 ), #2168, .F. ) ;
#57 = PLANE ( 'NONE',  #1056 ) ;
#58 = LINE ( 'NONE', #1443, #1971 ) ;
#59 = EDGE_LOOP ( 'NONE', ( #2074, #951, #1738 ) ) ;
#60 = ORIENTED_EDGE ( 'NONE', *, *, #346, .F. ) ;
#61 = DIRECTION ( 'NONE',  ( 0.000000000000000000, 0.000000000000000000, 1.000000000000000000 ) ) ;
#62 = AXIS2_PLACEMENT_3D ( 'NONE', #454, #922, #249 ) ;
#63 = LINE ( 'NONE', #588, #1709 ) ;
#64 = EDGE_CURVE ( 'NONE', #1287, #100, #87, .T. ) ;
#65 = CARTESIAN_POINT ( 'NONE',  ( -34.52744425679500750, 0.000000000000000000, -69.11976074586118557 ) ) ;
#66 = LINE ( 'NONE', #2150, #1208 ) ;
#67 = EDGE_CURVE ( 'NONE', #884, #1235, #66, .T. ) ;
#68 = DIRECTION ( 'NONE',  ( 1.000000000000000000, -0.000000000000000000, -1.224646799147352468E-16 ) ) ;
#69 = ORIENTED_EDGE ( 'NONE', *, *, #1938, .F. ) ;
#70 = ORIENTED_EDGE ( 'NONE', *, *, #2042, .F. ) ;
#71 = CARTESIAN_POINT ( 'NONE',  ( -19.00000000000000355, 7.499999999999983125, -177.4999999999998579 ) ) ;
#72 = CARTESIAN_POINT ( 'NONE',  ( -170.9668783648703823, 0.000000000000000000, -37.49999999999998579 ) ) ;
#73 = ADVANCED_FACE ( 'NONE', ( #96 ), #618, .F. ) ;
#74 = CIRCLE ( 'NONE', #1353, 12.49999999999978861 ) ;
#75 = DIRECTION ( 'NONE',  ( 0.000000000000000000, 0.000000000000000000, 1.000000000000000000 ) ) ;
#76 = LINE ( 'NONE', #1107, #43 ) ;
#77 = DIRECTION ( 'NONE',  ( 0.000000000000000000, 0.000000000000000000, 1.000000000000000000 ) ) ;
#78 =( GEOMETRIC_REPRESENTATION_CONTEXT ( 3 ) GLOBAL_UNCERTAINTY_ASSIGNED_CONTEXT ( ( #1000 ) ) GLOBAL_UNIT_ASSIGNED_CONTEXT ( ( #1025, #1391, #687 ) ) REPRESENTATION_CONTEXT ( 'NONE', 'WORKASPACE' ) );
#79 = VECTOR ( 'NONE', #1477, 1000.000000000000000 ) ;
#80 = LINE ( 'NONE', #947, #779 ) ;
#81 = ORIENTED_EDGE ( 'NONE', *, *, #630, .T. ) ;
#82 = CARTESIAN_POINT ( 'NONE',  ( -73.71206889325388545, 0.000000000000000000, -51.25000000000007105 ) ) ;
#83 = ORIENTED_EDGE ( 'NONE', *, *, #313, .F. ) ;
#84 = CARTESIAN_POINT ( 'NONE',  ( -47.50000000000001421, 0.000000000000000000, -305.0000000000001705 ) ) ;
#85 = DIRECTION ( 'NONE',  ( -0.000000000000000000, 1.000000000000000000, -0.000000000000000000 ) ) ;
#86 = DIRECTION ( 'NONE',  ( 1.000000000000000000, 0.000000000000000000, 0.000000000000000000 ) ) ;
#87 = LINE ( 'NONE', #1782, #1423 ) ;
#88 = CYLINDRICAL_SURFACE ( 'NONE', #318, 12.49999999999980282 ) ;
#89 = ORIENTED_EDGE ( 'NONE', *, *, #1070, .F. ) ;
#90 = ORIENTED_EDGE ( 'NONE', *, *, #1960, .F. ) ;
#91 = CARTESIAN_POINT ( 'NONE',  ( -60.00000000000000000, 0.000000000000000000, 7.347880794884127822E-15 ) ) ;
#92 = ORIENTED_EDGE ( 'NONE', *, *, #880, .T. ) ;
#93 = DIRECTION ( 'NONE',  ( 0.000000000000000000, 0.000000000000000000, 1.000000000000000000 ) ) ;
#94 = CARTESIAN_POINT ( 'NONE',  ( -160.0000000000000000, 7.500000000000000000, -9.000000000000001776 ) ) ;
#95 = DIRECTION ( 'NONE',  ( 0.000000000000000000, 0.000000000000000000, 1.000000000000000000 ) ) ;
#96 = FACE_OUTER_BOUND ( 'NONE', #1850, .T. ) ;
#97 = CONICAL_SURFACE ( 'NONE', #1516, 2.500000000000002220, 1.029744258676655200 ) ;
#98 = CARTESIAN_POINT ( 'NONE',  ( -10.00000000000000533, 7.499999999999989342, -222.4999999999998579 ) ) ;
#99 = CARTESIAN_POINT ( 'NONE',  ( -60.00000000000000000, 15.00000000000000000, 7.347880794884127822E-15 ) ) ;
#100 = VERTEX_POINT ( 'NONE', #433 ) ;
#101 = ORIENTED_EDGE ( 'NONE', *, *, #1616, .T. ) ;
#102 = CYLINDRICAL_SURFACE ( 'NONE', #1945, 12.50000000000021316 ) ;
#103 = DIRECTION ( 'NONE',  ( -1.224646799147352714E-16, 0.000000000000000000, -1.000000000000000000 ) ) ;
#104 = EDGE_LOOP ( 'NONE', ( #2041, #1749, #1074 ) ) ;
#105 = DIRECTION ( 'NONE',  ( 0.000000000000000000, 0.000000000000000000, -1.000000000000000000 ) ) ;
#106 = AXIS2_PLACEMENT_3D ( 'NONE', #1263, #1104, #2114 ) ;
#107 = ADVANCED_FACE ( 'NONE', ( #1816 ), #1996, .F. ) ;
#108 = VECTOR ( 'NONE', #1884, 1000.000000000000000 ) ;
#109 = ADVANCED_FACE ( 'NONE', ( #955 ), #399, .F. ) ;
#110 = DIRECTION ( 'NONE',  ( 0.000000000000000000, 0.000000000000000000, 1.000000000000000000 ) ) ;
#111 = CARTESIAN_POINT ( 'NONE',  ( -60.00000000000001421, 15.00000000000000000, -100.0000000000004547 ) ) ;
#112 = AXIS2_PLACEMENT_3D ( 'NONE', #1542, #523, #674 ) ;
#113 = CARTESIAN_POINT ( 'NONE',  ( -230.0000000000000000, 15.00000000000000000, -49.99999999999997158 ) ) ;
#114 = EDGE_CURVE ( 'NONE', #1587, #180, #282, .T. ) ;
#115 = CARTESIAN_POINT ( 'NONE',  ( -51.00000000000001421, 7.500000000000000000, -319.9999999999999432 ) ) ;
#116 = EDGE_CURVE ( 'NONE', #1893, #2176, #1662, .T. ) ;
#117 = VECTOR ( 'NONE', #1872, 999.9999999999998863 ) ;
#118 = AXIS2_PLACEMENT_3D ( 'NONE', #965, #1500, #1980 ) ;
#119 = CARTESIAN_POINT ( 'NONE',  ( -230.0000000000000000, 15.00000000000000000, -24.99999999999997513 ) ) ;
#120 = AXIS2_PLACEMENT_3D ( 'NONE', #664, #2043, #488 ) ;
#121 = ORIENTED_EDGE ( 'NONE', *, *, #412, .T. ) ;
#122 = ORIENTED_EDGE ( 'NONE', *, *, #863, .F. ) ;
#123 = CARTESIAN_POINT ( 'NONE',  ( -22.50000000000041211, 0.000000000000000000, -230.4006350946107204 ) ) ;
#124 = DIRECTION ( 'NONE',  ( -0.000000000000000000, -1.000000000000000000, 0.000000000000000000 ) ) ;
#125 = CARTESIAN_POINT ( 'NONE',  ( -60.00000000000001421, 7.500000000000000000, -262.4999999999998863 ) ) ;
#126 = DIRECTION ( 'NONE',  ( 0.000000000000000000, 1.000000000000000000, 0.000000000000000000 ) ) ;
#127 = ORIENTED_EDGE ( 'NONE', *, *, #212, .T. ) ;
#128 = DIRECTION ( 'NONE',  ( -1.000000000000000000, 0.000000000000000000, -0.000000000000000000 ) ) ;
#129 = AXIS2_PLACEMENT_3D ( 'NONE', #1605, #1781, #1461 ) ;
#130 = CARTESIAN_POINT ( 'NONE',  ( -60.00000000000001421, 7.500000000000000000, -229.9999999999998863 ) ) ;
#131 = ORIENTED_EDGE ( 'NONE', *, *, #1011, .F. ) ;
#132 = VERTEX_POINT ( 'NONE', #579 ) ;
#133 = DIRECTION ( 'NONE',  ( 0.000000000000000000, 0.000000000000000000, -1.000000000000000000 ) ) ;
#134 = DIRECTION ( 'NONE',  ( 0.000000000000000000, 0.000000000000000000, 1.000000000000000000 ) ) ;
#135 = CARTESIAN_POINT ( 'NONE',  ( -60.00000000000001421, 7.500000000000000000, -257.4999999999998863 ) ) ;
#136 = CARTESIAN_POINT ( 'NONE',  ( -35.00000000000021316, 0.000000000000000000, -192.9006350946109762 ) ) ;
#137 = ORIENTED_EDGE ( 'NONE', *, *, #116, .T. ) ;
#138 = ADVANCED_FACE ( 'NONE', ( #1280 ), #505, .F. ) ;
#139 = DIRECTION ( 'NONE',  ( -0.000000000000000000, -0.000000000000000000, -1.000000000000000000 ) ) ;
#140 = VECTOR ( 'NONE', #1919, 999.9999999999998863 ) ;
#141 = DIRECTION ( 'NONE',  ( 0.000000000000000000, 1.000000000000000000, 0.000000000000000000 ) ) ;
#142 = EDGE_CURVE ( 'NONE', #442, #9, #1636, .T. ) ;
#143 = ORIENTED_EDGE ( 'NONE', *, *, #1247, .F. ) ;
#144 = VERTEX_POINT ( 'NONE', #1813 ) ;
#145 = DIRECTION ( 'NONE',  ( 8.326672684688667151E-16, 0.000000000000000000, 1.000000000000000000 ) ) ;
#146 = DIRECTION ( 'NONE',  ( 0.000000000000000000, 1.000000000000000000, 0.000000000000000000 ) ) ;
#147 = ORIENTED_EDGE ( 'NONE', *, *, #345, .T. ) ;
#148 = UNCERTAINTY_MEASURE_WITH_UNIT (LENGTH_MEASURE( 1.000000000000000082E-05 ), #1482, 'distance_accuracy_value', 'NONE');
#149 = EDGE_LOOP ( 'NONE', ( #1692, #1891, #81, #1075 ) ) ;
#150 = FACE_OUTER_BOUND ( 'NONE', #1737, .T. ) ;
#151 = ORIENTED_EDGE ( 'NONE', *, *, #539, .F. ) ;
#152 = EDGE_CURVE ( 'NONE', #1429, #555, #232, .T. ) ;
#153 = CONICAL_SURFACE ( 'NONE', #106, 2.500000000000002220, 1.029744258676655200 ) ;
#154 = CONICAL_SURFACE ( 'NONE', #428, 2.499999999999974243, 1.029744258676650093 ) ;
#155 = DIRECTION ( 'NONE',  ( -1.000000000000000000, -0.000000000000000000, -0.000000000000000000 ) ) ;
#156 = CARTESIAN_POINT ( 'NONE',  ( -60.00000000000001421, 7.500000000000000000, -319.9999999999999432 ) ) ;
#157 = AXIS2_PLACEMENT_3D ( 'NONE', #1831, #776, #1476 ) ;
#158 = VECTOR ( 'NONE', #762, 1000.000000000000000 ) ;
#159 = CIRCLE ( 'NONE', #331, 12.49999999999978861 ) ;
#160 = ORIENTED_EDGE ( 'NONE', *, *, #1322, .T. ) ;
#161 = ORIENTED_EDGE ( 'NONE', *, *, #1691, .F. ) ;
#162 = PLANE ( 'NONE',  #1069 ) ;
#163 = CIRCLE ( 'NONE', #1917, 2.500000000000002220 ) ;
#164 = CIRCLE ( 'NONE', #580, 2.499999999999974243 ) ;
#165 = EDGE_CURVE ( 'NONE', #712, #1175, #1199, .T. ) ;
#166 = VERTEX_POINT ( 'NONE', #917 ) ;
#167 = DIRECTION ( 'NONE',  ( 1.000000000000000000, -0.000000000000000000, 7.127122356470057216E-18 ) ) ;
#168 = LINE ( 'NONE', #361, #256 ) ;
#169 = LINE ( 'NONE', #1839, #1530 ) ;
#170 = EDGE_LOOP ( 'NONE', ( #567, #1961, #443, #1366 ) ) ;
#171 = LINE ( 'NONE', #179, #751 ) ;
#172 = ORIENTED_EDGE ( 'NONE', *, *, #1453, .F. ) ;
#173 = VERTEX_POINT ( 'NONE', #255 ) ;
#174 = DIRECTION ( 'NONE',  ( 1.000000000000000000, 0.000000000000000000, 0.000000000000000000 ) ) ;
#175 = EDGE_CURVE ( 'NONE', #1016, #1787, #266, .T. ) ;
#176 = LINE ( 'NONE', #1401, #391 ) ;
#177 = DIRECTION ( 'NONE',  ( -0.4999999999999977796, -0.000000000000000000, 0.8660254037844399289 ) ) ;
#178 = ORIENTED_EDGE ( 'NONE', *, *, #539, .T. ) ;
#179 = CARTESIAN_POINT ( 'NONE',  ( -230.0000000000000000, 15.00000000000000000, -24.99999999999997513 ) ) ;
#180 = VERTEX_POINT ( 'NONE', #1624 ) ;
#181 = ORIENTED_EDGE ( 'NONE', *, *, #2050, .T. ) ;
#182 = ORIENTED_EDGE ( 'NONE', *, *, #874, .T. ) ;
#183 = DIRECTION ( 'NONE',  ( 0.000000000000000000, 1.000000000000000000, 0.000000000000000000 ) ) ;
#184 = ADVANCED_FACE ( 'NONE', ( #1943 ), #153, .F. ) ;
#185 = LINE ( 'NONE', #1377, #571 ) ;
#186 = DIRECTION ( 'NONE',  ( 1.000000000000000000, 0.000000000000000000, 0.000000000000000000 ) ) ;
#187 = CIRCLE ( 'NONE', #507, 12.50000000000000178 ) ;
#188 = ADVANCED_FACE ( 'NONE', ( #908 ), #1701, .F. ) ;
#189 = AXIS2_PLACEMENT_3D ( 'NONE', #492, #2060, #1351 ) ;
#190 = ORIENTED_EDGE ( 'NONE', *, *, #1099, .T. ) ;
#191 = LINE ( 'NONE', #897, #825 ) ;
#192 = ORIENTED_EDGE ( 'NONE', *, *, #1944, .T. ) ;
#193 = VERTEX_POINT ( 'NONE', #1930 ) ;
#194 = ORIENTED_EDGE ( 'NONE', *, *, #1852, .T. ) ;
#195 = CARTESIAN_POINT ( 'NONE',  ( -120.0000000000000000, 7.500000000000000000, 0.000000000000000000 ) ) ;
#196 = AXIS2_PLACEMENT_3D ( 'NONE', #1238, #685, #24 ) ;
#197 = FACE_OUTER_BOUND ( 'NONE', #1077, .T. ) ;
#198 = DIRECTION ( 'NONE',  ( 0.8571673007021125557, 0.000000000000000000, 0.5150380749100536004 ) ) ;
#199 = FACE_OUTER_BOUND ( 'NONE', #1045, .T. ) ;
#200 = ORIENTED_EDGE ( 'NONE', *, *, #1329, .T. ) ;
#201 = ORIENTED_EDGE ( 'NONE', *, *, #20, .T. ) ;
#202 = CARTESIAN_POINT ( 'NONE',  ( -51.00000000000001421, 7.500000000000000000, -322.4999999999999432 ) ) ;
#203 = DIRECTION ( 'NONE',  ( -0.000000000000000000, 1.000000000000000000, -0.000000000000000000 ) ) ;
#204 = DIRECTION ( 'NONE',  ( -1.000000000000000000, -0.000000000000000000, -0.000000000000000000 ) ) ;
#205 = DIRECTION ( 'NONE',  ( -0.000000000000000000, -0.000000000000000000, 1.000000000000000000 ) ) ;
#206 = ADVANCED_FACE ( 'NONE', ( #565 ), #1592, .F. ) ;
#207 = AXIS2_PLACEMENT_3D ( 'NONE', #18, #535, #35 ) ;
#208 = ORIENTED_EDGE ( 'NONE', *, *, #763, .T. ) ;
#209 = EDGE_CURVE ( 'NONE', #1736, #51, #41, .T. ) ;
#210 = ORIENTED_EDGE ( 'NONE', *, *, #1814, .F. ) ;
#211 = CARTESIAN_POINT ( 'NONE',  ( -10.00000000000000711, 7.499999999999983125, -174.9999999999998863 ) ) ;
#212 = EDGE_CURVE ( 'NONE', #1151, #359, #726, .T. ) ;
#213 = CARTESIAN_POINT ( 'NONE',  ( -60.00000000000000000, 0.000000000000000000, 7.347880794884127822E-15 ) ) ;
#214 = FACE_OUTER_BOUND ( 'NONE', #1729, .T. ) ;
#215 = AXIS2_PLACEMENT_3D ( 'NONE', #2137, #1255, #385 ) ;
#216 = FACE_BOUND ( 'NONE', #2135, .T. ) ;
#217 = AXIS2_PLACEMENT_3D ( 'NONE', #1995, #1142, #461 ) ;
#218 = VERTEX_POINT ( 'NONE', #419 ) ;
#219 = ORIENTED_EDGE ( 'NONE', *, *, #1442, .T. ) ;
#220 = DIRECTION ( 'NONE',  ( 0.000000000000000000, 1.000000000000000000, 0.000000000000000000 ) ) ;
#221 = EDGE_CURVE ( 'NONE', #1235, #2069, #927, .T. ) ;
#222 = DIRECTION ( 'NONE',  ( -1.000000000000000000, -0.000000000000000000, -0.000000000000000000 ) ) ;
#223 = CIRCLE ( 'NONE', #838, 2.500000000000002220 ) ;
#224 = DIRECTION ( 'NONE',  ( -0.000000000000000000, -0.000000000000000000, 1.000000000000000000 ) ) ;
#225 = AXIS2_PLACEMENT_3D ( 'NONE', #1004, #1689, #1161 ) ;
#226 = CARTESIAN_POINT ( 'NONE',  ( -35.00000000000021316, 0.000000000000000000, -230.4006350946107204 ) ) ;
#227 = CARTESIAN_POINT ( 'NONE',  ( -60.00000000000000000, 0.000000000000000000, 7.347880794884127822E-15 ) ) ;
#228 = EDGE_CURVE ( 'NONE', #852, #2069, #893, .T. ) ;
#229 = ORIENTED_EDGE ( 'NONE', *, *, #601, .F. ) ;
#230 = ORIENTED_EDGE ( 'NONE', *, *, #906, .T. ) ;
#231 = CARTESIAN_POINT ( 'NONE',  ( -51.00000000000001421, 7.500000000000000000, -319.9999999999999432 ) ) ;
#232 = LINE ( 'NONE', #1447, #1871 ) ;
#233 = AXIS2_PLACEMENT_3D ( 'NONE', #2149, #1095, #1256 ) ;
#234 = EDGE_CURVE ( 'NONE', #743, #555, #1790, .T. ) ;
#235 = DIRECTION ( 'NONE',  ( 1.000000000000000000, 0.000000000000000000, 0.000000000000000000 ) ) ;
#236 = DIRECTION ( 'NONE',  ( -0.5150380749100580413, 0.000000000000000000, 0.8571673007021101132 ) ) ;
#237 =( NAMED_UNIT ( * ) PLANE_ANGLE_UNIT ( ) SI_UNIT ( $, .RADIAN. ) );
#238 = FACE_OUTER_BOUND ( 'NONE', #1578, .T. ) ;
#239 = EDGE_CURVE ( 'NONE', #516, #743, #63, .T. ) ;
#240 = ORIENTED_EDGE ( 'NONE', *, *, #465, .T. ) ;
#241 = ORIENTED_EDGE ( 'NONE', *, *, #702, .F. ) ;
#242 = DIRECTION ( 'NONE',  ( 0.000000000000000000, 0.000000000000000000, 1.000000000000000000 ) ) ;
#243 = AXIS2_PLACEMENT_3D ( 'NONE', #740, #1250, #701 ) ;
#244 = CARTESIAN_POINT ( 'NONE',  ( -73.71206889325388545, 15.00000000000000000, -51.25000000000007105 ) ) ;
#245 = FACE_OUTER_BOUND ( 'NONE', #1338, .T. ) ;
#246 = LINE ( 'NONE', #111, #801 ) ;
#247 = EDGE_CURVE ( 'NONE', #2037, #1164, #1079, .T. ) ;
#248 = LINE ( 'NONE', #1282, #943 ) ;
#249 = DIRECTION ( 'NONE',  ( 1.000000000000000000, 0.000000000000000000, 0.000000000000000000 ) ) ;
#250 = ORIENTED_EDGE ( 'NONE', *, *, #510, .F. ) ;
#251 = DIRECTION ( 'NONE',  ( 0.000000000000000000, 0.000000000000000000, -1.000000000000000000 ) ) ;
#252 = AXIS2_PLACEMENT_3D ( 'NONE', #1031, #877, #1386 ) ;
#253 = ORIENTED_EDGE ( 'NONE', *, *, #1225, .T. ) ;
#254 = CYLINDRICAL_SURFACE ( 'NONE', #1120, 2.500000000000002220 ) ;
#255 = CARTESIAN_POINT ( 'NONE',  ( -82.49999999999998579, 7.500000000000000000, -9.000000000000001776 ) ) ;
#256 = VECTOR ( 'NONE', #1732, 1000.000000000000000 ) ;
#257 = CYLINDRICAL_SURFACE ( 'NONE', #1336, 25.00000000000002132 ) ;
#258 = CARTESIAN_POINT ( 'NONE',  ( -35.00000000000002842, 0.000000000000000000, -329.9999999999999432 ) ) ;
#259 =( GEOMETRIC_REPRESENTATION_CONTEXT ( 3 ) GLOBAL_UNCERTAINTY_ASSIGNED_CONTEXT ( ( #148 ) ) GLOBAL_UNIT_ASSIGNED_CONTEXT ( ( #1482, #237, #749 ) ) REPRESENTATION_CONTEXT ( 'NONE', 'WORKASPACE' ) );
#260 = DIRECTION ( 'NONE',  ( -0.000000000000000000, -0.000000000000000000, 1.000000000000000000 ) ) ;
#261 = EDGE_LOOP ( 'NONE', ( #1349, #320, #1991, #21 ) ) ;
#262 = ORIENTED_EDGE ( 'NONE', *, *, #64, .F. ) ;
#263 = CARTESIAN_POINT ( 'NONE',  ( -82.49999999999998579, 7.500000000000000000, 0.000000000000000000 ) ) ;
#264 = ORIENTED_EDGE ( 'NONE', *, *, #1269, .F. ) ;
#265 = DIRECTION ( 'NONE',  ( 0.000000000000000000, 0.000000000000000000, 1.000000000000000000 ) ) ;
#266 = LINE ( 'NONE', #72, #1304 ) ;
#267 = DIRECTION ( 'NONE',  ( 0.000000000000000000, 0.000000000000000000, 1.000000000000000000 ) ) ;
#268 = DIRECTION ( 'NONE',  ( 0.000000000000000000, 0.000000000000000000, 1.000000000000000000 ) ) ;
#269 = APPLICATION_PROTOCOL_DEFINITION ( 'draft international standard', 'automotive_design', 1998, #1671 ) ;
#270 = CARTESIAN_POINT ( 'NONE',  ( -133.4668783648703254, 15.00000000000000000, -37.49999999999997868 ) ) ;
#271 = CARTESIAN_POINT ( 'NONE',  ( -22.50000000000041211, 0.000000000000000000, -230.4006350946107204 ) ) ;
#272 = EDGE_CURVE ( 'NONE', #1455, #1893, #396, .T. ) ;
#273 = ADVANCED_FACE ( 'NONE', ( #941 ), #1612, .F. ) ;
#274 = EDGE_CURVE ( 'NONE', #1399, #1920, #734, .T. ) ;
#275 = ORIENTED_EDGE ( 'NONE', *, *, #412, .F. ) ;
#276 = ORIENTED_EDGE ( 'NONE', *, *, #274, .F. ) ;
#277 = FACE_OUTER_BOUND ( 'NONE', #104, .T. ) ;
#278 = CARTESIAN_POINT ( 'NONE',  ( -60.00000000000000000, 15.00000000000000000, 7.347880794884127822E-15 ) ) ;
#279 = LINE ( 'NONE', #290, #1985 ) ;
#280 = EDGE_CURVE ( 'NONE', #359, #1503, #638, .T. ) ;
#281 = CARTESIAN_POINT ( 'NONE',  ( -10.00000000000000711, 7.499999999999989342, -222.4999999999998579 ) ) ;
#282 = LINE ( 'NONE', #1825, #787 ) ;
#283 = EDGE_LOOP ( 'NONE', ( #275, #1795, #253, #658 ) ) ;
#284 = LINE ( 'NONE', #270, #1773 ) ;
#285 = DIRECTION ( 'NONE',  ( -0.5150380749100580413, 0.000000000000000000, 0.8571673007021101132 ) ) ;
#286 = ORIENTED_EDGE ( 'NONE', *, *, #2108, .T. ) ;
#287 = EDGE_LOOP ( 'NONE', ( #1101, #1880, #1357, #2059 ) ) ;
#288 = CARTESIAN_POINT ( 'NONE',  ( -79.99999999999998579, 7.500000000000000000, 0.000000000000000000 ) ) ;
#289 = CYLINDRICAL_SURFACE ( 'NONE', #691, 25.00000000000000000 ) ;
#290 = CARTESIAN_POINT ( 'NONE',  ( -10.00000000000000888, 15.00000000000000000, -86.60254037844435970 ) ) ;
#291 = DIRECTION ( 'NONE',  ( 0.000000000000000000, 1.000000000000000000, 0.000000000000000000 ) ) ;
#292 = EDGE_LOOP ( 'NONE', ( #1901, #1244, #298, #17 ) ) ;
#293 = VECTOR ( 'NONE', #1060, 1000.000000000000227 ) ;
#294 = AXIS2_PLACEMENT_3D ( 'NONE', #1843, #1328, #415 ) ;
#295 = DIRECTION ( 'NONE',  ( -0.4999999999999976685, 0.000000000000000000, 0.8660254037844399289 ) ) ;
#296 = SURFACE_STYLE_FILL_AREA ( #1162 ) ;
#297 = CIRCLE ( 'NONE', #120, 2.500000000000002220 ) ;
#298 = ORIENTED_EDGE ( 'NONE', *, *, #152, .T. ) ;
#299 = EDGE_LOOP ( 'NONE', ( #83, #624, #137, #499 ) ) ;
#300 = CARTESIAN_POINT ( 'NONE',  ( -205.0000000000000284, 15.00000000000000000, -49.99999999999997158 ) ) ;
#301 = EDGE_CURVE ( 'NONE', #218, #1893, #223, .T. ) ;
#302 = CYLINDRICAL_SURFACE ( 'NONE', #1458, 2.500000000000002220 ) ;
#303 = DIRECTION ( 'NONE',  ( 0.000000000000000000, 0.000000000000000000, 1.000000000000000000 ) ) ;
#304 = DIRECTION ( 'NONE',  ( -1.000000000000000000, -0.000000000000000000, -0.000000000000000000 ) ) ;
#305 = VERTEX_POINT ( 'NONE', #1648 ) ;
#306 = EDGE_CURVE ( 'NONE', #316, #2118, #780, .T. ) ;
#307 = DIRECTION ( 'NONE',  ( 1.000000000000000000, 0.000000000000000000, 0.000000000000000000 ) ) ;
#308 = AXIS2_PLACEMENT_3D ( 'NONE', #44, #75, #1264 ) ;
#309 = FACE_OUTER_BOUND ( 'NONE', #1252, .T. ) ;
#310 = ORIENTED_EDGE ( 'NONE', *, *, #228, .T. ) ;
#311 = ORIENTED_EDGE ( 'NONE', *, *, #1418, .T. ) ;
#312 = DIRECTION ( 'NONE',  ( 1.000000000000000000, 0.000000000000000000, -1.930736107935689902E-16 ) ) ;
#313 = EDGE_CURVE ( 'NONE', #218, #1030, #1332, .T. ) ;
#314 = DIRECTION ( 'NONE',  ( -0.000000000000000000, 1.000000000000000000, -0.000000000000000000 ) ) ;
#315 = CARTESIAN_POINT ( 'NONE',  ( -35.00000000000019895, 0.000000000000000000, -101.5067937974243080 ) ) ;
#316 = VERTEX_POINT ( 'NONE', #2157 ) ;
#317 = CARTESIAN_POINT ( 'NONE',  ( -19.00000000000000355, 7.499999999999983125, -177.4999999999998579 ) ) ;
#318 = AXIS2_PLACEMENT_3D ( 'NONE', #632, #1654, #1487 ) ;
#319 = ORIENTED_EDGE ( 'NONE', *, *, #874, .F. ) ;
#320 = ORIENTED_EDGE ( 'NONE', *, *, #2131, .F. ) ;
#321 = CARTESIAN_POINT ( 'NONE',  ( -230.0000000000000000, 0.000000000000000000, 2.816687638038912194E-14 ) ) ;
#322 = VERTEX_POINT ( 'NONE', #485 ) ;
#323 = EDGE_LOOP ( 'NONE', ( #1049, #2197, #2099 ) ) ;
#324 = DIRECTION ( 'NONE',  ( 0.000000000000000000, 1.000000000000000000, 0.000000000000000000 ) ) ;
#325 = ORIENTED_EDGE ( 'NONE', *, *, #642, .T. ) ;
#326 = AXIS2_PLACEMENT_3D ( 'NONE', #2085, #183, #538 ) ;
#327 = DIRECTION ( 'NONE',  ( -0.000000000000000000, -0.000000000000000000, 1.000000000000000000 ) ) ;
#328 = LINE ( 'NONE', #341, #117 ) ;
#329 = AXIS2_PLACEMENT_3D ( 'NONE', #2148, #408, #2122 ) ;
#330 = CIRCLE ( 'NONE', #656, 2.500000000000002220 ) ;
#331 = AXIS2_PLACEMENT_3D ( 'NONE', #421, #1801, #603 ) ;
#332 = ORIENTED_EDGE ( 'NONE', *, *, #1072, .T. ) ;
#333 = DIRECTION ( 'NONE',  ( -0.000000000000000000, -1.000000000000000000, 0.000000000000000000 ) ) ;
#334 = ADVANCED_FACE ( 'NONE', ( #614 ), #796, .F. ) ;
#335 = VECTOR ( 'NONE', #1958, 1000.000000000000000 ) ;
#336 = AXIS2_PLACEMENT_3D ( 'NONE', #793, #1993, #1495 ) ;
#337 = ORIENTED_EDGE ( 'NONE', *, *, #868, .F. ) ;
#338 = EDGE_LOOP ( 'NONE', ( #1569, #210, #1089, #1577 ) ) ;
#339 = FACE_BOUND ( 'NONE', #744, .T. ) ;
#340 = DIRECTION ( 'NONE',  ( 0.000000000000000000, 1.000000000000000000, 0.000000000000000000 ) ) ;
#341 = CARTESIAN_POINT ( 'NONE',  ( -51.00000000000001421, 7.500000000000000000, -287.4999999999999432 ) ) ;
#342 = ORIENTED_EDGE ( 'NONE', *, *, #1052, .T. ) ;
#343 = DIRECTION ( 'NONE',  ( -0.000000000000000000, -0.000000000000000000, 1.000000000000000000 ) ) ;
#344 = ORIENTED_EDGE ( 'NONE', *, *, #1549, .F. ) ;
#345 = EDGE_CURVE ( 'NONE', #132, #876, #822, .T. ) ;
#346 = EDGE_CURVE ( 'NONE', #1371, #1297, #1834, .T. ) ;
#347 = ORIENTED_EDGE ( 'NONE', *, *, #49, .T. ) ;
#348 = ORIENTED_EDGE ( 'NONE', *, *, #392, .F. ) ;
#349 = DIRECTION ( 'NONE',  ( 0.4999999999999978351, 0.000000000000000000, -0.8660254037844399289 ) ) ;
#350 = ADVANCED_FACE ( 'NONE', ( #651 ), #42, .F. ) ;
#351 = EDGE_CURVE ( 'NONE', #669, #586, #1421, .T. ) ;
#352 = FACE_OUTER_BOUND ( 'NONE', #299, .T. ) ;
#353 = DIRECTION ( 'NONE',  ( -0.000000000000000000, -0.000000000000000000, 1.000000000000000000 ) ) ;
#354 = AXIS2_PLACEMENT_3D ( 'NONE', #830, #1027, #312 ) ;
#355 = EDGE_LOOP ( 'NONE', ( #935, #859, #1309, #885 ) ) ;
#356 = LINE ( 'NONE', #853, #1018 ) ;
#357 = EDGE_LOOP ( 'NONE', ( #1465, #766, #971, #1048 ) ) ;
#358 = ORIENTED_EDGE ( 'NONE', *, *, #1521, .F. ) ;
#359 = VERTEX_POINT ( 'NONE', #1497 ) ;
#360 = DIRECTION ( 'NONE',  ( 1.000000000000000000, -0.000000000000000000, 7.127122356470057216E-18 ) ) ;
#361 = CARTESIAN_POINT ( 'NONE',  ( -133.4668783648703254, 15.00000000000000000, -12.49999999999996980 ) ) ;
#362 = DIRECTION ( 'NONE',  ( 1.000000000000000000, -0.000000000000000000, 7.127122356470057216E-18 ) ) ;
#363 = VECTOR ( 'NONE', #1505, 1000.000000000000000 ) ;
#364 = CARTESIAN_POINT ( 'NONE',  ( -62.88675134594820548, 15.00000000000000000, -44.99999999999996447 ) ) ;
#365 = EDGE_LOOP ( 'NONE', ( #980, #1899, #358, #2173 ) ) ;
#366 = VECTOR ( 'NONE', #1134, 1000.000000000000114 ) ;
#367 = EDGE_LOOP ( 'NONE', ( #1756, #2111, #1197, #1646, #1186 ) ) ;
#368 = CARTESIAN_POINT ( 'NONE',  ( -47.50000000000001421, 0.000000000000000000, -114.0067937974241090 ) ) ;
#369 = DIRECTION ( 'NONE',  ( 0.000000000000000000, 0.000000000000000000, -1.000000000000000000 ) ) ;
#370 = EDGE_CURVE ( 'NONE', #663, #712, #1994, .T. ) ;
#371 = DIRECTION ( 'NONE',  ( 1.000000000000000000, 0.000000000000000000, 0.000000000000000000 ) ) ;
#372 = CARTESIAN_POINT ( 'NONE',  ( -22.50000000000041211, 0.000000000000000000, -230.4006350946107204 ) ) ;
#373 = EDGE_CURVE ( 'NONE', #1151, #490, #279, .T. ) ;
#374 = ORIENTED_EDGE ( 'NONE', *, *, #1230, .T. ) ;
#375 = ORIENTED_EDGE ( 'NONE', *, *, #1182, .F. ) ;
#376 = CARTESIAN_POINT ( 'NONE',  ( -160.0000000000000000, 7.500000000000000000, -9.000000000000001776 ) ) ;
#377 = CARTESIAN_POINT ( 'NONE',  ( -51.00000000000001421, 7.500000000000000000, -229.9999999999998863 ) ) ;
#378 = FACE_OUTER_BOUND ( 'NONE', #2002, .T. ) ;
#379 = DIRECTION ( 'NONE',  ( 0.4999999999999995559, 0.000000000000000000, -0.8660254037844389297 ) ) ;
#380 = EDGE_CURVE ( 'NONE', #817, #487, #1311, .T. ) ;
#381 = CONICAL_SURFACE ( 'NONE', #1041, 2.500000000000002220, 1.029744258676655200 ) ;
#382 = ORIENTED_EDGE ( 'NONE', *, *, #1938, .T. ) ;
#383 = ORIENTED_EDGE ( 'NONE', *, *, #671, .F. ) ;
#384 = FACE_OUTER_BOUND ( 'NONE', #1867, .T. ) ;
#385 = DIRECTION ( 'NONE',  ( 0.000000000000000000, 0.000000000000000000, 1.000000000000000000 ) ) ;
#386 = FACE_OUTER_BOUND ( 'NONE', #1990, .T. ) ;
#387 = DIRECTION ( 'NONE',  ( 0.000000000000000000, 0.000000000000000000, 1.000000000000000000 ) ) ;
#388 = FACE_BOUND ( 'NONE', #2046, .T. ) ;
#389 = CIRCLE ( 'NONE', #1941, 2.500000000000002220 ) ;
#390 = AXIS2_PLACEMENT_3D ( 'NONE', #1415, #1954, #242 ) ;
#391 = VECTOR ( 'NONE', #715, 999.9999999999998863 ) ;
#392 = EDGE_CURVE ( 'NONE', #1175, #712, #26, .T. ) ;
#393 = ORIENTED_EDGE ( 'NONE', *, *, #373, .F. ) ;
#394 = VERTEX_POINT ( 'NONE', #135 ) ;
#395 = CARTESIAN_POINT ( 'NONE',  ( -202.5000000000000000, 7.500000000000000000, -9.000000000000001776 ) ) ;
#396 = LINE ( 'NONE', #1767, #434 ) ;
#397 = AXIS2_PLACEMENT_3D ( 'NONE', #130, #1702, #479 ) ;
#398 = DIRECTION ( 'NONE',  ( 1.000000000000000000, 0.000000000000000000, 0.000000000000000000 ) ) ;
#399 = PLANE ( 'NONE',  #1088 ) ;
#400 = AXIS2_PLACEMENT_3D ( 'NONE', #592, #1618, #1997 ) ;
#401 = CIRCLE ( 'NONE', #12, 12.49999999999978861 ) ;
#402 = ADVANCED_FACE ( 'NONE', ( #1518 ), #257, .T. ) ;
#403 = DIRECTION ( 'NONE',  ( 0.000000000000000000, 0.000000000000000000, 1.000000000000000000 ) ) ;
#404 = EDGE_LOOP ( 'NONE', ( #924, #914, #681, #1859 ) ) ;
#405 = ORIENTED_EDGE ( 'NONE', *, *, #1875, .F. ) ;
#406 = CARTESIAN_POINT ( 'NONE',  ( -60.00000000000001421, 7.500000000000000000, -319.9999999999999432 ) ) ;
#407 = ADVANCED_FACE ( 'NONE', ( #728 ), #994, .F. ) ;
#408 = DIRECTION ( 'NONE',  ( -1.000000000000000000, -0.000000000000000000, -0.000000000000000000 ) ) ;
#409 = CIRCLE ( 'NONE', #813, 2.500000000000002220 ) ;
#410 = CARTESIAN_POINT ( 'NONE',  ( -200.0000000000000000, 7.500000000000000000, 6.735557395310310629E-17 ) ) ;
#411 = CARTESIAN_POINT ( 'NONE',  ( -133.4668783648703254, 0.000000000000000000, -24.99999999999997158 ) ) ;
#412 = EDGE_CURVE ( 'NONE', #1536, #1058, #882, .T. ) ;
#413 = LINE ( 'NONE', #1109, #2063 ) ;
#414 = VERTEX_POINT ( 'NONE', #909 ) ;
#415 = DIRECTION ( 'NONE',  ( 0.000000000000000000, 0.000000000000000000, 1.000000000000000000 ) ) ;
#416 = VERTEX_POINT ( 'NONE', #2124 ) ;
#417 = DIRECTION ( 'NONE',  ( 0.000000000000000000, 0.000000000000000000, 1.000000000000000000 ) ) ;
#418 = CIRCLE ( 'NONE', #2049, 2.500000000000002220 ) ;
#419 = CARTESIAN_POINT ( 'NONE',  ( -162.5000000000000000, 7.500000000000000000, -9.000000000000001776 ) ) ;
#420 = CARTESIAN_POINT ( 'NONE',  ( -205.0000000000001137, 0.000000000000000000, -12.49999999999997335 ) ) ;
#421 = CARTESIAN_POINT ( 'NONE',  ( -35.00000000000022737, 0.000000000000000000, -305.0000000000001705 ) ) ;
#422 = DIRECTION ( 'NONE',  ( -1.000000000000000000, -0.000000000000000000, 2.038864955821374258E-16 ) ) ;
#423 = DIRECTION ( 'NONE',  ( -0.000000000000000000, 1.000000000000000000, -0.000000000000000000 ) ) ;
#424 = VECTOR ( 'NONE', #1967, 1000.000000000000000 ) ;
#425 = ORIENTED_EDGE ( 'NONE', *, *, #2000, .F. ) ;
#426 = ORIENTED_EDGE ( 'NONE', *, *, #1719, .F. ) ;
#427 = CARTESIAN_POINT ( 'NONE',  ( -62.88675134594820548, 0.000000000000000000, -44.99999999999996447 ) ) ;
#428 = AXIS2_PLACEMENT_3D ( 'NONE', #1588, #39, #1078 ) ;
#429 = EDGE_LOOP ( 'NONE', ( #1962, #731, #548, #1546 ) ) ;
#430 = FACE_BOUND ( 'NONE', #1976, .T. ) ;
#431 = CARTESIAN_POINT ( 'NONE',  ( -10.00000000000000888, 15.00000000000000000, -86.60254037844435970 ) ) ;
#432 = FACE_BOUND ( 'NONE', #404, .T. ) ;
#433 = CARTESIAN_POINT ( 'NONE',  ( -22.50000000000043343, 15.00000000000000000, -305.0000000000001705 ) ) ;
#434 = VECTOR ( 'NONE', #54, 1000.000000000000114 ) ;
#435 = AXIS2_PLACEMENT_3D ( 'NONE', #1999, #805, #1805 ) ;
#436 = CARTESIAN_POINT ( 'NONE',  ( -205.0000000000001137, 15.00000000000000000, -37.49999999999997868 ) ) ;
#437 = AXIS2_PLACEMENT_3D ( 'NONE', #2164, #604, #77 ) ;
#438 = AXIS2_PLACEMENT_3D ( 'NONE', #1857, #314, #1527 ) ;
#439 = EDGE_CURVE ( 'NONE', #987, #173, #1613, .T. ) ;
#440 = LINE ( 'NONE', #1641, #158 ) ;
#441 = EDGE_CURVE ( 'NONE', #876, #634, #699, .T. ) ;
#442 = VERTEX_POINT ( 'NONE', #65 ) ;
#443 = ORIENTED_EDGE ( 'NONE', *, *, #1720, .T. ) ;
#444 = DIRECTION ( 'NONE',  ( 1.000000000000000000, -0.000000000000000000, 7.127122356470057216E-18 ) ) ;
#445 = DIRECTION ( 'NONE',  ( 0.000000000000000000, 1.000000000000000000, 0.000000000000000000 ) ) ;
#446 = ORIENTED_EDGE ( 'NONE', *, *, #2044, .T. ) ;
#447 = CARTESIAN_POINT ( 'NONE',  ( -10.00000000000000888, 0.000000000000000000, -86.60254037844435970 ) ) ;
#448 = ADVANCED_FACE ( 'NONE', ( #386 ), #1292, .F. ) ;
#449 = DIRECTION ( 'NONE',  ( -0.5150380749100580413, 1.049727191138615984E-16, -0.8571673007021101132 ) ) ;
#450 = VERTEX_POINT ( 'NONE', #758 ) ;
#451 = EDGE_LOOP ( 'NONE', ( #640, #723, #1037, #201 ) ) ;
#452 = DIRECTION ( 'NONE',  ( 0.000000000000000000, 0.000000000000000000, 1.000000000000000000 ) ) ;
#453 = DIRECTION ( 'NONE',  ( -1.000000000000000000, -0.000000000000000000, -0.000000000000000000 ) ) ;
#454 = CARTESIAN_POINT ( 'NONE',  ( -200.0000000000000000, 7.500000000000000000, -9.000000000000001776 ) ) ;
#455 = ORIENTED_EDGE ( 'NONE', *, *, #1935, .T. ) ;
#456 = ORIENTED_EDGE ( 'NONE', *, *, #1761, .T. ) ;
#457 = EDGE_CURVE ( 'NONE', #1525, #1036, #1246, .T. ) ;
#458 = DIRECTION ( 'NONE',  ( -2.325386386568932387E-16, 0.000000000000000000, -1.000000000000000000 ) ) ;
#459 = PLANE ( 'NONE',  #895 ) ;
#460 = CARTESIAN_POINT ( 'NONE',  ( -19.00000000000000355, 7.499999999999989342, -219.9999999999998579 ) ) ;
#461 = DIRECTION ( 'NONE',  ( 1.000000000000000000, 0.000000000000000000, 0.000000000000000000 ) ) ;
#462 = ORIENTED_EDGE ( 'NONE', *, *, #272, .F. ) ;
#463 = VECTOR ( 'NONE', #568, 1000.000000000000000 ) ;
#464 = DIRECTION ( 'NONE',  ( -1.000000000000000000, -0.000000000000000000, -0.000000000000000000 ) ) ;
#465 = EDGE_CURVE ( 'NONE', #634, #2073, #1593, .T. ) ;
#466 = CARTESIAN_POINT ( 'NONE',  ( -51.00000000000001421, 7.500000000000000000, -317.4999999999999432 ) ) ;
#467 = ORIENTED_EDGE ( 'NONE', *, *, #510, .T. ) ;
#468 = EDGE_LOOP ( 'NONE', ( #861, #264, #319, #383, #337 ) ) ;
#469 = LINE ( 'NONE', #1298, #1840 ) ;
#470 = FACE_OUTER_BOUND ( 'NONE', #2112, .T. ) ;
#471 = ADVANCED_FACE ( 'NONE', ( #1923 ), #1117, .F. ) ;
#472 = DIRECTION ( 'NONE',  ( -1.000000000000000000, -0.000000000000000000, -0.000000000000000000 ) ) ;
#473 = CARTESIAN_POINT ( 'NONE',  ( -47.50000000000001421, 0.000000000000000000, -230.4006350946107204 ) ) ;
#474 = ORIENTED_EDGE ( 'NONE', *, *, #1838, .T. ) ;
#475 = VECTOR ( 'NONE', #2066, 1000.000000000000000 ) ;
#476 = DIRECTION ( 'NONE',  ( -1.000000000000000000, -0.000000000000000000, -0.000000000000000000 ) ) ;
#477 = ADVANCED_FACE ( 'NONE', ( #245 ), #1791, .F. ) ;
#478 = AXIS2_PLACEMENT_3D ( 'NONE', #851, #141, #996 ) ;
#479 = DIRECTION ( 'NONE',  ( 0.000000000000000000, 0.000000000000000000, 1.000000000000000000 ) ) ;
#480 = CIRCLE ( 'NONE', #620, 12.50000000000000711 ) ;
#481 = EDGE_LOOP ( 'NONE', ( #993, #1877, #759, #742 ) ) ;
#482 = VERTEX_POINT ( 'NONE', #747 ) ;
#483 = CARTESIAN_POINT ( 'NONE',  ( -51.00000000000001421, 7.500000000000000000, -322.4999999999999432 ) ) ;
#484 = CARTESIAN_POINT ( 'NONE',  ( -79.99999999999998579, 7.500000000000000000, -10.50215154756890179 ) ) ;
#485 = CARTESIAN_POINT ( 'NONE',  ( -47.50000000000001421, 0.000000000000000000, -305.0000000000001705 ) ) ;
#486 = DIRECTION ( 'NONE',  ( 0.000000000000000000, 0.000000000000000000, 1.000000000000000000 ) ) ;
#487 = VERTEX_POINT ( 'NONE', #1067 ) ;
#488 = DIRECTION ( 'NONE',  ( 1.000000000000000000, 0.000000000000000000, 0.000000000000000000 ) ) ;
#489 = DIRECTION ( 'NONE',  ( 0.000000000000000000, 0.000000000000000000, 1.000000000000000000 ) ) ;
#490 = VERTEX_POINT ( 'NONE', #929 ) ;
#491 = ORIENTED_EDGE ( 'NONE', *, *, #1416, .T. ) ;
#492 = CARTESIAN_POINT ( 'NONE',  ( -205.0000000000001137, 0.000000000000000000, -12.49999999999997335 ) ) ;
#493 = EDGE_LOOP ( 'NONE', ( #332, #1384, #2200, #1504, #382 ) ) ;
#494 = FACE_OUTER_BOUND ( 'NONE', #902, .T. ) ;
#495 = VERTEX_POINT ( 'NONE', #578 ) ;
#496 = LINE ( 'NONE', #1484, #1390 ) ;
#497 = VECTOR ( 'NONE', #68, 1000.000000000000000 ) ;
#498 = FACE_BOUND ( 'NONE', #1532, .T. ) ;
#499 = ORIENTED_EDGE ( 'NONE', *, *, #863, .T. ) ;
#500 = ORIENTED_EDGE ( 'NONE', *, *, #114, .T. ) ;
#501 = CARTESIAN_POINT ( 'NONE',  ( -202.5000000000000000, 7.500000000000000000, 6.735557395310310629E-17 ) ) ;
#502 = ORIENTED_EDGE ( 'NONE', *, *, #1935, .F. ) ;
#503 = ORIENTED_EDGE ( 'NONE', *, *, #1393, .F. ) ;
#504 = CARTESIAN_POINT ( 'NONE',  ( -117.5000000000000000, 7.500000000000000000, 6.735557395310310629E-17 ) ) ;
#505 = CONICAL_SURFACE ( 'NONE', #34, 2.500000000000002220, 1.029744258676655200 ) ;
#506 = VECTOR ( 'NONE', #1531, 1000.000000000000000 ) ;
#507 = AXIS2_PLACEMENT_3D ( 'NONE', #1039, #324, #2224 ) ;
#508 = CARTESIAN_POINT ( 'NONE',  ( -19.00000000000000355, 7.499999999999983125, -174.9999999999998863 ) ) ;
#509 = DIRECTION ( 'NONE',  ( -1.000000000000000000, -0.000000000000000000, -0.000000000000000000 ) ) ;
#510 = EDGE_CURVE ( 'NONE', #1371, #901, #2115, .T. ) ;
#511 = EDGE_CURVE ( 'NONE', #495, #52, #1279, .T. ) ;
#512 = EDGE_CURVE ( 'NONE', #1529, #305, #409, .T. ) ;
#513 = AXIS2_PLACEMENT_3D ( 'NONE', #2190, #472, #963 ) ;
#514 = AXIS2_PLACEMENT_3D ( 'NONE', #1987, #1828, #1324 ) ;
#515 = AXIS2_PLACEMENT_3D ( 'NONE', #798, #919, #1118 ) ;
#516 = VERTEX_POINT ( 'NONE', #1625 ) ;
#517 = LINE ( 'NONE', #660, #794 ) ;
#518 = EDGE_CURVE ( 'NONE', #1525, #1819, #2138, .T. ) ;
#519 = ORIENTED_EDGE ( 'NONE', *, *, #2106, .T. ) ;
#520 = ORIENTED_EDGE ( 'NONE', *, *, #1779, .T. ) ;
#521 = EDGE_CURVE ( 'NONE', #51, #1755, #1758, .T. ) ;
#522 = CARTESIAN_POINT ( 'NONE',  ( -10.00000000000000533, 7.499999999999983125, -177.4999999999998863 ) ) ;
#523 = DIRECTION ( 'NONE',  ( 0.000000000000000000, 1.000000000000000000, 0.000000000000000000 ) ) ;
#524 = CARTESIAN_POINT ( 'NONE',  ( -51.00000000000001421, 7.500000000000000000, -259.9999999999998863 ) ) ;
#525 = CONICAL_SURFACE ( 'NONE', #920, 2.499999999999974243, 1.029744258676650093 ) ;
#526 = ORIENTED_EDGE ( 'NONE', *, *, #928, .F. ) ;
#527 = DIRECTION ( 'NONE',  ( 1.000000000000000000, 0.000000000000000000, 0.000000000000000000 ) ) ;
#528 = ORIENTED_EDGE ( 'NONE', *, *, #380, .T. ) ;
#529 = ORIENTED_EDGE ( 'NONE', *, *, #1418, .F. ) ;
#530 = ORIENTED_EDGE ( 'NONE', *, *, #1325, .F. ) ;
#531 = FACE_BOUND ( 'NONE', #5, .T. ) ;
#532 = CYLINDRICAL_SURFACE ( 'NONE', #1669, 2.500000000000002220 ) ;
#533 = DIRECTION ( 'NONE',  ( 0.8571673007021125557, 0.000000000000000000, 0.5150380749100536004 ) ) ;
#534 = ADVANCED_FACE ( 'NONE', ( #55, #558, #1131, #432, #2018, #150 ), #1824, .F. ) ;
#535 = DIRECTION ( 'NONE',  ( 0.000000000000000000, 1.000000000000000000, 0.000000000000000000 ) ) ;
#536 = ORIENTED_EDGE ( 'NONE', *, *, #512, .T. ) ;
#537 = ORIENTED_EDGE ( 'NONE', *, *, #1906, .F. ) ;
#538 = DIRECTION ( 'NONE',  ( 0.000000000000000000, 0.000000000000000000, 1.000000000000000000 ) ) ;
#539 = EDGE_CURVE ( 'NONE', #586, #1114, #1170, .T. ) ;
#540 = DIRECTION ( 'NONE',  ( -1.000000000000000000, -0.000000000000000000, -0.000000000000000000 ) ) ;
#541 = VECTOR ( 'NONE', #61, 1000.000000000000000 ) ;
#542 = FACE_BOUND ( 'NONE', #1927, .T. ) ;
#543 = ADVANCED_FACE ( 'NONE', ( #628 ), #525, .F. ) ;
#544 = CIRCLE ( 'NONE', #1270, 2.500000000000002220 ) ;
#545 = DIRECTION ( 'NONE',  ( 0.000000000000000000, 0.000000000000000000, 1.000000000000000000 ) ) ;
#546 = AXIS2_PLACEMENT_3D ( 'NONE', #896, #1918, #1594 ) ;
#547 = ORIENTED_EDGE ( 'NONE', *, *, #2184, .F. ) ;
#548 = ORIENTED_EDGE ( 'NONE', *, *, #1182, .T. ) ;
#549 = LINE ( 'NONE', #1093, #1306 ) ;
#550 = LINE ( 'NONE', #1870, #2092 ) ;
#551 = EDGE_CURVE ( 'NONE', #900, #1397, #2182, .T. ) ;
#552 = DIRECTION ( 'NONE',  ( 0.000000000000000000, 0.000000000000000000, 1.000000000000000000 ) ) ;
#553 = CARTESIAN_POINT ( 'NONE',  ( -35.00000000000019895, 15.00000000000000000, -101.5067937974243080 ) ) ;
#554 = VERTEX_POINT ( 'NONE', #315 ) ;
#555 = VERTEX_POINT ( 'NONE', #797 ) ;
#556 = DIRECTION ( 'NONE',  ( -0.000000000000000000, -0.000000000000000000, 1.000000000000000000 ) ) ;
#557 = DIRECTION ( 'NONE',  ( -0.000000000000000000, 1.000000000000000000, -0.000000000000000000 ) ) ;
#558 = FACE_BOUND ( 'NONE', #493, .T. ) ;
#559 = CARTESIAN_POINT ( 'NONE',  ( -60.00000000000000000, 15.00000000000000000, 7.347880794884127822E-15 ) ) ;
#560 = EDGE_CURVE ( 'NONE', #100, #1196, #1082, .T. ) ;
#561 = LINE ( 'NONE', #1575, #1003 ) ;
#562 = EDGE_LOOP ( 'NONE', ( #1881, #92, #1644, #623 ) ) ;
#563 = ORIENTED_EDGE ( 'NONE', *, *, #1288, .F. ) ;
#564 = CARTESIAN_POINT ( 'NONE',  ( -60.00000000000001421, 0.000000000000000000, -100.0000000000004547 ) ) ;
#565 = FACE_OUTER_BOUND ( 'NONE', #1260, .T. ) ;
#566 = CARTESIAN_POINT ( 'NONE',  ( -79.99999999999998579, 7.500000000000000000, -9.000000000000001776 ) ) ;
#567 = ORIENTED_EDGE ( 'NONE', *, *, #1550, .T. ) ;
#568 = DIRECTION ( 'NONE',  ( -0.000000000000000000, 1.000000000000000000, -0.000000000000000000 ) ) ;
#569 = EDGE_CURVE ( 'NONE', #1587, #316, #979, .T. ) ;
#570 = AXIS2_PLACEMENT_3D ( 'NONE', #587, #220, #1277 ) ;
#571 = VECTOR ( 'NONE', #2054, 1000.000000000000000 ) ;
#572 = ORIENTED_EDGE ( 'NONE', *, *, #676, .T. ) ;
#573 = EDGE_LOOP ( 'NONE', ( #1510, #526, #1524, #230 ) ) ;
#574 = ORIENTED_EDGE ( 'NONE', *, *, #439, .F. ) ;
#575 = DIRECTION ( 'NONE',  ( 0.000000000000000000, 0.000000000000000000, -1.000000000000000000 ) ) ;
#576 = DIRECTION ( 'NONE',  ( 1.000000000000000000, 0.000000000000000000, 0.000000000000000000 ) ) ;
#577 = ADVANCED_FACE ( 'NONE', ( #1499 ), #1001, .F. ) ;
#578 = CARTESIAN_POINT ( 'NONE',  ( -35.00000000000002842, 15.00000000000000000, -329.9999999999999432 ) ) ;
#579 = CARTESIAN_POINT ( 'NONE',  ( -49.49784845243110709, 7.499999999999997335, -229.9999999999998863 ) ) ;
#580 = AXIS2_PLACEMENT_3D ( 'NONE', #2009, #1511, #643 ) ;
#581 = CARTESIAN_POINT ( 'NONE',  ( -62.88675134594820548, 0.000000000000000000, -44.99999999999996447 ) ) ;
#582 = CARTESIAN_POINT ( 'NONE',  ( -22.50000000000041211, 0.000000000000000000, -192.9006350946109762 ) ) ;
#583 = ORIENTED_EDGE ( 'NONE', *, *, #1321, .T. ) ;
#584 = EDGE_LOOP ( 'NONE', ( #1514, #1457, #2008, #1374 ) ) ;
#585 = CARTESIAN_POINT ( 'NONE',  ( -47.50000000000001421, 0.000000000000000000, -192.9006350946109762 ) ) ;
#586 = VERTEX_POINT ( 'NONE', #1815 ) ;
#587 = CARTESIAN_POINT ( 'NONE',  ( -97.52776749732575468, 0.000000000000000000, -24.99999999999997513 ) ) ;
#588 = CARTESIAN_POINT ( 'NONE',  ( -56.17807935140629638, 0.000000000000000000, -81.61976074586137031 ) ) ;
#589 = VECTOR ( 'NONE', #1081, 1000.000000000000000 ) ;
#590 = CARTESIAN_POINT ( 'NONE',  ( -205.0000000000001137, 0.000000000000000000, -12.49999999999997335 ) ) ;
#591 = CYLINDRICAL_SURFACE ( 'NONE', #1313, 2.500000000000002220 ) ;
#592 = CARTESIAN_POINT ( 'NONE',  ( -47.50000000000001421, 0.000000000000000000, -230.4006350946107204 ) ) ;
#593 = LINE ( 'NONE', #271, #839 ) ;
#594 = ORIENTED_EDGE ( 'NONE', *, *, #2234, .F. ) ;
#595 = VERTEX_POINT ( 'NONE', #1480 ) ;
#596 = PLANE ( 'NONE',  #1239 ) ;
#597 = ORIENTED_EDGE ( 'NONE', *, *, #642, .F. ) ;
#598 = FACE_OUTER_BOUND ( 'NONE', #292, .T. ) ;
#599 = AXIS2_PLACEMENT_3D ( 'NONE', #1694, #690, #133 ) ;
#600 = CARTESIAN_POINT ( 'NONE',  ( -120.0000000000000000, 7.500000000000000000, 6.735557395310310629E-17 ) ) ;
#601 = EDGE_CURVE ( 'NONE', #555, #1285, #2056, .T. ) ;
#602 = LINE ( 'NONE', #1317, #1266 ) ;
#603 = DIRECTION ( 'NONE',  ( 0.000000000000000000, 0.000000000000000000, 1.000000000000000000 ) ) ;
#604 = DIRECTION ( 'NONE',  ( 0.000000000000000000, 1.000000000000000000, 0.000000000000000000 ) ) ;
#605 = ADVANCED_FACE ( 'NONE', ( #1661 ), #1519, .F. ) ;
#606 = FACE_OUTER_BOUND ( 'NONE', #1904, .T. ) ;
#607 = ADVANCED_FACE ( 'NONE', ( #954 ), #1180, .F. ) ;
#608 = VECTOR ( 'NONE', #1128, 1000.000000000000000 ) ;
#609 = ORIENTED_EDGE ( 'NONE', *, *, #2000, .T. ) ;
#610 = ORIENTED_EDGE ( 'NONE', *, *, #152, .F. ) ;
#611 = LINE ( 'NONE', #300, #363 ) ;
#612 = CIRCLE ( 'NONE', #2162, 2.500000000000002220 ) ;
#613 = CARTESIAN_POINT ( 'NONE',  ( -22.50000000000041211, 0.000000000000000000, -192.9006350946109762 ) ) ;
#614 = FACE_OUTER_BOUND ( 'NONE', #1363, .T. ) ;
#615 = DIRECTION ( 'NONE',  ( 0.000000000000000000, 0.000000000000000000, 1.000000000000000000 ) ) ;
#616 = DIRECTION ( 'NONE',  ( 0.000000000000000000, 0.000000000000000000, -1.000000000000000000 ) ) ;
#617 = STYLED_ITEM ( 'NONE', ( #2045 ), #1928 ) ;
#618 = CONICAL_SURFACE ( 'NONE', #118, 2.500000000000002220, 1.029744258676650093 ) ;
#619 = CARTESIAN_POINT ( 'NONE',  ( -62.88675134594820548, 0.000000000000000000, -44.99999999999996447 ) ) ;
#620 = AXIS2_PLACEMENT_3D ( 'NONE', #831, #146, #999 ) ;
#621 = DIRECTION ( 'NONE',  ( -0.5150380749100580413, 1.049727191138615984E-16, -0.8571673007021101132 ) ) ;
#622 = DIRECTION ( 'NONE',  ( 0.000000000000000000, 1.000000000000000000, 0.000000000000000000 ) ) ;
#623 = ORIENTED_EDGE ( 'NONE', *, *, #1744, .F. ) ;
#624 = ORIENTED_EDGE ( 'NONE', *, *, #907, .F. ) ;
#625 = CARTESIAN_POINT ( 'NONE',  ( -47.50000000000001421, 0.000000000000000000, -192.9006350946109762 ) ) ;
#626 = FACE_BOUND ( 'NONE', #1467, .T. ) ;
#627 = CARTESIAN_POINT ( 'NONE',  ( -162.5000000000000000, 7.500000000000000000, 0.000000000000000000 ) ) ;
#628 = FACE_OUTER_BOUND ( 'NONE', #59, .T. ) ;
#629 = EDGE_LOOP ( 'NONE', ( #462, #1059, #2230 ) ) ;
#630 = EDGE_CURVE ( 'NONE', #1058, #900, #1333, .T. ) ;
#631 = LINE ( 'NONE', #1534, #1950 ) ;
#632 = CARTESIAN_POINT ( 'NONE',  ( -35.00000000000019895, 0.000000000000000000, -114.0067937974241090 ) ) ;
#633 = EDGE_CURVE ( 'NONE', #704, #1819, #1201, .T. ) ;
#634 = VERTEX_POINT ( 'NONE', #811 ) ;
#635 = ORIENTED_EDGE ( 'NONE', *, *, #1936, .T. ) ;
#636 = DIRECTION ( 'NONE',  ( -0.000000000000000000, -0.000000000000000000, 1.000000000000000000 ) ) ;
#637 = DIRECTION ( 'NONE',  ( 0.000000000000000000, 0.000000000000000000, -1.000000000000000000 ) ) ;
#638 = LINE ( 'NONE', #447, #2094 ) ;
#639 = DIRECTION ( 'NONE',  ( -0.000000000000000000, 1.000000000000000000, -0.000000000000000000 ) ) ;
#640 = ORIENTED_EDGE ( 'NONE', *, *, #1433, .T. ) ;
#641 = CONICAL_SURFACE ( 'NONE', #599, 2.500000000000002220, 1.029744258676650093 ) ;
#642 = EDGE_CURVE ( 'NONE', #495, #1137, #602, .T. ) ;
#643 = DIRECTION ( 'NONE',  ( 0.000000000000000000, 0.000000000000000000, -1.000000000000000000 ) ) ;
#644 = CARTESIAN_POINT ( 'NONE',  ( -79.99999999999998579, 7.500000000000000000, 6.735557395310310629E-17 ) ) ;
#645 = ADVANCED_FACE ( 'NONE', ( #2202 ), #652, .F. ) ;
#646 = EDGE_LOOP ( 'NONE', ( #1144, #1889, #240, #455 ) ) ;
#647 = ORIENTED_EDGE ( 'NONE', *, *, #221, .F. ) ;
#648 = DIRECTION ( 'NONE',  ( 0.8660254037844389297, 0.000000000000000000, 0.4999999999999995559 ) ) ;
#649 = CARTESIAN_POINT ( 'NONE',  ( -162.5000000000000000, 7.500000000000000000, 6.735557395310310629E-17 ) ) ;
#650 = EDGE_LOOP ( 'NONE', ( #1012, #2223, #1621, #1211 ) ) ;
#651 = FACE_OUTER_BOUND ( 'NONE', #323, .T. ) ;
#652 = CYLINDRICAL_SURFACE ( 'NONE', #217, 2.500000000000002220 ) ;
#653 = ORIENTED_EDGE ( 'NONE', *, *, #441, .T. ) ;
#654 = VECTOR ( 'NONE', #1821, 1000.000000000000000 ) ;
#655 = DIRECTION ( 'NONE',  ( 0.000000000000000000, 0.000000000000000000, -1.000000000000000000 ) ) ;
#656 = AXIS2_PLACEMENT_3D ( 'NONE', #1769, #204, #552 ) ;
#657 = DIRECTION ( 'NONE',  ( 1.000000000000000000, 0.000000000000000000, 0.000000000000000000 ) ) ;
#658 = ORIENTED_EDGE ( 'NONE', *, *, #630, .F. ) ;
#659 = ORIENTED_EDGE ( 'NONE', *, *, #209, .T. ) ;
#660 = CARTESIAN_POINT ( 'NONE',  ( -133.4668783648703254, 0.000000000000000000, -37.49999999999997868 ) ) ;
#661 = VERTEX_POINT ( 'NONE', #1158 ) ;
#662 = DIRECTION ( 'NONE',  ( 1.000000000000000000, 0.000000000000000000, 1.019432477910687129E-16 ) ) ;
#663 = VERTEX_POINT ( 'NONE', #1835 ) ;
#664 = CARTESIAN_POINT ( 'NONE',  ( -160.0000000000000000, 7.500000000000000000, 6.735557395310310629E-17 ) ) ;
#665 = DIRECTION ( 'NONE',  ( -0.000000000000000000, -0.000000000000000000, 1.000000000000000000 ) ) ;
#666 = ORIENTED_EDGE ( 'NONE', *, *, #20, .F. ) ;
#667 = VERTEX_POINT ( 'NONE', #473 ) ;
#668 = FACE_OUTER_BOUND ( 'NONE', #1152, .T. ) ;
#669 = VERTEX_POINT ( 'NONE', #682 ) ;
#670 = FACE_OUTER_BOUND ( 'NONE', #261, .T. ) ;
#671 = EDGE_CURVE ( 'NONE', #1259, #1655, #1666, .T. ) ;
#672 = EDGE_CURVE ( 'NONE', #1536, #1397, #1190, .T. ) ;
#673 = ADVANCED_FACE ( 'NONE', ( #494 ), #2214, .F. ) ;
#674 = DIRECTION ( 'NONE',  ( 0.000000000000000000, 0.000000000000000000, 1.000000000000000000 ) ) ;
#675 = VECTOR ( 'NONE', #1760, 1000.000000000000000 ) ;
#676 = EDGE_CURVE ( 'NONE', #775, #864, #389, .T. ) ;
#677 = FILL_AREA_STYLE_COLOUR ( '', #1388 ) ;
#678 = EDGE_LOOP ( 'NONE', ( #891, #2146, #1818, #2062 ) ) ;
#679 = DIRECTION ( 'NONE',  ( 1.000000000000000000, 0.000000000000000000, 0.000000000000000000 ) ) ;
#680 = VERTEX_POINT ( 'NONE', #368 ) ;
#681 = ORIENTED_EDGE ( 'NONE', *, *, #457, .T. ) ;
#682 = CARTESIAN_POINT ( 'NONE',  ( -19.00000000000000355, 7.499999999999989342, -217.4999999999998579 ) ) ;
#683 = AXIS2_PLACEMENT_3D ( 'NONE', #992, #1698, #110 ) ;
#684 = CIRCLE ( 'NONE', #974, 2.500000000000002220 ) ;
#685 = DIRECTION ( 'NONE',  ( -1.000000000000000000, -0.000000000000000000, -0.000000000000000000 ) ) ;
#686 = AXIS2_PLACEMENT_3D ( 'NONE', #508, #1205, #1887 ) ;
#687 =( NAMED_UNIT ( * ) SI_UNIT ( $, .STERADIAN. ) SOLID_ANGLE_UNIT ( ) );
#688 = VECTOR ( 'NONE', #533, 1000.000000000000114 ) ;
#689 = ORIENTED_EDGE ( 'NONE', *, *, #142, .T. ) ;
#690 = DIRECTION ( 'NONE',  ( 1.000000000000000000, -0.000000000000000000, 7.127122356470057216E-18 ) ) ;
#691 = AXIS2_PLACEMENT_3D ( 'NONE', #1822, #124, #637 ) ;
#692 = VERTEX_POINT ( 'NONE', #202 ) ;
#693 = ORIENTED_EDGE ( 'NONE', *, *, #1521, .T. ) ;
#694 = ORIENTED_EDGE ( 'NONE', *, *, #1378, .T. ) ;
#695 = PLANE ( 'NONE',  #252 ) ;
#696 = DIRECTION ( 'NONE',  ( 1.110223024625156540E-15, -0.000000000000000000, 1.000000000000000000 ) ) ;
#697 = EDGE_CURVE ( 'NONE', #2072, #1151, #856, .T. ) ;
#698 = DIRECTION ( 'NONE',  ( -1.000000000000000000, -0.000000000000000000, -0.000000000000000000 ) ) ;
#699 = CIRCLE ( 'NONE', #1506, 2.499999999999974243 ) ;
#700 = ORIENTED_EDGE ( 'NONE', *, *, #802, .T. ) ;
#701 = DIRECTION ( 'NONE',  ( 0.000000000000000000, 0.000000000000000000, 1.000000000000000000 ) ) ;
#702 = EDGE_CURVE ( 'NONE', #586, #669, #1876, .T. ) ;
#703 = ORIENTED_EDGE ( 'NONE', *, *, #1099, .F. ) ;
#704 = VERTEX_POINT ( 'NONE', #1905 ) ;
#705 = CARTESIAN_POINT ( 'NONE',  ( -45.35276180410065194, 0.000000000000000000, -75.36976074586128505 ) ) ;
#706 = EDGE_CURVE ( 'NONE', #667, #1808, #1236, .T. ) ;
#707 = CARTESIAN_POINT ( 'NONE',  ( -35.00000000000021316, 0.000000000000000000, -217.9006350946109478 ) ) ;
#708 = CARTESIAN_POINT ( 'NONE',  ( -10.00000000000000711, 7.499999999999983125, -172.4999999999998863 ) ) ;
#709 = AXIS2_PLACEMENT_3D ( 'NONE', #1271, #1584, #1063 ) ;
#710 = CARTESIAN_POINT ( 'NONE',  ( -97.52776749732575468, 0.000000000000000000, -12.49999999999997691 ) ) ;
#711 = EDGE_LOOP ( 'NONE', ( #703, #694, #833, #2133 ) ) ;
#712 = VERTEX_POINT ( 'NONE', #504 ) ;
#713 = DIRECTION ( 'NONE',  ( 1.000000000000000000, -0.000000000000000000, 7.127122356470057216E-18 ) ) ;
#714 = AXIS2_PLACEMENT_3D ( 'NONE', #1291, #746, #1780 ) ;
#715 = DIRECTION ( 'NONE',  ( 0.5150380749100580413, 1.049727191138615984E-16, 0.8571673007021101132 ) ) ;
#716 = AXIS2_PLACEMENT_3D ( 'NONE', #278, #103, #1845 ) ;
#717 = CARTESIAN_POINT ( 'NONE',  ( 0.000000000000000000, 15.00000000000000000, 0.000000000000000000 ) ) ;
#718 = VECTOR ( 'NONE', #1890, 999.9999999999998863 ) ;
#719 = CARTESIAN_POINT ( 'NONE',  ( -60.00000000000001421, 7.500000000000000000, -322.4999999999999432 ) ) ;
#720 = AXIS2_PLACEMENT_3D ( 'NONE', #1315, #810, #2201 ) ;
#721 = CIRCLE ( 'NONE', #397, 2.500000000000002220 ) ;
#722 = AXIS2_PLACEMENT_3D ( 'NONE', #411, #2161, #268 ) ;
#723 = ORIENTED_EDGE ( 'NONE', *, *, #212, .F. ) ;
#724 = ORIENTED_EDGE ( 'NONE', *, *, #2218, .F. ) ;
#725 = DIRECTION ( 'NONE',  ( -1.000000000000000000, -0.000000000000000000, -0.000000000000000000 ) ) ;
#726 = LINE ( 'NONE', #431, #424 ) ;
#727 = ADVANCED_FACE ( 'NONE', ( #1216 ), #1914, .F. ) ;
#728 = FACE_OUTER_BOUND ( 'NONE', #2119, .T. ) ;
#729 = CARTESIAN_POINT ( 'NONE',  ( -160.0000000000000000, 7.500000000000000000, 0.000000000000000000 ) ) ;
#730 = CARTESIAN_POINT ( 'NONE',  ( -51.00000000000001421, 7.500000000000000000, -259.9999999999998863 ) ) ;
#731 = ORIENTED_EDGE ( 'NONE', *, *, #313, .T. ) ;
#732 = ORIENTED_EDGE ( 'NONE', *, *, #2234, .T. ) ;
#733 = DIRECTION ( 'NONE',  ( 0.000000000000000000, 1.000000000000000000, 0.000000000000000000 ) ) ;
#734 = LINE ( 'NONE', #1978, #2166 ) ;
#735 = DIRECTION ( 'NONE',  ( -0.000000000000000000, -0.000000000000000000, 1.000000000000000000 ) ) ;
#736 = EDGE_CURVE ( 'NONE', #1819, #414, #847, .T. ) ;
#737 = ADVANCED_FACE ( 'NONE', ( #1540 ), #1400, .F. ) ;
#738 = FACE_BOUND ( 'NONE', #1155, .T. ) ;
#739 = EDGE_CURVE ( 'NONE', #482, #1525, #187, .T. ) ;
#740 = CARTESIAN_POINT ( 'NONE',  ( -51.00000000000001421, 7.500000000000000000, -319.9999999999999432 ) ) ;
#741 = ADVANCED_FACE ( 'NONE', ( #670 ), #1204, .F. ) ;
#742 = ORIENTED_EDGE ( 'NONE', *, *, #518, .T. ) ;
#743 = VERTEX_POINT ( 'NONE', #11 ) ;
#744 = EDGE_LOOP ( 'NONE', ( #1663, #1762 ) ) ;
#745 = DIRECTION ( 'NONE',  ( 0.000000000000000000, 0.000000000000000000, 1.000000000000000000 ) ) ;
#746 = DIRECTION ( 'NONE',  ( 1.000000000000000000, -0.000000000000000000, 7.127122356470057216E-18 ) ) ;
#747 = CARTESIAN_POINT ( 'NONE',  ( -205.0000000000001137, 0.000000000000000000, -37.49999999999997868 ) ) ;
#748 = CARTESIAN_POINT ( 'NONE',  ( -230.0000000000000000, 0.000000000000000000, 2.816687638038912194E-14 ) ) ;
#749 =( NAMED_UNIT ( * ) SI_UNIT ( $, .STERADIAN. ) SOLID_ANGLE_UNIT ( ) );
#750 = CARTESIAN_POINT ( 'NONE',  ( -73.71206889325388545, 0.000000000000000000, -51.25000000000007105 ) ) ;
#751 = VECTOR ( 'NONE', #333, 1000.000000000000000 ) ;
#752 = ORIENTED_EDGE ( 'NONE', *, *, #280, .T. ) ;
#753 = DIRECTION ( 'NONE',  ( -0.000000000000000000, -0.000000000000000000, 1.000000000000000000 ) ) ;
#754 = EDGE_LOOP ( 'NONE', ( #875, #1705, #190 ) ) ;
#755 = LINE ( 'NONE', #1459, #1523 ) ;
#756 = CARTESIAN_POINT ( 'NONE',  ( -230.0000000000000000, 15.00000000000000000, 2.816687638038912194E-14 ) ) ;
#757 = CIRCLE ( 'NONE', #1804, 12.50000000000019185 ) ;
#758 = CARTESIAN_POINT ( 'NONE',  ( -10.00000000000000533, 7.499999999999989342, -217.4999999999998579 ) ) ;
#759 = ORIENTED_EDGE ( 'NONE', *, *, #457, .F. ) ;
#760 = VECTOR ( 'NONE', #767, 1000.000000000000000 ) ;
#761 = DIRECTION ( 'NONE',  ( -0.000000000000000000, 1.000000000000000000, -0.000000000000000000 ) ) ;
#762 = DIRECTION ( 'NONE',  ( -1.000000000000000000, 0.000000000000000000, 1.110223024625156540E-15 ) ) ;
#763 = EDGE_CURVE ( 'NONE', #1185, #775, #1711, .T. ) ;
#764 = ORIENTED_EDGE ( 'NONE', *, *, #67, .F. ) ;
#765 = CARTESIAN_POINT ( 'NONE',  ( -122.5000000000000000, 7.500000000000000000, -9.000000000000001776 ) ) ;
#766 = ORIENTED_EDGE ( 'NONE', *, *, #1006, .T. ) ;
#767 = DIRECTION ( 'NONE',  ( -0.000000000000000000, 1.000000000000000000, -0.000000000000000000 ) ) ;
#768 = DIRECTION ( 'NONE',  ( -0.000000000000000000, -1.000000000000000000, -0.000000000000000000 ) ) ;
#769 = CARTESIAN_POINT ( 'NONE',  ( -82.49999999999998579, 7.500000000000000000, -9.000000000000001776 ) ) ;
#770 = ORIENTED_EDGE ( 'NONE', *, *, #820, .F. ) ;
#771 = ADVANCED_FACE ( 'NONE', ( #339, #531, #1740 ), #695, .F. ) ;
#772 = LINE ( 'NONE', #2141, #2170 ) ;
#773 = CARTESIAN_POINT ( 'NONE',  ( -47.50000000000001421, 15.00000000000000000, -230.4006350946107204 ) ) ;
#774 = ORIENTED_EDGE ( 'NONE', *, *, #1433, .F. ) ;
#775 = VERTEX_POINT ( 'NONE', #522 ) ;
#776 = DIRECTION ( 'NONE',  ( 1.000000000000000000, -0.000000000000000000, 7.127122356470057216E-18 ) ) ;
#777 = ORIENTED_EDGE ( 'NONE', *, *, #521, .F. ) ;
#778 = FACE_OUTER_BOUND ( 'NONE', #283, .T. ) ;
#779 = VECTOR ( 'NONE', #2153, 1000.000000000000000 ) ;
#780 = LINE ( 'NONE', #125, #1882 ) ;
#781 = ADVANCED_FACE ( 'NONE', ( #1571 ), #23, .F. ) ;
#782 = CARTESIAN_POINT ( 'NONE',  ( -51.00000000000001421, 7.500000000000000000, -262.4999999999998863 ) ) ;
#783 = DIRECTION ( 'NONE',  ( 0.000000000000000000, 0.000000000000000000, 1.000000000000000000 ) ) ;
#784 = LINE ( 'NONE', #113, #46 ) ;
#785 = CARTESIAN_POINT ( 'NONE',  ( -133.4668783648703254, 0.000000000000000000, -37.49999999999997868 ) ) ;
#786 = CARTESIAN_POINT ( 'NONE',  ( -120.0000000000000000, 7.500000000000000000, -9.000000000000001776 ) ) ;
#787 = VECTOR ( 'NONE', #236, 999.9999999999998863 ) ;
#788 = AXIS2_PLACEMENT_3D ( 'NONE', #2007, #126, #615 ) ;
#789 = ORIENTED_EDGE ( 'NONE', *, *, #1541, .F. ) ;
#790 = ORIENTED_EDGE ( 'NONE', *, *, #702, .T. ) ;
#791 = DIRECTION ( 'NONE',  ( -1.000000000000000000, 0.000000000000000000, 0.000000000000000000 ) ) ;
#792 = CIRCLE ( 'NONE', #1083, 2.500000000000002220 ) ;
#793 = CARTESIAN_POINT ( 'NONE',  ( -160.0000000000000000, 7.500000000000000000, -9.000000000000001776 ) ) ;
#794 = VECTOR ( 'NONE', #1515, 1000.000000000000000 ) ;
#795 = EDGE_LOOP ( 'NONE', ( #1853, #2052, #1912, #151 ) ) ;
#796 = CYLINDRICAL_SURFACE ( 'NONE', #720, 12.49999999999978861 ) ;
#797 = CARTESIAN_POINT ( 'NONE',  ( -73.71206889325388545, 15.00000000000000000, -51.25000000000007105 ) ) ;
#798 = CARTESIAN_POINT ( 'NONE',  ( -205.0000000000000284, 15.00000000000000000, -24.99999999999997513 ) ) ;
#799 = VECTOR ( 'NONE', #1116, 1000.000000000000000 ) ;
#800 = AXIS2_PLACEMENT_3D ( 'NONE', #1630, #2011, #1283 ) ;
#801 = VECTOR ( 'NONE', #930, 1000.000000000000000 ) ;
#802 = EDGE_CURVE ( 'NONE', #144, #1728, #792, .T. ) ;
#803 = CIRCLE ( 'NONE', #1745, 12.49999999999980282 ) ;
#804 = CARTESIAN_POINT ( 'NONE',  ( -60.00000000000000000, 15.00000000000000000, 7.347880794884127822E-15 ) ) ;
#805 = DIRECTION ( 'NONE',  ( 1.000000000000000000, -0.000000000000000000, 7.127122356470057216E-18 ) ) ;
#806 = EDGE_LOOP ( 'NONE', ( #1275, #1670, #1826 ) ) ;
#807 = PLANE ( 'NONE',  #189 ) ;
#808 = EDGE_CURVE ( 'NONE', #876, #1008, #905, .T. ) ;
#809 = CARTESIAN_POINT ( 'NONE',  ( -35.00000000000019895, 0.000000000000000000, -114.0067937974241090 ) ) ;
#810 = DIRECTION ( 'NONE',  ( -0.000000000000000000, 1.000000000000000000, -0.000000000000000000 ) ) ;
#811 = CARTESIAN_POINT ( 'NONE',  ( -51.00000000000001421, 7.500000000000000000, -227.4999999999999147 ) ) ;
#812 = ORIENTED_EDGE ( 'NONE', *, *, #274, .T. ) ;
#813 = AXIS2_PLACEMENT_3D ( 'NONE', #410, #224, #86 ) ;
#814 = DIRECTION ( 'NONE',  ( -0.5000000000000006661, 0.000000000000000000, 0.8660254037844382635 ) ) ;
#815 = EDGE_CURVE ( 'NONE', #595, #1185, #1965, .T. ) ;
#816 = CYLINDRICAL_SURFACE ( 'NONE', #1422, 2.500000000000002220 ) ;
#817 = VERTEX_POINT ( 'NONE', #1430 ) ;
#818 = ORIENTED_EDGE ( 'NONE', *, *, #2042, .T. ) ;
#819 = FACE_OUTER_BOUND ( 'NONE', #1299, .T. ) ;
#820 = EDGE_CURVE ( 'NONE', #1681, #1862, #3, .T. ) ;
#821 = FACE_BOUND ( 'NONE', #1140, .T. ) ;
#822 = LINE ( 'NONE', #1141, #1770 ) ;
#823 = DIRECTION ( 'NONE',  ( -1.000000000000000000, -0.000000000000000000, -0.000000000000000000 ) ) ;
#824 = EDGE_LOOP ( 'NONE', ( #842, #1567 ) ) ;
#825 = VECTOR ( 'NONE', #889, 1000.000000000000000 ) ;
#826 = FACE_OUTER_BOUND ( 'NONE', #1475, .T. ) ;
#827 = FACE_OUTER_BOUND ( 'NONE', #2039, .T. ) ;
#828 = ORIENTED_EDGE ( 'NONE', *, *, #962, .F. ) ;
#829 = ORIENTED_EDGE ( 'NONE', *, *, #441, .F. ) ;
#830 = CARTESIAN_POINT ( 'NONE',  ( -133.4668783648703254, 0.000000000000000000, -12.49999999999996980 ) ) ;
#831 = CARTESIAN_POINT ( 'NONE',  ( -170.9668783648703823, 15.00000000000000000, -24.99999999999998224 ) ) ;
#832 = VECTOR ( 'NONE', #2113, 1000.000000000000000 ) ;
#833 = ORIENTED_EDGE ( 'NONE', *, *, #392, .T. ) ;
#834 = CARTESIAN_POINT ( 'NONE',  ( -60.00000000000001421, 7.500000000000000000, -287.4999999999999432 ) ) ;
#835 = EDGE_LOOP ( 'NONE', ( #528, #1346, #770, #1776 ) ) ;
#836 = VECTOR ( 'NONE', #1645, 999.9999999999998863 ) ;
#837 = CARTESIAN_POINT ( 'NONE',  ( -88.86751345948140113, 15.00000000000000000, -49.99999999999997158 ) ) ;
#838 = AXIS2_PLACEMENT_3D ( 'NONE', #94, #2030, #2177 ) ;
#839 = VECTOR ( 'NONE', #1619, 1000.000000000000000 ) ;
#840 = CARTESIAN_POINT ( 'NONE',  ( -205.0000000000001137, 0.000000000000000000, -37.49999999999997868 ) ) ;
#841 = VERTEX_POINT ( 'NONE', #1602 ) ;
#842 = ORIENTED_EDGE ( 'NONE', *, *, #1885, .F. ) ;
#843 = DIRECTION ( 'NONE',  ( 0.000000000000000000, 0.000000000000000000, 1.000000000000000000 ) ) ;
#844 = EDGE_LOOP ( 'NONE', ( #1634, #491, #1921, #854 ) ) ;
#845 = ADVANCED_FACE ( 'NONE', ( #2120 ), #254, .F. ) ;
#846 = VERTEX_POINT ( 'NONE', #1789 ) ;
#847 = LINE ( 'NONE', #2232, #1013 ) ;
#848 = ADVANCED_FACE ( 'NONE', ( #1922 ), #2101, .F. ) ;
#849 = CARTESIAN_POINT ( 'NONE',  ( -197.5000000000000000, 7.500000000000000000, -9.000000000000001776 ) ) ;
#850 = EDGE_CURVE ( 'NONE', #394, #2118, #1667, .T. ) ;
#851 = CARTESIAN_POINT ( 'NONE',  ( -35.00000000000019895, 0.000000000000000000, -114.0067937974241090 ) ) ;
#852 = VERTEX_POINT ( 'NONE', #916 ) ;
#853 = CARTESIAN_POINT ( 'NONE',  ( -22.50000000000043343, 0.000000000000000000, -305.0000000000001705 ) ) ;
#854 = ORIENTED_EDGE ( 'NONE', *, *, #1936, .F. ) ;
#855 = EDGE_LOOP ( 'NONE', ( #1234, #1775 ) ) ;
#856 = LINE ( 'NONE', #2064, #293 ) ;
#857 = CARTESIAN_POINT ( 'NONE',  ( -35.00000000000021316, 15.00000000000000000, -230.4006350946107204 ) ) ;
#858 = DIRECTION ( 'NONE',  ( 0.000000000000000000, 0.000000000000000000, 1.000000000000000000 ) ) ;
#859 = ORIENTED_EDGE ( 'NONE', *, *, #1076, .F. ) ;
#860 = DIRECTION ( 'NONE',  ( -0.000000000000000000, 1.000000000000000000, -0.000000000000000000 ) ) ;
#861 = ORIENTED_EDGE ( 'NONE', *, *, #1029, .F. ) ;
#862 = ORIENTED_EDGE ( 'NONE', *, *, #1642, .F. ) ;
#863 = EDGE_CURVE ( 'NONE', #2176, #1030, #2121, .T. ) ;
#864 = VERTEX_POINT ( 'NONE', #1798 ) ;
#865 = DIRECTION ( 'NONE',  ( -1.000000000000000000, -0.000000000000000000, -0.000000000000000000 ) ) ;
#866 = AXIS2_PLACEMENT_3D ( 'NONE', #1066, #556, #1940 ) ;
#867 = CARTESIAN_POINT ( 'NONE',  ( -88.86751345948140113, 0.000000000000000000, -49.99999999999997158 ) ) ;
#868 = EDGE_CURVE ( 'NONE', #661, #1259, #31, .T. ) ;
#869 = DIRECTION ( 'NONE',  ( 0.000000000000000000, 1.000000000000000000, 0.000000000000000000 ) ) ;
#870 = VECTOR ( 'NONE', #1005, 1000.000000000000000 ) ;
#871 = ORIENTED_EDGE ( 'NONE', *, *, #1288, .T. ) ;
#872 = FACE_BOUND ( 'NONE', #972, .T. ) ;
#873 = VECTOR ( 'NONE', #1417, 1000.000000000000000 ) ;
#874 = EDGE_CURVE ( 'NONE', #1655, #166, #1802, .T. ) ;
#875 = ORIENTED_EDGE ( 'NONE', *, *, #2050, .F. ) ;
#876 = VERTEX_POINT ( 'NONE', #1438 ) ;
#877 = DIRECTION ( 'NONE',  ( -1.000000000000000000, 0.000000000000000000, -7.127122356470057216E-18 ) ) ;
#878 = CARTESIAN_POINT ( 'NONE',  ( -160.0000000000000000, 7.500000000000000000, 0.000000000000000000 ) ) ;
#879 = CYLINDRICAL_SURFACE ( 'NONE', #1241, 12.49999999999978861 ) ;
#880 = EDGE_CURVE ( 'NONE', #1327, #1285, #549, .T. ) ;
#881 = EDGE_CURVE ( 'NONE', #1176, #1235, #1289, .T. ) ;
#882 = CIRCLE ( 'NONE', #233, 2.500000000000002220 ) ;
#883 = CARTESIAN_POINT ( 'NONE',  ( -77.49999999999998579, 7.500000000000000000, 6.735557395310310629E-17 ) ) ;
#884 = VERTEX_POINT ( 'NONE', #564 ) ;
#885 = ORIENTED_EDGE ( 'NONE', *, *, #1453, .T. ) ;
#886 = CARTESIAN_POINT ( 'NONE',  ( -10.00000000000000533, 7.499999999999983125, -174.9999999999998863 ) ) ;
#887 = DIRECTION ( 'NONE',  ( -0.000000000000000000, -0.000000000000000000, 1.000000000000000000 ) ) ;
#888 = CARTESIAN_POINT ( 'NONE',  ( -205.0000000000000284, 0.000000000000000000, -49.99999999999997158 ) ) ;
#889 = DIRECTION ( 'NONE',  ( -0.000000000000000000, 1.000000000000000000, -0.000000000000000000 ) ) ;
#890 = ORIENTED_EDGE ( 'NONE', *, *, #1909, .F. ) ;
#891 = ORIENTED_EDGE ( 'NONE', *, *, #1029, .T. ) ;
#892 = DIRECTION ( 'NONE',  ( -0.000000000000000000, -0.000000000000000000, 1.000000000000000000 ) ) ;
#893 = CIRCLE ( 'NONE', #215, 25.00000000000000000 ) ;
#894 = DIRECTION ( 'NONE',  ( 1.000000000000000000, -0.000000000000000000, -1.224646799147352468E-16 ) ) ;
#895 = AXIS2_PLACEMENT_3D ( 'NONE', #613, #2004, #1127 ) ;
#896 = CARTESIAN_POINT ( 'NONE',  ( -205.0000000000001137, 0.000000000000000000, -37.49999999999997868 ) ) ;
#897 = CARTESIAN_POINT ( 'NONE',  ( -205.0000000000001137, 0.000000000000000000, -37.49999999999997868 ) ) ;
#898 = CIRCLE ( 'NONE', #478, 12.49999999999980282 ) ;
#899 = VECTOR ( 'NONE', #1462, 1000.000000000000114 ) ;
#900 = VERTEX_POINT ( 'NONE', #1623 ) ;
#901 = VERTEX_POINT ( 'NONE', #395 ) ;
#902 = EDGE_LOOP ( 'NONE', ( #1214, #1903, #1124, #2213 ) ) ;
#903 = AXIS2_PLACEMENT_3D ( 'NONE', #2021, #2165, #1837 ) ;
#904 = EDGE_CURVE ( 'NONE', #1920, #692, #1202, .T. ) ;
#905 = LINE ( 'NONE', #1103, #1559 ) ;
#906 = EDGE_CURVE ( 'NONE', #2005, #1939, #755, .T. ) ;
#907 = EDGE_CURVE ( 'NONE', #1893, #218, #684, .T. ) ;
#908 = FACE_OUTER_BOUND ( 'NONE', #1227, .T. ) ;
#909 = CARTESIAN_POINT ( 'NONE',  ( -170.9668783648703823, 15.00000000000000000, -12.49999999999997335 ) ) ;
#910 = ADVANCED_FACE ( 'NONE', ( #384 ), #154, .F. ) ;
#911 = CARTESIAN_POINT ( 'NONE',  ( -52.06143379864254683, 15.00000000000000000, -38.74999999999986500 ) ) ;
#912 = CARTESIAN_POINT ( 'NONE',  ( -77.49999999999998579, 7.500000000000000000, -9.000000000000001776 ) ) ;
#913 = AXIS2_PLACEMENT_3D ( 'NONE', #1638, #735, #235 ) ;
#914 = ORIENTED_EDGE ( 'NONE', *, *, #739, .T. ) ;
#915 = ORIENTED_EDGE ( 'NONE', *, *, #1512, .F. ) ;
#916 = CARTESIAN_POINT ( 'NONE',  ( -230.0000000000000000, 0.000000000000000000, -24.99999999999997513 ) ) ;
#917 = CARTESIAN_POINT ( 'NONE',  ( -22.50000000000041211, 15.00000000000000000, -114.0067937974241090 ) ) ;
#918 = DIRECTION ( 'NONE',  ( 0.000000000000000000, 0.000000000000000000, -1.000000000000000000 ) ) ;
#919 = DIRECTION ( 'NONE',  ( 0.000000000000000000, 1.000000000000000000, 0.000000000000000000 ) ) ;
#920 = AXIS2_PLACEMENT_3D ( 'NONE', #1345, #304, #486 ) ;
#921 = CARTESIAN_POINT ( 'NONE',  ( -122.5000000000000000, 7.500000000000000000, -9.000000000000001776 ) ) ;
#922 = DIRECTION ( 'NONE',  ( -0.000000000000000000, -0.000000000000000000, 1.000000000000000000 ) ) ;
#923 = CIRCLE ( 'NONE', #514, 2.500000000000002220 ) ;
#924 = ORIENTED_EDGE ( 'NONE', *, *, #1960, .T. ) ;
#925 = ORIENTED_EDGE ( 'NONE', *, *, #1649, .F. ) ;
#926 = CARTESIAN_POINT ( 'NONE',  ( -35.00000000000019895, 15.00000000000000000, -114.0067937974241090 ) ) ;
#927 = LINE ( 'NONE', #2102, #1010 ) ;
#928 = EDGE_CURVE ( 'NONE', #1681, #817, #2016, .T. ) ;
#929 = CARTESIAN_POINT ( 'NONE',  ( -10.00000000000000711, 15.00000000000000000, -304.9999999999998863 ) ) ;
#930 = DIRECTION ( 'NONE',  ( -0.000000000000000000, -1.000000000000000000, -0.000000000000000000 ) ) ;
#931 = DIRECTION ( 'NONE',  ( 0.000000000000000000, 0.000000000000000000, 1.000000000000000000 ) ) ;
#932 = ADVANCED_FACE ( 'NONE', ( #598 ), #1635, .F. ) ;
#933 = CARTESIAN_POINT ( 'NONE',  ( -60.00000000000001421, 7.500000000000000000, -319.9999999999999432 ) ) ;
#934 = AXIS2_PLACEMENT_3D ( 'NONE', #288, #636, #2174 ) ;
#935 = ORIENTED_EDGE ( 'NONE', *, *, #1269, .T. ) ;
#936 = ORIENTED_EDGE ( 'NONE', *, *, #1620, .F. ) ;
#937 = DIRECTION ( 'NONE',  ( 0.4999999999999976685, 0.000000000000000000, -0.8660254037844400399 ) ) ;
#938 = ORIENTED_EDGE ( 'NONE', *, *, #906, .F. ) ;
#939 = AXIS2_PLACEMENT_3D ( 'NONE', #985, #2195, #2022 ) ;
#940 = DIRECTION ( 'NONE',  ( -0.000000000000000000, 1.000000000000000000, -0.000000000000000000 ) ) ;
#941 = FACE_OUTER_BOUND ( 'NONE', #1809, .T. ) ;
#942 = ADVANCED_FACE ( 'NONE', ( #975, #626, #821, #430, #470 ), #1167, .F. ) ;
#943 = VECTOR ( 'NONE', #761, 1000.000000000000000 ) ;
#944 = DIRECTION ( 'NONE',  ( -0.000000000000000000, -0.000000000000000000, 1.000000000000000000 ) ) ;
#945 = CARTESIAN_POINT ( 'NONE',  ( -202.5000000000000000, 7.500000000000000000, 0.000000000000000000 ) ) ;
#946 = CARTESIAN_POINT ( 'NONE',  ( 0.000000000000000000, 0.000000000000000000, 0.000000000000000000 ) ) ;
#947 = CARTESIAN_POINT ( 'NONE',  ( -47.50000000000001421, 0.000000000000000000, -192.9006350946109762 ) ) ;
#948 = ORIENTED_EDGE ( 'NONE', *, *, #1723, .T. ) ;
#949 = ADVANCED_FACE ( 'NONE', ( #2189 ), #459, .F. ) ;
#950 = DIRECTION ( 'NONE',  ( 1.000000000000000000, 0.000000000000000000, -2.325386386568932387E-16 ) ) ;
#951 = ORIENTED_EDGE ( 'NONE', *, *, #1875, .T. ) ;
#952 = FACE_OUTER_BOUND ( 'NONE', #629, .T. ) ;
#953 = DIRECTION ( 'NONE',  ( -0.5150380749100580413, 1.049727191138615984E-16, -0.8571673007021101132 ) ) ;
#954 = FACE_OUTER_BOUND ( 'NONE', #646, .T. ) ;
#955 = FACE_OUTER_BOUND ( 'NONE', #287, .T. ) ;
#956 = CARTESIAN_POINT ( 'NONE',  ( -51.00000000000001421, 7.500000000000000000, -259.9999999999998863 ) ) ;
#957 = FACE_OUTER_BOUND ( 'NONE', #754, .T. ) ;
#958 = ORIENTED_EDGE ( 'NONE', *, *, #1323, .T. ) ;
#959 = ORIENTED_EDGE ( 'NONE', *, *, #2067, .F. ) ;
#960 = CARTESIAN_POINT ( 'NONE',  ( -160.0000000000000000, 7.500000000000000000, -10.50215154756890179 ) ) ;
#961 = CARTESIAN_POINT ( 'NONE',  ( -62.88675134594820548, 0.000000000000000000, -44.99999999999996447 ) ) ;
#962 = EDGE_CURVE ( 'NONE', #1008, #2073, #612, .T. ) ;
#963 = DIRECTION ( 'NONE',  ( 0.000000000000000000, 0.000000000000000000, 1.000000000000000000 ) ) ;
#964 = CARTESIAN_POINT ( 'NONE',  ( -35.00000000000022737, 15.00000000000000000, -305.0000000000001705 ) ) ;
#965 = CARTESIAN_POINT ( 'NONE',  ( -19.00000000000000355, 7.499999999999989342, -219.9999999999998579 ) ) ;
#966 = ORIENTED_EDGE ( 'NONE', *, *, #67, .T. ) ;
#967 = CARTESIAN_POINT ( 'NONE',  ( -60.00000000000001421, 15.00000000000000000, -329.9999999999999432 ) ) ;
#968 = CARTESIAN_POINT ( 'NONE',  ( -35.00000000000021316, 0.000000000000000000, -192.9006350946109762 ) ) ;
#969 = DIRECTION ( 'NONE',  ( -0.000000000000000000, -0.000000000000000000, 1.000000000000000000 ) ) ;
#970 = AXIS2_PLACEMENT_3D ( 'NONE', #1849, #1979, #1509 ) ;
#971 = ORIENTED_EDGE ( 'NONE', *, *, #1073, .T. ) ;
#972 = EDGE_LOOP ( 'NONE', ( #2221, #959 ) ) ;
#973 = CARTESIAN_POINT ( 'NONE',  ( -22.50000000000041211, 0.000000000000000000, -114.0067937974241090 ) ) ;
#974 = AXIS2_PLACEMENT_3D ( 'NONE', #376, #892, #1929 ) ;
#975 = FACE_BOUND ( 'NONE', #824, .T. ) ;
#976 = AXIS2_PLACEMENT_3D ( 'NONE', #1125, #444, #251 ) ;
#977 = DIRECTION ( 'NONE',  ( 7.127122356470057216E-18, 0.000000000000000000, -1.000000000000000000 ) ) ;
#978 = ADVANCED_FACE ( 'NONE', ( #778 ), #302, .F. ) ;
#979 = LINE ( 'NONE', #782, #1485 ) ;
#980 = ORIENTED_EDGE ( 'NONE', *, *, #1321, .F. ) ;
#981 = CIRCLE ( 'NONE', #2167, 2.500000000000002220 ) ;
#982 = AXIS2_PLACEMENT_3D ( 'NONE', #956, #155, #2205 ) ;
#983 = DIRECTION ( 'NONE',  ( -0.000000000000000000, -0.000000000000000000, 1.000000000000000000 ) ) ;
#984 = ADVANCED_FACE ( 'NONE', ( #952 ), #1130, .F. ) ;
#985 = CARTESIAN_POINT ( 'NONE',  ( -200.0000000000000000, 7.500000000000000000, -9.000000000000001776 ) ) ;
#986 = PRODUCT ( 'Vertical Bracket', 'Vertical Bracket', '', ( #1268 ) ) ;
#987 = VERTEX_POINT ( 'NONE', #484 ) ;
#988 = ORIENTED_EDGE ( 'NONE', *, *, #239, .F. ) ;
#989 = CYLINDRICAL_SURFACE ( 'NONE', #934, 2.500000000000002220 ) ;
#990 = CARTESIAN_POINT ( 'NONE',  ( -60.00000000000001421, 7.500000000000000000, -322.4999999999999432 ) ) ;
#991 = DIRECTION ( 'NONE',  ( -0.000000000000000000, -0.000000000000000000, 1.000000000000000000 ) ) ;
#992 = CARTESIAN_POINT ( 'NONE',  ( -60.00000000000001421, 7.500000000000000000, -289.9999999999999432 ) ) ;
#993 = ORIENTED_EDGE ( 'NONE', *, *, #736, .T. ) ;
#994 = CONICAL_SURFACE ( 'NONE', #1219, 2.500000000000002220, 1.029744258676655200 ) ;
#995 = CARTESIAN_POINT ( 'NONE',  ( -133.4668783648703254, 15.00000000000000000, -37.49999999999997868 ) ) ;
#996 = DIRECTION ( 'NONE',  ( 0.000000000000000000, 0.000000000000000000, 1.000000000000000000 ) ) ;
#997 = EDGE_LOOP ( 'NONE', ( #2100, #241, #178, #1028 ) ) ;
#998 = FACE_OUTER_BOUND ( 'NONE', #1368, .T. ) ;
#999 = DIRECTION ( 'NONE',  ( 0.000000000000000000, 0.000000000000000000, 1.000000000000000000 ) ) ;
#1000 = UNCERTAINTY_MEASURE_WITH_UNIT (LENGTH_MEASURE( 1.000000000000000082E-05 ), #1025, 'distance_accuracy_value', 'NONE');
#1001 = CYLINDRICAL_SURFACE ( 'NONE', #683, 2.500000000000002220 ) ;
#1002 = ORIENTED_EDGE ( 'NONE', *, *, #633, .T. ) ;
#1003 = VECTOR ( 'NONE', #1258, 1000.000000000000000 ) ;
#1004 = CARTESIAN_POINT ( 'NONE',  ( -120.0000000000000000, 7.500000000000000000, -9.000000000000001776 ) ) ;
#1005 = DIRECTION ( 'NONE',  ( -1.000000000000000000, -0.000000000000000000, 2.038864955821374258E-16 ) ) ;
#1006 = EDGE_CURVE ( 'NONE', #692, #1728, #1647, .T. ) ;
#1007 = ORIENTED_EDGE ( 'NONE', *, *, #1833, .F. ) ;
#1008 = VERTEX_POINT ( 'NONE', #1468 ) ;
#1009 = CARTESIAN_POINT ( 'NONE',  ( -205.0000000000001137, 0.000000000000000000, -24.99999999999997868 ) ) ;
#1010 = VECTOR ( 'NONE', #222, 1000.000000000000000 ) ;
#1011 = EDGE_CURVE ( 'NONE', #680, #554, #803, .T. ) ;
#1012 = ORIENTED_EDGE ( 'NONE', *, *, #2127, .T. ) ;
#1013 = VECTOR ( 'NONE', #662, 1000.000000000000000 ) ;
#1014 = ORIENTED_EDGE ( 'NONE', *, *, #1590, .F. ) ;
#1015 = DIRECTION ( 'NONE',  ( 0.000000000000000000, 0.000000000000000000, 1.000000000000000000 ) ) ;
#1016 = VERTEX_POINT ( 'NONE', #1674 ) ;
#1017 = EDGE_CURVE ( 'NONE', #322, #1196, #1139, .T. ) ;
#1018 = VECTOR ( 'NONE', #2222, 1000.000000000000000 ) ;
#1019 = LINE ( 'NONE', #1715, #475 ) ;
#1020 = AXIS2_PLACEMENT_3D ( 'NONE', #460, #1343, #105 ) ;
#1021 = VECTOR ( 'NONE', #285, 999.9999999999998863 ) ;
#1022 = AXIS2_PLACEMENT_3D ( 'NONE', #1947, #1132, #783 ) ;
#1023 = VECTOR ( 'NONE', #14, 1000.000000000000000 ) ;
#1024 = CONICAL_SURFACE ( 'NONE', #47, 2.500000000000002220, 1.029744258676650093 ) ;
#1025 =( LENGTH_UNIT ( ) NAMED_UNIT ( * ) SI_UNIT ( .MILLI., .METRE. ) );
#1026 = ORIENTED_EDGE ( 'NONE', *, *, #904, .T. ) ;
#1027 = DIRECTION ( 'NONE',  ( 1.930736107935689902E-16, 0.000000000000000000, 1.000000000000000000 ) ) ;
#1028 = ORIENTED_EDGE ( 'NONE', *, *, #2077, .T. ) ;
#1029 = EDGE_CURVE ( 'NONE', #1601, #661, #1210, .T. ) ;
#1030 = VERTEX_POINT ( 'NONE', #649 ) ;
#1031 = CARTESIAN_POINT ( 'NONE',  ( -10.00000000000000888, 15.00000000000000000, -86.60254037844435970 ) ) ;
#1032 = DIRECTION ( 'NONE',  ( 0.000000000000000000, 0.000000000000000000, 1.000000000000000000 ) ) ;
#1033 = DIRECTION ( 'NONE',  ( -0.000000000000000000, 1.000000000000000000, -0.000000000000000000 ) ) ;
#1034 = ORIENTED_EDGE ( 'NONE', *, *, #15, .T. ) ;
#1035 = FACE_OUTER_BOUND ( 'NONE', #2061, .T. ) ;
#1036 = VERTEX_POINT ( 'NONE', #1154 ) ;
#1037 = ORIENTED_EDGE ( 'NONE', *, *, #697, .F. ) ;
#1038 = VERTEX_POINT ( 'NONE', #1832 ) ;
#1039 = CARTESIAN_POINT ( 'NONE',  ( -205.0000000000001137, 0.000000000000000000, -24.99999999999997868 ) ) ;
#1040 = ADVANCED_FACE ( 'NONE', ( #1352 ), #289, .T. ) ;
#1041 = AXIS2_PLACEMENT_3D ( 'NONE', #786, #969, #1307 ) ;
#1042 = LINE ( 'NONE', #1387, #1562 ) ;
#1043 = DIRECTION ( 'NONE',  ( 0.000000000000000000, 0.000000000000000000, -1.000000000000000000 ) ) ;
#1044 = ADVANCED_FACE ( 'NONE', ( #1342 ), #1676, .F. ) ;
#1045 = EDGE_LOOP ( 'NONE', ( #1490, #29, #563, #732 ) ) ;
#1046 = DIRECTION ( 'NONE',  ( -0.000000000000000000, -0.000000000000000000, 1.000000000000000000 ) ) ;
#1047 = ORIENTED_EDGE ( 'NONE', *, *, #2140, .T. ) ;
#1048 = ORIENTED_EDGE ( 'NONE', *, *, #1944, .F. ) ;
#1049 = ORIENTED_EDGE ( 'NONE', *, *, #1188, .F. ) ;
#1050 = DIRECTION ( 'NONE',  ( 0.000000000000000000, 0.000000000000000000, 1.000000000000000000 ) ) ;
#1051 = ADVANCED_FACE ( 'NONE', ( #2028 ), #1179, .F. ) ;
#1052 = EDGE_CURVE ( 'NONE', #414, #1787, #480, .T. ) ;
#1053 = LINE ( 'NONE', #2226, #1913 ) ;
#1054 = AXIS2_PLACEMENT_3D ( 'NONE', #878, #887, #2078 ) ;
#1055 = DIRECTION ( 'NONE',  ( -0.000000000000000000, 1.000000000000000000, -0.000000000000000000 ) ) ;
#1056 = AXIS2_PLACEMENT_3D ( 'NONE', #717, #2068, #1566 ) ;
#1057 = DIRECTION ( 'NONE',  ( 0.000000000000000000, 1.000000000000000000, 0.000000000000000000 ) ) ;
#1058 = VERTEX_POINT ( 'NONE', #1696 ) ;
#1059 = ORIENTED_EDGE ( 'NONE', *, *, #40, .T. ) ;
#1060 = DIRECTION ( 'NONE',  ( 0.4999999999999976685, 0.000000000000000000, -0.8660254037844400399 ) ) ;
#1061 = CARTESIAN_POINT ( 'NONE',  ( -62.88675134594820548, 15.00000000000000000, -32.49999999999975131 ) ) ;
#1062 = LINE ( 'NONE', #1753, #688 ) ;
#1063 = DIRECTION ( 'NONE',  ( 0.000000000000000000, 0.000000000000000000, 1.000000000000000000 ) ) ;
#1064 = ORIENTED_EDGE ( 'NONE', *, *, #8, .F. ) ;
#1065 = ORIENTED_EDGE ( 'NONE', *, *, #1649, .T. ) ;
#1066 = CARTESIAN_POINT ( 'NONE',  ( -160.0000000000000000, 7.500000000000000000, 6.735557395310310629E-17 ) ) ;
#1067 = CARTESIAN_POINT ( 'NONE',  ( -97.52776749732575468, 15.00000000000000000, -37.49999999999997868 ) ) ;
#1068 = FACE_BOUND ( 'NONE', #2091, .T. ) ;
#1069 = AXIS2_PLACEMENT_3D ( 'NONE', #1727, #648, #1187 ) ;
#1070 = EDGE_CURVE ( 'NONE', #1185, #1200, #164, .T. ) ;
#1071 = CARTESIAN_POINT ( 'NONE',  ( -51.00000000000001421, 7.500000000000000000, -229.9999999999998863 ) ) ;
#1072 = EDGE_CURVE ( 'NONE', #193, #1841, #631, .T. ) ;
#1073 = EDGE_CURVE ( 'NONE', #1728, #144, #1847, .T. ) ;
#1074 = ORIENTED_EDGE ( 'NONE', *, *, #1070, .T. ) ;
#1075 = ORIENTED_EDGE ( 'NONE', *, *, #551, .T. ) ;
#1076 = EDGE_CURVE ( 'NONE', #1841, #1601, #1370, .T. ) ;
#1077 = EDGE_LOOP ( 'NONE', ( #597, #1557, #1734, #594 ) ) ;
#1078 = DIRECTION ( 'NONE',  ( 0.000000000000000000, 0.000000000000000000, 1.000000000000000000 ) ) ;
#1079 = LINE ( 'NONE', #1955, #799 ) ;
#1080 = VECTOR ( 'NONE', #2125, 1000.000000000000000 ) ;
#1081 = DIRECTION ( 'NONE',  ( -1.000000000000000000, -0.000000000000000000, -0.000000000000000000 ) ) ;
#1082 = CIRCLE ( 'NONE', #1589, 12.49999999999978861 ) ;
#1083 = AXIS2_PLACEMENT_3D ( 'NONE', #406, #1757, #1579 ) ;
#1084 = CARTESIAN_POINT ( 'NONE',  ( -170.9668783648703823, 0.000000000000000000, -12.49999999999997335 ) ) ;
#1085 = CIRCLE ( 'NONE', #112, 25.00000000000002132 ) ;
#1086 = LINE ( 'NONE', #372, #2151 ) ;
#1087 = VECTOR ( 'NONE', #1055, 1000.000000000000000 ) ;
#1088 = AXIS2_PLACEMENT_3D ( 'NONE', #1481, #1143, #616 ) ;
#1089 = ORIENTED_EDGE ( 'NONE', *, *, #1290, .T. ) ;
#1090 = ORIENTED_EDGE ( 'NONE', *, *, #518, .F. ) ;
#1091 = ORIENTED_EDGE ( 'NONE', *, *, #671, .T. ) ;
#1092 = CIRCLE ( 'NONE', #903, 12.49999999999978861 ) ;
#1093 = CARTESIAN_POINT ( 'NONE',  ( -62.88675134594820548, 0.000000000000000000, -32.49999999999975131 ) ) ;
#1094 = DIRECTION ( 'NONE',  ( -0.000000000000000000, -0.000000000000000000, 1.000000000000000000 ) ) ;
#1095 = DIRECTION ( 'NONE',  ( -1.000000000000000000, -0.000000000000000000, -0.000000000000000000 ) ) ;
#1096 = FACE_OUTER_BOUND ( 'NONE', #997, .T. ) ;
#1097 = CARTESIAN_POINT ( 'NONE',  ( -20.50215154756891067, 7.499999999999986677, -219.9999999999998579 ) ) ;
#1098 = LINE ( 'NONE', #750, #366 ) ;
#1099 = EDGE_CURVE ( 'NONE', #1436, #663, #1172, .T. ) ;
#1100 = AXIS2_PLACEMENT_3D ( 'NONE', #2191, #1356, #2178 ) ;
#1101 = ORIENTED_EDGE ( 'NONE', *, *, #1673, .F. ) ;
#1102 = ORIENTED_EDGE ( 'NONE', *, *, #1779, .F. ) ;
#1103 = CARTESIAN_POINT ( 'NONE',  ( -60.00000000000001421, 7.500000000000000000, -232.4999999999999147 ) ) ;
#1104 = DIRECTION ( 'NONE',  ( -0.000000000000000000, -0.000000000000000000, 1.000000000000000000 ) ) ;
#1105 = EDGE_CURVE ( 'NONE', #416, #1287, #1092, .T. ) ;
#1106 = DIRECTION ( 'NONE',  ( 0.000000000000000000, 0.000000000000000000, 1.000000000000000000 ) ) ;
#1107 = CARTESIAN_POINT ( 'NONE',  ( -60.00000000000000000, 15.00000000000000000, 7.347880794884127822E-15 ) ) ;
#1108 = PRODUCT_DEFINITION_CONTEXT ( 'detailed design', #1741, 'design' ) ;
#1109 = CARTESIAN_POINT ( 'NONE',  ( -97.52776749732575468, 0.000000000000000000, -37.49999999999997868 ) ) ;
#1110 = CIRCLE ( 'NONE', #243, 2.500000000000002220 ) ;
#1111 = ORIENTED_EDGE ( 'NONE', *, *, #2140, .F. ) ;
#1112 = ORIENTED_EDGE ( 'NONE', *, *, #351, .T. ) ;
#1113 = CARTESIAN_POINT ( 'NONE',  ( -60.00000000000001421, 7.500000000000000000, -292.4999999999999432 ) ) ;
#1114 = VERTEX_POINT ( 'NONE', #98 ) ;
#1115 = CARTESIAN_POINT ( 'NONE',  ( -60.00000000000001421, 7.500000000000000000, -259.9999999999998863 ) ) ;
#1116 = DIRECTION ( 'NONE',  ( -0.000000000000000000, 1.000000000000000000, -0.000000000000000000 ) ) ;
#1117 = CYLINDRICAL_SURFACE ( 'NONE', #129, 2.500000000000002220 ) ;
#1118 = DIRECTION ( 'NONE',  ( 0.000000000000000000, 0.000000000000000000, 1.000000000000000000 ) ) ;
#1119 = AXIS2_PLACEMENT_3D ( 'NONE', #600, #1094, #576 ) ;
#1120 = AXIS2_PLACEMENT_3D ( 'NONE', #211, #713, #575 ) ;
#1121 = CARTESIAN_POINT ( 'NONE',  ( -45.35276180410065194, 15.00000000000000000, -75.36976074586128505 ) ) ;
#1122 = AXIS2_PLACEMENT_3D ( 'NONE', #625, #791, #1810 ) ;
#1123 = ORIENTED_EDGE ( 'NONE', *, *, #569, .F. ) ;
#1124 = ORIENTED_EDGE ( 'NONE', *, *, #370, .T. ) ;
#1125 = CARTESIAN_POINT ( 'NONE',  ( -10.00000000000000533, 7.499999999999989342, -219.9999999999998579 ) ) ;
#1126 = EDGE_LOOP ( 'NONE', ( #1937, #1952, #1215, #1829 ) ) ;
#1127 = DIRECTION ( 'NONE',  ( -0.000000000000000000, 0.000000000000000000, -1.000000000000000000 ) ) ;
#1128 = DIRECTION ( 'NONE',  ( -0.000000000000000000, 1.000000000000000000, -0.000000000000000000 ) ) ;
#1129 = CIRCLE ( 'NONE', #1389, 12.50000000000021316 ) ;
#1130 = CONICAL_SURFACE ( 'NONE', #336, 2.500000000000002220, 1.029744258676655200 ) ;
#1131 = FACE_BOUND ( 'NONE', #2179, .T. ) ;
#1132 = DIRECTION ( 'NONE',  ( -1.000000000000000000, -0.000000000000000000, -0.000000000000000000 ) ) ;
#1133 = PLANE ( 'NONE',  #400 ) ;
#1134 = DIRECTION ( 'NONE',  ( -0.5000000000000006661, -0.000000000000000000, 0.8660254037844382635 ) ) ;
#1135 = ADVANCED_FACE ( 'NONE', ( #1665 ), #2180, .F. ) ;
#1136 = ORIENTED_EDGE ( 'NONE', *, *, #676, .F. ) ;
#1137 = VERTEX_POINT ( 'NONE', #1193 ) ;
#1138 = DIRECTION ( 'NONE',  ( -0.000000000000000000, 1.000000000000000000, -0.000000000000000000 ) ) ;
#1139 = LINE ( 'NONE', #84, #760 ) ;
#1140 = EDGE_LOOP ( 'NONE', ( #1339, #348 ) ) ;
#1141 = CARTESIAN_POINT ( 'NONE',  ( -51.00000000000001421, 7.500000000000000000, -232.4999999999998863 ) ) ;
#1142 = DIRECTION ( 'NONE',  ( -0.000000000000000000, -0.000000000000000000, 1.000000000000000000 ) ) ;
#1143 = DIRECTION ( 'NONE',  ( 1.000000000000000000, -0.000000000000000000, 0.000000000000000000 ) ) ;
#1144 = ORIENTED_EDGE ( 'NONE', *, *, #808, .F. ) ;
#1145 = DIRECTION ( 'NONE',  ( -0.8571673007021125557, 1.049727191138618942E-16, 0.5150380749100536004 ) ) ;
#1146 = CARTESIAN_POINT ( 'NONE',  ( -35.00000000000021316, 0.000000000000000000, -217.9006350946109478 ) ) ;
#1147 = CARTESIAN_POINT ( 'NONE',  ( -97.52776749732575468, 0.000000000000000000, -37.49999999999997868 ) ) ;
#1148 = ADVANCED_FACE ( 'NONE', ( #826 ), #1024, .F. ) ;
#1149 = ADVANCED_FACE ( 'NONE', ( #1860 ), #1501, .F. ) ;
#1150 = ADVANCED_FACE ( 'NONE', ( #1998 ), #1679, .F. ) ;
#1151 = VERTEX_POINT ( 'NONE', #1522 ) ;
#1152 = EDGE_LOOP ( 'NONE', ( #60, #467, #37 ) ) ;
#1153 = LINE ( 'NONE', #91, #1528 ) ;
#1154 = CARTESIAN_POINT ( 'NONE',  ( -170.9668783648703823, 0.000000000000000000, -12.49999999999996980 ) ) ;
#1155 = EDGE_LOOP ( 'NONE', ( #1171, #547, #1372, #7 ) ) ;
#1156 = CARTESIAN_POINT ( 'NONE',  ( -97.52776749732575468, 15.00000000000000000, -24.99999999999997513 ) ) ;
#1157 = EDGE_CURVE ( 'NONE', #316, #180, #1598, .T. ) ;
#1158 = CARTESIAN_POINT ( 'NONE',  ( -47.50000000000001421, 15.00000000000000000, -192.9006350946109762 ) ) ;
#1159 = VERTEX_POINT ( 'NONE', #1183 ) ;
#1160 = EDGE_CURVE ( 'NONE', #487, #1164, #284, .T. ) ;
#1161 = DIRECTION ( 'NONE',  ( 1.000000000000000000, 0.000000000000000000, 0.000000000000000000 ) ) ;
#1162 = FILL_AREA_STYLE ('',( #677 ) ) ;
#1163 = ORIENTED_EDGE ( 'NONE', *, *, #881, .T. ) ;
#1164 = VERTEX_POINT ( 'NONE', #995 ) ;
#1165 = DIRECTION ( 'NONE',  ( -0.000000000000000000, -0.000000000000000000, 1.000000000000000000 ) ) ;
#1166 = AXIS2_PLACEMENT_3D ( 'NONE', #926, #733, #417 ) ;
#1167 = PLANE ( 'NONE',  #716 ) ;
#1168 = VECTOR ( 'NONE', #1538, 1000.000000000000000 ) ;
#1169 = DIRECTION ( 'NONE',  ( -1.000000000000000000, -0.000000000000000000, -0.000000000000000000 ) ) ;
#1170 = LINE ( 'NONE', #281, #2142 ) ;
#1171 = ORIENTED_EDGE ( 'NONE', *, *, #633, .F. ) ;
#1172 = CIRCLE ( 'NONE', #225, 2.500000000000002220 ) ;
#1173 = CARTESIAN_POINT ( 'NONE',  ( -22.50000000000041211, 0.000000000000000000, -192.9006350946109762 ) ) ;
#1174 = DIRECTION ( 'NONE',  ( -1.000000000000000000, -0.000000000000000000, -0.000000000000000000 ) ) ;
#1175 = VERTEX_POINT ( 'NONE', #1360 ) ;
#1176 = VERTEX_POINT ( 'NONE', #837 ) ;
#1177 = CARTESIAN_POINT ( 'NONE',  ( -51.00000000000001421, 7.500000000000000000, -292.4999999999999432 ) ) ;
#1178 = ADVANCED_FACE ( 'NONE', ( #1653 ), #2034, .F. ) ;
#1179 = CYLINDRICAL_SURFACE ( 'NONE', #438, 12.50000000000000000 ) ;
#1180 = CYLINDRICAL_SURFACE ( 'NONE', #2159, 2.500000000000002220 ) ;
#1181 = ORIENTED_EDGE ( 'NONE', *, *, #706, .F. ) ;
#1182 = EDGE_CURVE ( 'NONE', #1030, #2176, #297, .T. ) ;
#1183 = CARTESIAN_POINT ( 'NONE',  ( -49.49784845243110709, 7.499999999999997335, -289.9999999999999432 ) ) ;
#1184 = CARTESIAN_POINT ( 'NONE',  ( -133.4668783648703254, 15.00000000000000000, -12.49999999999996980 ) ) ;
#1185 = VERTEX_POINT ( 'NONE', #317 ) ;
#1186 = ORIENTED_EDGE ( 'NONE', *, *, #1892, .T. ) ;
#1187 = DIRECTION ( 'NONE',  ( 0.4999999999999995559, 0.000000000000000000, -0.8660254037844389297 ) ) ;
#1188 = EDGE_CURVE ( 'NONE', #1159, #1536, #496, .T. ) ;
#1189 = VERTEX_POINT ( 'NONE', #1146 ) ;
#1190 = LINE ( 'NONE', #2053, #108 ) ;
#1191 = ORIENTED_EDGE ( 'NONE', *, *, #8, .T. ) ;
#1192 = CIRCLE ( 'NONE', #207, 12.49999999999978861 ) ;
#1193 = CARTESIAN_POINT ( 'NONE',  ( -60.00000000000001421, 15.00000000000000000, -329.9999999999999432 ) ) ;
#1194 = FACE_OUTER_BOUND ( 'NONE', #1223, .T. ) ;
#1195 = EDGE_CURVE ( 'NONE', #1841, #1428, #401, .T. ) ;
#1196 = VERTEX_POINT ( 'NONE', #2233 ) ;
#1197 = ORIENTED_EDGE ( 'NONE', *, *, #2163, .T. ) ;
#1198 = CARTESIAN_POINT ( 'NONE',  ( -47.50000000000001421, 0.000000000000000000, -230.4006350946107204 ) ) ;
#1199 = CIRCLE ( 'NONE', #1119, 2.500000000000002220 ) ;
#1200 = VERTEX_POINT ( 'NONE', #13 ) ;
#1201 = CIRCLE ( 'NONE', #788, 12.50000000000000178 ) ;
#1202 = CIRCLE ( 'NONE', #1942, 2.500000000000002220 ) ;
#1203 = ORIENTED_EDGE ( 'NONE', *, *, #1225, .F. ) ;
#1204 = CYLINDRICAL_SURFACE ( 'NONE', #2058, 2.500000000000002220 ) ;
#1205 = DIRECTION ( 'NONE',  ( 1.000000000000000000, -0.000000000000000000, 7.127122356470057216E-18 ) ) ;
#1206 = VECTOR ( 'NONE', #2006, 1000.000000000000114 ) ;
#1207 = AXIS2_PLACEMENT_3D ( 'NONE', #729, #353, #186 ) ;
#1208 = VECTOR ( 'NONE', #1318, 1000.000000000000227 ) ;
#1209 = PRODUCT_DEFINITION_FORMATION_WITH_SPECIFIED_SOURCE ( 'ANY', '', #986, .NOT_KNOWN. ) ;
#1210 = CIRCLE ( 'NONE', #2031, 12.49999999999978861 ) ;
#1211 = ORIENTED_EDGE ( 'NONE', *, *, #1744, .T. ) ;
#1212 = PLANE ( 'NONE',  #354 ) ;
#1213 = ADVANCED_FACE ( 'NONE', ( #197 ), #1907, .F. ) ;
#1214 = ORIENTED_EDGE ( 'NONE', *, *, #1378, .F. ) ;
#1215 = ORIENTED_EDGE ( 'NONE', *, *, #1550, .F. ) ;
#1216 = FACE_OUTER_BOUND ( 'NONE', #2051, .T. ) ;
#1217 = EDGE_CURVE ( 'NONE', #669, #450, #1916, .T. ) ;
#1218 = CARTESIAN_POINT ( 'NONE',  ( -47.50000000000000000, 15.00000000000000000, -114.0067937974241090 ) ) ;
#1219 = AXIS2_PLACEMENT_3D ( 'NONE', #566, #944, #398 ) ;
#1220 = CARTESIAN_POINT ( 'NONE',  ( -10.00000000000000533, 7.499999999999989342, -219.9999999999998579 ) ) ;
#1221 = ORIENTED_EDGE ( 'NONE', *, *, #1488, .F. ) ;
#1222 = CARTESIAN_POINT ( 'NONE',  ( -52.06143379864255394, 15.00000000000000000, -38.74999999999986500 ) ) ;
#1223 = EDGE_LOOP ( 'NONE', ( #925, #131, #1520, #1091 ) ) ;
#1224 = PRODUCT_DEFINITION ( 'UNKNOWN', '', #1209, #1108 ) ;
#1225 = EDGE_CURVE ( 'NONE', #1397, #900, #2129, .T. ) ;
#1226 = EDGE_LOOP ( 'NONE', ( #890, #1445, #121 ) ) ;
#1227 = EDGE_LOOP ( 'NONE', ( #2029, #219, #958 ) ) ;
#1228 = CARTESIAN_POINT ( 'NONE',  ( -10.00000000000000711, 7.499999999999983125, -177.4999999999998863 ) ) ;
#1229 = AXIS2_PLACEMENT_3D ( 'NONE', #1071, #1747, #2088 ) ;
#1230 = EDGE_CURVE ( 'NONE', #2220, #669, #176, .T. ) ;
#1231 = DIRECTION ( 'NONE',  ( -0.000000000000000000, -0.000000000000000000, -1.000000000000000000 ) ) ;
#1232 = CARTESIAN_POINT ( 'NONE',  ( -133.4668783648703254, 0.000000000000000000, -37.49999999999997868 ) ) ;
#1233 = LINE ( 'NONE', #1910, #463 ) ;
#1234 = ORIENTED_EDGE ( 'NONE', *, *, #802, .F. ) ;
#1235 = VERTEX_POINT ( 'NONE', #867 ) ;
#1236 = LINE ( 'NONE', #1375, #1486 ) ;
#1237 = VECTOR ( 'NONE', #1245, 999.9999999999998863 ) ;
#1238 = CARTESIAN_POINT ( 'NONE',  ( -60.00000000000001421, 7.500000000000000000, -289.9999999999999432 ) ) ;
#1239 = AXIS2_PLACEMENT_3D ( 'NONE', #123, #950, #458 ) ;
#1240 = PLANE ( 'NONE',  #546 ) ;
#1241 = AXIS2_PLACEMENT_3D ( 'NONE', #1403, #1574, #2097 ) ;
#1242 = DIRECTION ( 'NONE',  ( 1.000000000000000000, -0.000000000000000000, 7.127122356470057216E-18 ) ) ;
#1243 = ORIENTED_EDGE ( 'NONE', *, *, #1748, .F. ) ;
#1244 = ORIENTED_EDGE ( 'NONE', *, *, #2181, .F. ) ;
#1245 = DIRECTION ( 'NONE',  ( 0.5150380749100580413, 0.000000000000000000, -0.8571673007021101132 ) ) ;
#1246 = LINE ( 'NONE', #420, #2075 ) ;
#1247 = EDGE_CURVE ( 'NONE', #1189, #416, #1564, .T. ) ;
#1248 = CARTESIAN_POINT ( 'NONE',  ( -117.5000000000000000, 7.500000000000000000, -9.000000000000001776 ) ) ;
#1249 = ADVANCED_FACE ( 'NONE', ( #352 ), #1896, .F. ) ;
#1250 = DIRECTION ( 'NONE',  ( -1.000000000000000000, -0.000000000000000000, -0.000000000000000000 ) ) ;
#1251 = ADVANCED_FACE ( 'NONE', ( #1410 ), #532, .F. ) ;
#1252 = EDGE_LOOP ( 'NONE', ( #250, #1730, #2013 ) ) ;
#1253 = ORIENTED_EDGE ( 'NONE', *, *, #1483, .T. ) ;
#1254 = CARTESIAN_POINT ( 'NONE',  ( -88.86751345948140113, 15.00000000000000000, -49.99999999999997158 ) ) ;
#1255 = DIRECTION ( 'NONE',  ( -0.000000000000000000, -1.000000000000000000, -0.000000000000000000 ) ) ;
#1256 = DIRECTION ( 'NONE',  ( 0.000000000000000000, 0.000000000000000000, 1.000000000000000000 ) ) ;
#1257 = DIRECTION ( 'NONE',  ( 0.000000000000000000, 0.000000000000000000, 1.000000000000000000 ) ) ;
#1258 = DIRECTION ( 'NONE',  ( -0.000000000000000000, 1.000000000000000000, -0.000000000000000000 ) ) ;
#1259 = VERTEX_POINT ( 'NONE', #1218 ) ;
#1260 = EDGE_LOOP ( 'NONE', ( #342, #1560, #936, #446 ) ) ;
#1261 = ORIENTED_EDGE ( 'NONE', *, *, #2188, .F. ) ;
#1262 = DIRECTION ( 'NONE',  ( 0.000000000000000000, 0.000000000000000000, 1.000000000000000000 ) ) ;
#1263 = CARTESIAN_POINT ( 'NONE',  ( -79.99999999999998579, 7.500000000000000000, -9.000000000000001776 ) ) ;
#1264 = DIRECTION ( 'NONE',  ( 1.000000000000000000, 0.000000000000000000, -0.000000000000000000 ) ) ;
#1265 = DIRECTION ( 'NONE',  ( -0.000000000000000000, -0.000000000000000000, 1.000000000000000000 ) ) ;
#1266 = VECTOR ( 'NONE', #1302, 1000.000000000000000 ) ;
#1267 = AXIS2_PLACEMENT_3D ( 'NONE', #1548, #2076, #1015 ) ;
#1268 = PRODUCT_CONTEXT ( 'NONE', #1671, 'mechanical' ) ;
#1269 = EDGE_CURVE ( 'NONE', #166, #1601, #1042, .T. ) ;
#1270 = AXIS2_PLACEMENT_3D ( 'NONE', #1672, #1165, #1491 ) ;
#1271 = CARTESIAN_POINT ( 'NONE',  ( -170.9668783648703823, 0.000000000000000000, -24.99999999999998224 ) ) ;
#1272 = VECTOR ( 'NONE', #1759, 1000.000000000000000 ) ;
#1273 = EDGE_CURVE ( 'NONE', #1939, #817, #168, .T. ) ;
#1274 = ORIENTED_EDGE ( 'NONE', *, *, #1416, .F. ) ;
#1275 = ORIENTED_EDGE ( 'NONE', *, *, #40, .F. ) ;
#1276 = AXIS2_PLACEMENT_3D ( 'NONE', #1582, #696, #1572 ) ;
#1277 = DIRECTION ( 'NONE',  ( 0.000000000000000000, 0.000000000000000000, 1.000000000000000000 ) ) ;
#1278 = CARTESIAN_POINT ( 'NONE',  ( -170.9668783648703823, 0.000000000000000000, -24.99999999999998224 ) ) ;
#1279 = LINE ( 'NONE', #1800, #1856 ) ;
#1280 = FACE_OUTER_BOUND ( 'NONE', #806, .T. ) ;
#1281 = EDGE_CURVE ( 'NONE', #180, #394, #1053, .T. ) ;
#1282 = CARTESIAN_POINT ( 'NONE',  ( -47.50000000000000000, 0.000000000000000000, -114.0067937974241090 ) ) ;
#1283 = DIRECTION ( 'NONE',  ( 0.000000000000000000, 0.000000000000000000, 1.000000000000000000 ) ) ;
#1284 = VECTOR ( 'NONE', #894, 1000.000000000000000 ) ;
#1285 = VERTEX_POINT ( 'NONE', #1061 ) ;
#1286 = CARTESIAN_POINT ( 'NONE',  ( -49.49784845243110709, 7.499999999999997335, -319.9999999999999432 ) ) ;
#1287 = VERTEX_POINT ( 'NONE', #1752 ) ;
#1288 = EDGE_CURVE ( 'NONE', #1137, #1869, #550, .T. ) ;
#1289 = LINE ( 'NONE', #1254, #832 ) ;
#1290 = EDGE_CURVE ( 'NONE', #1297, #305, #1019, .T. ) ;
#1291 = CARTESIAN_POINT ( 'NONE',  ( -19.00000000000000355, 7.499999999999983125, -174.9999999999998863 ) ) ;
#1292 = PLANE ( 'NONE',  #308 ) ;
#1293 = DIRECTION ( 'NONE',  ( -0.000000000000000000, -1.000000000000000000, -0.000000000000000000 ) ) ;
#1294 = AXIS2_PLACEMENT_3D ( 'NONE', #1355, #991, #1686 ) ;
#1295 = CARTESIAN_POINT ( 'NONE',  ( -60.00000000000001421, 15.00000000000000000, -100.0000000000004547 ) ) ;
#1296 = CIRCLE ( 'NONE', #1473, 2.500000000000002220 ) ;
#1297 = VERTEX_POINT ( 'NONE', #849 ) ;
#1298 = CARTESIAN_POINT ( 'NONE',  ( -122.5000000000000000, 7.500000000000000000, 0.000000000000000000 ) ) ;
#1299 = EDGE_LOOP ( 'NONE', ( #1123, #500, #1854 ) ) ;
#1300 = CARTESIAN_POINT ( 'NONE',  ( -60.00000000000001421, 7.500000000000000000, -289.9999999999999432 ) ) ;
#1301 = CARTESIAN_POINT ( 'NONE',  ( -34.52744425679500750, 0.000000000000000000, -69.11976074586118557 ) ) ;
#1302 = DIRECTION ( 'NONE',  ( -1.000000000000000000, 0.000000000000000000, 1.110223024625156540E-15 ) ) ;
#1303 = DIRECTION ( 'NONE',  ( 0.000000000000000000, 0.000000000000000000, -1.000000000000000000 ) ) ;
#1304 = VECTOR ( 'NONE', #85, 1000.000000000000000 ) ;
#1305 = LINE ( 'NONE', #921, #1713 ) ;
#1306 = VECTOR ( 'NONE', #1778, 1000.000000000000000 ) ;
#1307 = DIRECTION ( 'NONE',  ( 1.000000000000000000, 0.000000000000000000, 0.000000000000000000 ) ) ;
#1308 = ORIENTED_EDGE ( 'NONE', *, *, #1281, .F. ) ;
#1309 = ORIENTED_EDGE ( 'NONE', *, *, #1072, .F. ) ;
#1310 = LINE ( 'NONE', #973, #1419 ) ;
#1311 = CIRCLE ( 'NONE', #1966, 12.50000000000000000 ) ;
#1312 = AXIS2_PLACEMENT_3D ( 'NONE', #644, #1348, #657 ) ;
#1313 = AXIS2_PLACEMENT_3D ( 'NONE', #1970, #1614, #1303 ) ;
#1314 = DIRECTION ( 'NONE',  ( -0.000000000000000000, 1.000000000000000000, -0.000000000000000000 ) ) ;
#1315 = CARTESIAN_POINT ( 'NONE',  ( -35.00000000000021316, 0.000000000000000000, -230.4006350946107204 ) ) ;
#1316 = AXIS2_PLACEMENT_3D ( 'NONE', #1827, #983, #307 ) ;
#1317 = CARTESIAN_POINT ( 'NONE',  ( -10.00000000000000711, 15.00000000000000000, -330.0000000000000000 ) ) ;
#1318 = DIRECTION ( 'NONE',  ( -0.4999999999999977796, -0.000000000000000000, 0.8660254037844399289 ) ) ;
#1319 = CARTESIAN_POINT ( 'NONE',  ( -22.50000000000041211, 0.000000000000000000, -230.4006350946107204 ) ) ;
#1320 = CARTESIAN_POINT ( 'NONE',  ( -73.71206889325388545, 0.000000000000000000, -51.25000000000007105 ) ) ;
#1321 = EDGE_CURVE ( 'NONE', #490, #495, #1085, .T. ) ;
#1322 = EDGE_CURVE ( 'NONE', #1503, #490, #185, .T. ) ;
#1323 = EDGE_CURVE ( 'NONE', #1200, #1185, #1385, .T. ) ;
#1324 = DIRECTION ( 'NONE',  ( 1.000000000000000000, 0.000000000000000000, 0.000000000000000000 ) ) ;
#1325 = EDGE_CURVE ( 'NONE', #1808, #416, #74, .T. ) ;
#1326 = EDGE_LOOP ( 'NONE', ( #1261, #181, #2033 ) ) ;
#1327 = VERTEX_POINT ( 'NONE', #1724 ) ;
#1328 = DIRECTION ( 'NONE',  ( 0.000000000000000000, 1.000000000000000000, 0.000000000000000000 ) ) ;
#1329 = EDGE_CURVE ( 'NONE', #2069, #2014, #611, .T. ) ;
#1330 = CARTESIAN_POINT ( 'NONE',  ( -97.52776749732575468, 0.000000000000000000, -12.49999999999997335 ) ) ;
#1331 = ORIENTED_EDGE ( 'NONE', *, *, #1642, .T. ) ;
#1332 = LINE ( 'NONE', #627, #1492 ) ;
#1333 = LINE ( 'NONE', #834, #506 ) ;
#1334 = ORIENTED_EDGE ( 'NONE', *, *, #221, .T. ) ;
#1335 = DIRECTION ( 'NONE',  ( -0.000000000000000000, 1.000000000000000000, -0.000000000000000000 ) ) ;
#1336 = AXIS2_PLACEMENT_3D ( 'NONE', #1946, #1440, #918 ) ;
#1337 = DIRECTION ( 'NONE',  ( 1.000000000000000000, 0.000000000000000000, 0.000000000000000000 ) ) ;
#1338 = EDGE_LOOP ( 'NONE', ( #1513, #1034, #536, #1544 ) ) ;
#1339 = ORIENTED_EDGE ( 'NONE', *, *, #165, .F. ) ;
#1340 = FACE_OUTER_BOUND ( 'NONE', #1699, .T. ) ;
#1341 = CIRCLE ( 'NONE', #28, 12.50000000000021316 ) ;
#1342 = FACE_OUTER_BOUND ( 'NONE', #1226, .T. ) ;
#1343 = DIRECTION ( 'NONE',  ( 1.000000000000000000, -0.000000000000000000, 7.127122356470057216E-18 ) ) ;
#1344 = PRODUCT_DEFINITION_SHAPE ( 'NONE', 'NONE',  #1224 ) ;
#1345 = CARTESIAN_POINT ( 'NONE',  ( -51.00000000000001421, 7.500000000000000000, -229.9999999999998863 ) ) ;
#1346 = ORIENTED_EDGE ( 'NONE', *, *, #1898, .F. ) ;
#1347 = DIRECTION ( 'NONE',  ( -0.8660254037844400399, 0.000000000000000000, -0.4999999999999977240 ) ) ;
#1348 = DIRECTION ( 'NONE',  ( -0.000000000000000000, -0.000000000000000000, 1.000000000000000000 ) ) ;
#1349 = ORIENTED_EDGE ( 'NONE', *, *, #306, .F. ) ;
#1350 = ORIENTED_EDGE ( 'NONE', *, *, #306, .T. ) ;
#1351 = DIRECTION ( 'NONE',  ( 1.000000000000000000, 0.000000000000000000, 1.019432477910687129E-16 ) ) ;
#1352 = FACE_OUTER_BOUND ( 'NONE', #2154, .T. ) ;
#1353 = AXIS2_PLACEMENT_3D ( 'NONE', #857, #340, #1032 ) ;
#1354 = ADVANCED_FACE ( 'NONE', ( #2145 ), #102, .F. ) ;
#1355 = CARTESIAN_POINT ( 'NONE',  ( -120.0000000000000000, 7.500000000000000000, 6.735557395310310629E-17 ) ) ;
#1356 = DIRECTION ( 'NONE',  ( 0.000000000000000000, 1.000000000000000000, 0.000000000000000000 ) ) ;
#1357 = ORIENTED_EDGE ( 'NONE', *, *, #1552, .T. ) ;
#1358 = CIRCLE ( 'NONE', #2208, 2.500000000000002220 ) ;
#1359 = AXIS2_PLACEMENT_3D ( 'NONE', #1685, #2147, #134 ) ;
#1360 = CARTESIAN_POINT ( 'NONE',  ( -122.5000000000000000, 7.500000000000000000, 6.735557395310310629E-17 ) ) ;
#1361 = EDGE_CURVE ( 'NONE', #450, #1114, #1628, .T. ) ;
#1362 = CARTESIAN_POINT ( 'NONE',  ( -51.00000000000001421, 7.500000000000000000, -289.9999999999999432 ) ) ;
#1363 = EDGE_LOOP ( 'NONE', ( #143, #1656, #1718, #1693 ) ) ;
#1364 = ORIENTED_EDGE ( 'NONE', *, *, #373, .T. ) ;
#1365 = CARTESIAN_POINT ( 'NONE',  ( -120.0000000000000000, 7.500000000000000000, -9.000000000000001776 ) ) ;
#1366 = ORIENTED_EDGE ( 'NONE', *, *, #820, .T. ) ;
#1367 = DIRECTION ( 'NONE',  ( 0.000000000000000000, 0.000000000000000000, -1.000000000000000000 ) ) ;
#1368 = EDGE_LOOP ( 'NONE', ( #1712, #374, #1112 ) ) ;
#1369 = ADVANCED_FACE ( 'NONE', ( #2187 ), #989, .F. ) ;
#1370 = LINE ( 'NONE', #1173, #1989 ) ;
#1371 = VERTEX_POINT ( 'NONE', #1992 ) ;
#1372 = ORIENTED_EDGE ( 'NONE', *, *, #1052, .F. ) ;
#1373 = CARTESIAN_POINT ( 'NONE',  ( -79.99999999999998579, 7.500000000000000000, -9.000000000000001776 ) ) ;
#1374 = ORIENTED_EDGE ( 'NONE', *, *, #1838, .F. ) ;
#1375 = CARTESIAN_POINT ( 'NONE',  ( -47.50000000000001421, 0.000000000000000000, -230.4006350946107204 ) ) ;
#1376 = VECTOR ( 'NONE', #2026, 1000.000000000000000 ) ;
#1377 = CARTESIAN_POINT ( 'NONE',  ( -10.00000000000000711, 15.00000000000000000, -304.9999999999999432 ) ) ;
#1378 = EDGE_CURVE ( 'NONE', #1436, #1175, #469, .T. ) ;
#1379 = SURFACE_SIDE_STYLE ('',( #296 ) ) ;
#1380 = ORIENTED_EDGE ( 'NONE', *, *, #465, .F. ) ;
#1381 = CYLINDRICAL_SURFACE ( 'NONE', #1865, 12.50000000000000178 ) ;
#1382 = ORIENTED_EDGE ( 'NONE', *, *, #697, .T. ) ;
#1383 = AXIS2_PLACEMENT_3D ( 'NONE', #1722, #1895, #349 ) ;
#1384 = ORIENTED_EDGE ( 'NONE', *, *, #1195, .T. ) ;
#1385 = CIRCLE ( 'NONE', #686, 2.499999999999974243 ) ;
#1386 = DIRECTION ( 'NONE',  ( -7.127122356470057216E-18, 0.000000000000000000, 1.000000000000000000 ) ) ;
#1387 = CARTESIAN_POINT ( 'NONE',  ( -22.50000000000041211, 15.00000000000000000, -192.9006350946109762 ) ) ;
#1388 = COLOUR_RGB ( '',0.7529411764705882248, 0.7529411764705882248, 0.7529411764705882248 ) ;
#1389 = AXIS2_PLACEMENT_3D ( 'NONE', #581, #1982, #1664 ) ;
#1390 = VECTOR ( 'NONE', #621, 999.9999999999998863 ) ;
#1391 =( NAMED_UNIT ( * ) PLANE_ANGLE_UNIT ( ) SI_UNIT ( $, .RADIAN. ) );
#1392 = EDGE_CURVE ( 'NONE', #173, #1678, #544, .T. ) ;
#1393 = EDGE_CURVE ( 'NONE', #2037, #2005, #2207, .T. ) ;
#1394 = ORIENTED_EDGE ( 'NONE', *, *, #521, .T. ) ;
#1395 = CARTESIAN_POINT ( 'NONE',  ( -200.0000000000000000, 7.500000000000000000, -9.000000000000001776 ) ) ;
#1396 = ORIENTED_EDGE ( 'NONE', *, *, #1691, .T. ) ;
#1397 = VERTEX_POINT ( 'NONE', #1113 ) ;
#1398 = ADVANCED_FACE ( 'NONE', ( #1340 ), #2155, .F. ) ;
#1399 = VERTEX_POINT ( 'NONE', #1286 ) ;
#1400 = CYLINDRICAL_SURFACE ( 'NONE', #1267, 2.500000000000002220 ) ;
#1401 = CARTESIAN_POINT ( 'NONE',  ( -19.00000000000000355, 7.499999999999989342, -217.4999999999998579 ) ) ;
#1402 = VECTOR ( 'NONE', #1969, 1000.000000000000114 ) ;
#1403 = CARTESIAN_POINT ( 'NONE',  ( -35.00000000000022737, 0.000000000000000000, -305.0000000000001705 ) ) ;
#1404 = ORIENTED_EDGE ( 'NONE', *, *, #247, .T. ) ;
#1405 = CARTESIAN_POINT ( 'NONE',  ( -230.0000000000000000, 15.00000000000000000, 2.816687638038912194E-14 ) ) ;
#1406 = VERTEX_POINT ( 'NONE', #1682 ) ;
#1407 = ORIENTED_EDGE ( 'NONE', *, *, #868, .T. ) ;
#1408 = DIRECTION ( 'NONE',  ( 0.000000000000000000, 0.000000000000000000, -1.000000000000000000 ) ) ;
#1409 = VECTOR ( 'NONE', #1046, 1000.000000000000000 ) ;
#1410 = FACE_OUTER_BOUND ( 'NONE', #795, .T. ) ;
#1411 = DIRECTION ( 'NONE',  ( -1.000000000000000000, -0.000000000000000000, -0.000000000000000000 ) ) ;
#1412 = DIRECTION ( 'NONE',  ( 1.000000000000000000, -0.000000000000000000, 0.000000000000000000 ) ) ;
#1413 = ORIENTED_EDGE ( 'NONE', *, *, #1017, .T. ) ;
#1414 = ORIENTED_EDGE ( 'NONE', *, *, #1512, .T. ) ;
#1415 = CARTESIAN_POINT ( 'NONE',  ( -35.00000000000021316, 0.000000000000000000, -230.4006350946107204 ) ) ;
#1416 = EDGE_CURVE ( 'NONE', #173, #846, #2003, .T. ) ;
#1417 = DIRECTION ( 'NONE',  ( 1.000000000000000000, -0.000000000000000000, 7.127122356470057216E-18 ) ) ;
#1418 = EDGE_CURVE ( 'NONE', #1196, #1808, #1456, .T. ) ;
#1419 = VECTOR ( 'NONE', #1138, 1000.000000000000000 ) ;
#1420 = CARTESIAN_POINT ( 'NONE',  ( -51.00000000000001421, 7.500000000000000000, -259.9999999999998863 ) ) ;
#1421 = CIRCLE ( 'NONE', #1020, 2.500000000000002220 ) ;
#1422 = AXIS2_PLACEMENT_3D ( 'NONE', #156, #1174, #858 ) ;
#1423 = VECTOR ( 'NONE', #1471, 1000.000000000000000 ) ;
#1424 = ADVANCED_FACE ( 'NONE', ( #1796 ), #596, .F. ) ;
#1425 = AXIS2_PLACEMENT_3D ( 'NONE', #226, #869, #1257 ) ;
#1426 = AXIS2_PLACEMENT_3D ( 'NONE', #804, #1347, #295 ) ;
#1427 = CARTESIAN_POINT ( 'NONE',  ( -230.0000000000000000, 15.00000000000000000, 2.816687638038912194E-14 ) ) ;
#1428 = VERTEX_POINT ( 'NONE', #585 ) ;
#1429 = VERTEX_POINT ( 'NONE', #82 ) ;
#1430 = CARTESIAN_POINT ( 'NONE',  ( -97.52776749732575468, 15.00000000000000000, -12.49999999999997335 ) ) ;
#1431 = DIRECTION ( 'NONE',  ( 1.000000000000000000, 0.000000000000000000, 0.000000000000000000 ) ) ;
#1432 = DIRECTION ( 'NONE',  ( -1.000000000000000000, -0.000000000000000000, -0.000000000000000000 ) ) ;
#1433 = EDGE_CURVE ( 'NONE', #1755, #359, #1153, .T. ) ;
#1434 = LINE ( 'NONE', #708, #1272 ) ;
#1435 = DIRECTION ( 'NONE',  ( -1.000000000000000000, -0.000000000000000000, -0.000000000000000000 ) ) ;
#1436 = VERTEX_POINT ( 'NONE', #765 ) ;
#1437 = ORIENTED_EDGE ( 'NONE', *, *, #1017, .F. ) ;
#1438 = CARTESIAN_POINT ( 'NONE',  ( -51.00000000000001421, 7.500000000000000000, -232.4999999999998863 ) ) ;
#1439 = DIRECTION ( 'NONE',  ( -0.000000000000000000, -0.000000000000000000, 1.000000000000000000 ) ) ;
#1440 = DIRECTION ( 'NONE',  ( 0.000000000000000000, -1.000000000000000000, 0.000000000000000000 ) ) ;
#1441 = DIRECTION ( 'NONE',  ( 1.000000000000000000, 0.000000000000000000, 0.000000000000000000 ) ) ;
#1442 = EDGE_CURVE ( 'NONE', #595, #1200, #1975, .T. ) ;
#1443 = CARTESIAN_POINT ( 'NONE',  ( -133.4668783648703254, 0.000000000000000000, -12.49999999999996980 ) ) ;
#1444 = ORIENTED_EDGE ( 'NONE', *, *, #1105, .F. ) ;
#1445 = ORIENTED_EDGE ( 'NONE', *, *, #1188, .T. ) ;
#1446 = DIRECTION ( 'NONE',  ( 0.000000000000000000, 0.000000000000000000, 1.000000000000000000 ) ) ;
#1447 = CARTESIAN_POINT ( 'NONE',  ( -73.71206889325388545, 0.000000000000000000, -51.25000000000007105 ) ) ;
#1448 = ADVANCED_FACE ( 'NONE', ( #277 ), #2123, .F. ) ;
#1449 = CARTESIAN_POINT ( 'NONE',  ( -60.00000000000001421, 7.500000000000000000, -227.4999999999998863 ) ) ;
#1450 = CARTESIAN_POINT ( 'NONE',  ( -157.5000000000000000, 7.500000000000000000, 0.000000000000000000 ) ) ;
#1451 = AXIS2_PLACEMENT_3D ( 'NONE', #1373, #1900, #679 ) ;
#1452 = CYLINDRICAL_SURFACE ( 'NONE', #2095, 2.500000000000002220 ) ;
#1453 = EDGE_CURVE ( 'NONE', #193, #166, #1310, .T. ) ;
#1454 = AXIS2_PLACEMENT_3D ( 'NONE', #524, #1411, #2107 ) ;
#1455 = VERTEX_POINT ( 'NONE', #960 ) ;
#1456 = LINE ( 'NONE', #2134, #654 ) ;
#1457 = ORIENTED_EDGE ( 'NONE', *, *, #1247, .T. ) ;
#1458 = AXIS2_PLACEMENT_3D ( 'NONE', #1300, #1977, #265 ) ;
#1459 = CARTESIAN_POINT ( 'NONE',  ( -133.4668783648703254, 0.000000000000000000, -12.49999999999996980 ) ) ;
#1460 = DIRECTION ( 'NONE',  ( -0.000000000000000000, 1.000000000000000000, -0.000000000000000000 ) ) ;
#1461 = DIRECTION ( 'NONE',  ( 1.000000000000000000, 0.000000000000000000, 0.000000000000000000 ) ) ;
#1462 = DIRECTION ( 'NONE',  ( -0.8571673007021125557, 1.049727191138618942E-16, 0.5150380749100536004 ) ) ;
#1463 = DIRECTION ( 'NONE',  ( 0.000000000000000000, 1.000000000000000000, 0.000000000000000000 ) ) ;
#1464 = LINE ( 'NONE', #99, #497 ) ;
#1465 = ORIENTED_EDGE ( 'NONE', *, *, #1616, .F. ) ;
#1466 = CARTESIAN_POINT ( 'NONE',  ( -19.00000000000000355, 7.499999999999983125, -172.4999999999999147 ) ) ;
#1467 = EDGE_LOOP ( 'NONE', ( #122, #375 ) ) ;
#1468 = CARTESIAN_POINT ( 'NONE',  ( -60.00000000000001421, 7.500000000000000000, -232.4999999999999147 ) ) ;
#1469 = DIRECTION ( 'NONE',  ( -0.000000000000000000, 1.000000000000000000, -0.000000000000000000 ) ) ;
#1470 = CARTESIAN_POINT ( 'NONE',  ( -202.5000000000000000, 7.500000000000000000, -9.000000000000001776 ) ) ;
#1471 = DIRECTION ( 'NONE',  ( -2.325386386568931894E-16, 0.000000000000000000, -1.000000000000000000 ) ) ;
#1472 = LINE ( 'NONE', #1668, #1021 ) ;
#1473 = AXIS2_PLACEMENT_3D ( 'NONE', #2117, #1242, #50 ) ;
#1474 = EDGE_LOOP ( 'NONE', ( #829, #1697, #2215, #1380 ) ) ;
#1475 = EDGE_LOOP ( 'NONE', ( #276, #1414, #101 ) ) ;
#1476 = DIRECTION ( 'NONE',  ( 0.000000000000000000, 0.000000000000000000, -1.000000000000000000 ) ) ;
#1477 = DIRECTION ( 'NONE',  ( -1.000000000000000000, -0.000000000000000000, -0.000000000000000000 ) ) ;
#1478 = DIRECTION ( 'NONE',  ( -0.000000000000000000, -0.000000000000000000, 1.000000000000000000 ) ) ;
#1479 = ADVANCED_FACE ( 'NONE', ( #1657 ), #807, .F. ) ;
#1480 = CARTESIAN_POINT ( 'NONE',  ( -20.50215154756891067, 7.499999999999980460, -174.9999999999998863 ) ) ;
#1481 = CARTESIAN_POINT ( 'NONE',  ( -230.0000000000000000, 15.00000000000000000, 2.816687638038912194E-14 ) ) ;
#1482 =( LENGTH_UNIT ( ) NAMED_UNIT ( * ) SI_UNIT ( .MILLI., .METRE. ) );
#1483 = EDGE_CURVE ( 'NONE', #322, #667, #1526, .T. ) ;
#1484 = CARTESIAN_POINT ( 'NONE',  ( -51.00000000000001421, 7.500000000000000000, -292.4999999999999432 ) ) ;
#1485 = VECTOR ( 'NONE', #449, 999.9999999999998863 ) ;
#1486 = VECTOR ( 'NONE', #1751, 1000.000000000000000 ) ;
#1487 = DIRECTION ( 'NONE',  ( 0.000000000000000000, 0.000000000000000000, 1.000000000000000000 ) ) ;
#1488 = EDGE_CURVE ( 'NONE', #1678, #173, #1707, .T. ) ;
#1489 = ORIENTED_EDGE ( 'NONE', *, *, #2218, .T. ) ;
#1490 = ORIENTED_EDGE ( 'NONE', *, *, #2216, .T. ) ;
#1491 = DIRECTION ( 'NONE',  ( 1.000000000000000000, 0.000000000000000000, 0.000000000000000000 ) ) ;
#1492 = VECTOR ( 'NONE', #1478, 1000.000000000000000 ) ;
#1493 = CONICAL_SURFACE ( 'NONE', #1949, 2.500000000000002220, 1.029744258676655200 ) ;
#1494 = CIRCLE ( 'NONE', #515, 25.00000000000000000 ) ;
#1495 = DIRECTION ( 'NONE',  ( 1.000000000000000000, 0.000000000000000000, 0.000000000000000000 ) ) ;
#1496 = ORIENTED_EDGE ( 'NONE', *, *, #228, .F. ) ;
#1497 = CARTESIAN_POINT ( 'NONE',  ( -10.00000000000000888, 0.000000000000000000, -86.60254037844435970 ) ) ;
#1498 = CIRCLE ( 'NONE', #437, 12.50000000000000355 ) ;
#1499 = FACE_OUTER_BOUND ( 'NONE', #149, .T. ) ;
#1500 = DIRECTION ( 'NONE',  ( 1.000000000000000000, -0.000000000000000000, 7.127122356470057216E-18 ) ) ;
#1501 = CYLINDRICAL_SURFACE ( 'NONE', #1316, 2.500000000000002220 ) ;
#1502 = FACE_OUTER_BOUND ( 'NONE', #357, .T. ) ;
#1503 = VERTEX_POINT ( 'NONE', #2211 ) ;
#1504 = ORIENTED_EDGE ( 'NONE', *, *, #1011, .T. ) ;
#1505 = DIRECTION ( 'NONE',  ( -0.000000000000000000, 1.000000000000000000, -0.000000000000000000 ) ) ;
#1506 = AXIS2_PLACEMENT_3D ( 'NONE', #377, #1432, #1106 ) ;
#1507 = DIRECTION ( 'NONE',  ( 0.000000000000000000, 1.000000000000000000, 0.000000000000000000 ) ) ;
#1508 = CARTESIAN_POINT ( 'NONE',  ( -197.5000000000000000, 7.500000000000000000, -9.000000000000001776 ) ) ;
#1509 = DIRECTION ( 'NONE',  ( 0.000000000000000000, 0.000000000000000000, 1.000000000000000000 ) ) ;
#1510 = ORIENTED_EDGE ( 'NONE', *, *, #1273, .T. ) ;
#1511 = DIRECTION ( 'NONE',  ( 1.000000000000000000, -0.000000000000000000, 7.127122356470057216E-18 ) ) ;
#1512 = EDGE_CURVE ( 'NONE', #1399, #692, #2048, .T. ) ;
#1513 = ORIENTED_EDGE ( 'NONE', *, *, #1820, .F. ) ;
#1514 = ORIENTED_EDGE ( 'NONE', *, *, #2108, .F. ) ;
#1515 = DIRECTION ( 'NONE',  ( -1.000000000000000000, -0.000000000000000000, -0.000000000000000000 ) ) ;
#1516 = AXIS2_PLACEMENT_3D ( 'NONE', #1395, #2070, #527 ) ;
#1517 = CARTESIAN_POINT ( 'NONE',  ( -60.00000000000001421, 7.500000000000000000, -229.9999999999998863 ) ) ;
#1518 = FACE_OUTER_BOUND ( 'NONE', #365, .T. ) ;
#1519 = CYLINDRICAL_SURFACE ( 'NONE', #1874, 12.49999999999978861 ) ;
#1520 = ORIENTED_EDGE ( 'NONE', *, *, #2212, .T. ) ;
#1521 = EDGE_CURVE ( 'NONE', #52, #1503, #1983, .T. ) ;
#1522 = CARTESIAN_POINT ( 'NONE',  ( -10.00000000000000888, 15.00000000000000000, -86.60254037844435970 ) ) ;
#1523 = VECTOR ( 'NONE', #2136, 1000.000000000000000 ) ;
#1524 = ORIENTED_EDGE ( 'NONE', *, *, #1720, .F. ) ;
#1525 = VERTEX_POINT ( 'NONE', #1878 ) ;
#1526 = LINE ( 'NONE', #1198, #1168 ) ;
#1527 = DIRECTION ( 'NONE',  ( 0.000000000000000000, 0.000000000000000000, 1.000000000000000000 ) ) ;
#1528 = VECTOR ( 'NONE', #937, 1000.000000000000227 ) ;
#1529 = VERTEX_POINT ( 'NONE', #501 ) ;
#1530 = VECTOR ( 'NONE', #665, 1000.000000000000000 ) ;
#1531 = DIRECTION ( 'NONE',  ( -1.000000000000000000, -0.000000000000000000, -0.000000000000000000 ) ) ;
#1532 = EDGE_LOOP ( 'NONE', ( #229, #1788, #2025, #1726, #1243 ) ) ;
#1533 = VECTOR ( 'NONE', #422, 1000.000000000000000 ) ;
#1534 = CARTESIAN_POINT ( 'NONE',  ( -22.50000000000041211, 0.000000000000000000, -192.9006350946109762 ) ) ;
#1535 = CARTESIAN_POINT ( 'NONE',  ( -35.00000000000019895, 0.000000000000000000, -114.0067937974241090 ) ) ;
#1536 = VERTEX_POINT ( 'NONE', #1177 ) ;
#1537 = ORIENTED_EDGE ( 'NONE', *, *, #739, .F. ) ;
#1538 = DIRECTION ( 'NONE',  ( -0.000000000000000000, -0.000000000000000000, 1.000000000000000000 ) ) ;
#1539 = EDGE_LOOP ( 'NONE', ( #1274, #1221, #635, #609 ) ) ;
#1540 = FACE_OUTER_BOUND ( 'NONE', #1474, .T. ) ;
#1541 = EDGE_CURVE ( 'NONE', #1866, #852, #171, .T. ) ;
#1542 = CARTESIAN_POINT ( 'NONE',  ( -35.00000000000000000, 15.00000000000000000, -304.9999999999999432 ) ) ;
#1543 = CARTESIAN_POINT ( 'NONE',  ( -88.86751345948140113, 15.00000000000000000, -49.99999999999997158 ) ) ;
#1544 = ORIENTED_EDGE ( 'NONE', *, *, #1290, .F. ) ;
#1545 = FACE_OUTER_BOUND ( 'NONE', #650, .T. ) ;
#1546 = ORIENTED_EDGE ( 'NONE', *, *, #116, .F. ) ;
#1547 = ORIENTED_EDGE ( 'NONE', *, *, #114, .F. ) ;
#1548 = CARTESIAN_POINT ( 'NONE',  ( -60.00000000000001421, 7.500000000000000000, -229.9999999999998863 ) ) ;
#1549 = EDGE_CURVE ( 'NONE', #1038, #100, #356, .T. ) ;
#1550 = EDGE_CURVE ( 'NONE', #1862, #2037, #517, .T. ) ;
#1551 = DIRECTION ( 'NONE',  ( 0.000000000000000000, 0.000000000000000000, 1.000000000000000000 ) ) ;
#1552 = EDGE_CURVE ( 'NONE', #852, #51, #1864, .T. ) ;
#1553 = DIRECTION ( 'NONE',  ( 0.000000000000000000, 0.000000000000000000, 1.000000000000000000 ) ) ;
#1554 = ADVANCED_FACE ( 'NONE', ( #2038 ), #1212, .F. ) ;
#1555 = ORIENTED_EDGE ( 'NONE', *, *, #1673, .T. ) ;
#1556 = LINE ( 'NONE', #6, #1376 ) ;
#1557 = ORIENTED_EDGE ( 'NONE', *, *, #511, .T. ) ;
#1558 = AXIS2_PLACEMENT_3D ( 'NONE', #1687, #2032, #267 ) ;
#1559 = VECTOR ( 'NONE', #725, 1000.000000000000000 ) ;
#1560 = ORIENTED_EDGE ( 'NONE', *, *, #175, .F. ) ;
#1561 = ORIENTED_EDGE ( 'NONE', *, *, #16, .T. ) ;
#1562 = VECTOR ( 'NONE', #1231, 1000.000000000000000 ) ;
#1563 = DIRECTION ( 'NONE',  ( -0.000000000000000000, -0.000000000000000000, 1.000000000000000000 ) ) ;
#1564 = LINE ( 'NONE', #707, #4 ) ;
#1565 = AXIS2_PLACEMENT_3D ( 'NONE', #2183, #260, #1337 ) ;
#1566 = DIRECTION ( 'NONE',  ( 0.000000000000000000, -0.000000000000000000, 1.000000000000000000 ) ) ;
#1567 = ORIENTED_EDGE ( 'NONE', *, *, #512, .F. ) ;
#1568 = CARTESIAN_POINT ( 'NONE',  ( -79.99999999999998579, 7.500000000000000000, 6.735557395310310629E-17 ) ) ;
#1569 = ORIENTED_EDGE ( 'NONE', *, *, #15, .F. ) ;
#1570 = ORIENTED_EDGE ( 'NONE', *, *, #2216, .F. ) ;
#1571 = FACE_OUTER_BOUND ( 'NONE', #1953, .T. ) ;
#1572 = DIRECTION ( 'NONE',  ( 1.000000000000000000, 0.000000000000000000, -1.110223024625156540E-15 ) ) ;
#1573 = EDGE_CURVE ( 'NONE', #663, #1436, #418, .T. ) ;
#1574 = DIRECTION ( 'NONE',  ( -0.000000000000000000, 1.000000000000000000, -0.000000000000000000 ) ) ;
#1575 = CARTESIAN_POINT ( 'NONE',  ( -35.00000000000019895, 0.000000000000000000, -101.5067937974243080 ) ) ;
#1576 = ADVANCED_FACE ( 'NONE', ( #1545 ), #162, .F. ) ;
#1577 = ORIENTED_EDGE ( 'NONE', *, *, #1885, .T. ) ;
#1578 = EDGE_LOOP ( 'NONE', ( #69, #1065, #182, #172 ) ) ;
#1579 = DIRECTION ( 'NONE',  ( 0.000000000000000000, 0.000000000000000000, 1.000000000000000000 ) ) ;
#1580 = CIRCLE ( 'NONE', #62, 2.500000000000002220 ) ;
#1581 = ADVANCED_FACE ( 'NONE', ( #1035 ), #1381, .F. ) ;
#1582 = CARTESIAN_POINT ( 'NONE',  ( -10.00000000000000711, 15.00000000000000000, -330.0000000000000000 ) ) ;
#1583 = CARTESIAN_POINT ( 'NONE',  ( -60.00000000000001421, 7.500000000000000000, -227.4999999999998863 ) ) ;
#1584 = DIRECTION ( 'NONE',  ( 0.000000000000000000, 1.000000000000000000, 0.000000000000000000 ) ) ;
#1585 = VECTOR ( 'NONE', #768, 1000.000000000000000 ) ;
#1586 = ORIENTED_EDGE ( 'NONE', *, *, #1552, .F. ) ;
#1587 = VERTEX_POINT ( 'NONE', #2229 ) ;
#1588 = CARTESIAN_POINT ( 'NONE',  ( -51.00000000000001421, 7.500000000000000000, -229.9999999999998863 ) ) ;
#1589 = AXIS2_PLACEMENT_3D ( 'NONE', #964, #291, #95 ) ;
#1590 = EDGE_CURVE ( 'NONE', #1428, #680, #1556, .T. ) ;
#1591 = AXIS2_PLACEMENT_3D ( 'NONE', #961, #1314, #1658 ) ;
#1592 = CYLINDRICAL_SURFACE ( 'NONE', #2158, 12.50000000000000711 ) ;
#1593 = LINE ( 'NONE', #1449, #589 ) ;
#1594 = DIRECTION ( 'NONE',  ( -1.000000000000000000, 0.000000000000000000, 2.038864955821374258E-16 ) ) ;
#1595 = VECTOR ( 'NONE', #1823, 1000.000000000000000 ) ;
#1596 = PRESENTATION_LAYER_ASSIGNMENT (  '', '', ( #617 ) ) ;
#1597 = CIRCLE ( 'NONE', #1425, 12.49999999999978861 ) ;
#1598 = CIRCLE ( 'NONE', #982, 2.500000000000002220 ) ;
#1599 = DIRECTION ( 'NONE',  ( 1.000000000000000000, 0.000000000000000000, -1.930736107935689656E-16 ) ) ;
#1600 = ORIENTED_EDGE ( 'NONE', *, *, #1848, .F. ) ;
#1601 = VERTEX_POINT ( 'NONE', #1706 ) ;
#1602 = CARTESIAN_POINT ( 'NONE',  ( -120.0000000000000000, 7.500000000000000000, -10.50215154756890179 ) ) ;
#1603 = DIRECTION ( 'NONE',  ( 0.000000000000000000, 0.000000000000000000, 1.000000000000000000 ) ) ;
#1604 = ADVANCED_FACE ( 'NONE', ( #998 ), #641, .F. ) ;
#1605 = CARTESIAN_POINT ( 'NONE',  ( -79.99999999999998579, 7.500000000000000000, 0.000000000000000000 ) ) ;
#1606 = FACE_BOUND ( 'NONE', #468, .T. ) ;
#1607 = DIRECTION ( 'NONE',  ( 0.000000000000000000, 0.000000000000000000, -1.000000000000000000 ) ) ;
#1608 = ADVANCED_FACE ( 'NONE', ( #668 ), #97, .F. ) ;
#1609 = ORIENTED_EDGE ( 'NONE', *, *, #380, .F. ) ;
#1610 = VERTEX_POINT ( 'NONE', #1222 ) ;
#1611 = DIRECTION ( 'NONE',  ( -1.000000000000000000, -0.000000000000000000, -0.000000000000000000 ) ) ;
#1612 = CYLINDRICAL_SURFACE ( 'NONE', #329, 2.500000000000002220 ) ;
#1613 = LINE ( 'NONE', #769, #1402 ) ;
#1614 = DIRECTION ( 'NONE',  ( 1.000000000000000000, -0.000000000000000000, 7.127122356470057216E-18 ) ) ;
#1615 = ADVANCED_FACE ( 'NONE', ( #819 ), #2082, .F. ) ;
#1616 = EDGE_CURVE ( 'NONE', #692, #1920, #1110, .T. ) ;
#1617 = CIRCLE ( 'NONE', #1229, 2.499999999999974243 ) ;
#1618 = DIRECTION ( 'NONE',  ( -1.000000000000000000, 0.000000000000000000, -0.000000000000000000 ) ) ;
#1619 = DIRECTION ( 'NONE',  ( -0.000000000000000000, 1.000000000000000000, -0.000000000000000000 ) ) ;
#1620 = EDGE_CURVE ( 'NONE', #1036, #1016, #2010, .T. ) ;
#1621 = ORIENTED_EDGE ( 'NONE', *, *, #1652, .F. ) ;
#1622 = EDGE_LOOP ( 'NONE', ( #311, #1181, #2132, #1413 ) ) ;
#1623 = CARTESIAN_POINT ( 'NONE',  ( -60.00000000000001421, 7.500000000000000000, -287.4999999999999432 ) ) ;
#1624 = CARTESIAN_POINT ( 'NONE',  ( -51.00000000000001421, 7.500000000000000000, -257.4999999999998863 ) ) ;
#1625 = CARTESIAN_POINT ( 'NONE',  ( -56.17807935140629638, 0.000000000000000000, -81.61976074586137031 ) ) ;
#1626 = LINE ( 'NONE', #2139, #899 ) ;
#1627 = LINE ( 'NONE', #967, #335 ) ;
#1628 = CIRCLE ( 'NONE', #976, 2.500000000000002220 ) ;
#1629 = CONICAL_SURFACE ( 'NONE', #1454, 2.500000000000002220, 1.029744258676650093 ) ;
#1630 = CARTESIAN_POINT ( 'NONE',  ( -45.35276180410065194, 0.000000000000000000, -75.36976074586128505 ) ) ;
#1631 = MECHANICAL_DESIGN_GEOMETRIC_PRESENTATION_REPRESENTATION (  '', ( #617 ), #78 ) ;
#1632 = VERTEX_POINT ( 'NONE', #883 ) ;
#1633 = DIRECTION ( 'NONE',  ( -0.000000000000000000, 1.000000000000000000, -0.000000000000000000 ) ) ;
#1634 = ORIENTED_EDGE ( 'NONE', *, *, #1392, .F. ) ;
#1635 = CYLINDRICAL_SURFACE ( 'NONE', #1591, 12.50000000000021316 ) ;
#1636 = LINE ( 'NONE', #1301, #608 ) ;
#1637 = ADVANCED_BREP_SHAPE_REPRESENTATION ( 'Vertical Bracket', ( #1928, #1886 ), #259 ) ;
#1638 = CARTESIAN_POINT ( 'NONE',  ( -200.0000000000000000, 7.500000000000000000, 0.000000000000000000 ) ) ;
#1639 = FACE_OUTER_BOUND ( 'NONE', #38, .T. ) ;
#1640 = APPLICATION_PROTOCOL_DEFINITION ( 'draft international standard', 'automotive_design', 1998, #1741 ) ;
#1641 = CARTESIAN_POINT ( 'NONE',  ( -10.00000000000000711, 0.000000000000000000, -330.0000000000000000 ) ) ;
#1642 = EDGE_CURVE ( 'NONE', #2192, #1038, #1086, .T. ) ;
#1643 = ORIENTED_EDGE ( 'NONE', *, *, #881, .F. ) ;
#1644 = ORIENTED_EDGE ( 'NONE', *, *, #1748, .T. ) ;
#1645 = DIRECTION ( 'NONE',  ( 0.5150380749100580413, 1.049727191138615984E-16, 0.8571673007021101132 ) ) ;
#1646 = ORIENTED_EDGE ( 'NONE', *, *, #1652, .T. ) ;
#1647 = LINE ( 'NONE', #990, #79 ) ;
#1648 = CARTESIAN_POINT ( 'NONE',  ( -197.5000000000000000, 7.500000000000000000, 6.735557395310310629E-17 ) ) ;
#1649 = EDGE_CURVE ( 'NONE', #554, #1655, #561, .T. ) ;
#1650 = CARTESIAN_POINT ( 'NONE',  ( -60.00000000000001421, 7.500000000000000000, -229.9999999999998863 ) ) ;
#1651 = LINE ( 'NONE', #945, #1772 ) ;
#1652 = EDGE_CURVE ( 'NONE', #1894, #442, #1735, .T. ) ;
#1653 = FACE_OUTER_BOUND ( 'NONE', #1126, .T. ) ;
#1654 = DIRECTION ( 'NONE',  ( -0.000000000000000000, 1.000000000000000000, -0.000000000000000000 ) ) ;
#1655 = VERTEX_POINT ( 'NONE', #553 ) ;
#1656 = ORIENTED_EDGE ( 'NONE', *, *, #1723, .F. ) ;
#1657 = FACE_OUTER_BOUND ( 'NONE', #481, .T. ) ;
#1658 = DIRECTION ( 'NONE',  ( 0.000000000000000000, 0.000000000000000000, 1.000000000000000000 ) ) ;
#1659 = DIRECTION ( 'NONE',  ( 7.127122356470057216E-18, 0.000000000000000000, -1.000000000000000000 ) ) ;
#1660 = EDGE_CURVE ( 'NONE', #634, #876, #1617, .T. ) ;
#1661 = FACE_OUTER_BOUND ( 'NONE', #678, .T. ) ;
#1662 = LINE ( 'NONE', #1450, #1080 ) ;
#1663 = ORIENTED_EDGE ( 'NONE', *, *, #2077, .F. ) ;
#1664 = DIRECTION ( 'NONE',  ( 0.000000000000000000, 0.000000000000000000, 1.000000000000000000 ) ) ;
#1665 = FACE_OUTER_BOUND ( 'NONE', #451, .T. ) ;
#1666 = CIRCLE ( 'NONE', #326, 12.49999999999980282 ) ;
#1667 = CIRCLE ( 'NONE', #36, 2.500000000000002220 ) ;
#1668 = CARTESIAN_POINT ( 'NONE',  ( -51.00000000000001421, 7.500000000000000000, -227.4999999999999147 ) ) ;
#1669 = AXIS2_PLACEMENT_3D ( 'NONE', #2096, #2086, #369 ) ;
#1670 = ORIENTED_EDGE ( 'NONE', *, *, #272, .T. ) ;
#1671 = APPLICATION_CONTEXT ( 'automotive_design' ) ;
#1672 = CARTESIAN_POINT ( 'NONE',  ( -79.99999999999998579, 7.500000000000000000, -9.000000000000001776 ) ) ;
#1673 = EDGE_CURVE ( 'NONE', #1866, #1736, #27, .T. ) ;
#1674 = CARTESIAN_POINT ( 'NONE',  ( -170.9668783648703823, 0.000000000000000000, -37.49999999999998579 ) ) ;
#1675 = CARTESIAN_POINT ( 'NONE',  ( -117.5000000000000000, 7.500000000000000000, 0.000000000000000000 ) ) ;
#1676 = CONICAL_SURFACE ( 'NONE', #1359, 2.500000000000002220, 1.029744258676650093 ) ;
#1677 = DIRECTION ( 'NONE',  ( 0.000000000000000000, 0.000000000000000000, 1.000000000000000000 ) ) ;
#1678 = VERTEX_POINT ( 'NONE', #912 ) ;
#1679 = PLANE ( 'NONE',  #2171 ) ;
#1680 = ORIENTED_EDGE ( 'NONE', *, *, #763, .F. ) ;
#1681 = VERTEX_POINT ( 'NONE', #710 ) ;
#1682 = CARTESIAN_POINT ( 'NONE',  ( -60.00000000000001421, 0.000000000000000000, -329.9999999999999432 ) ) ;
#1683 = EDGE_CURVE ( 'NONE', #2220, #586, #1934, .T. ) ;
#1684 = VECTOR ( 'NONE', #1768, 1000.000000000000114 ) ;
#1685 = CARTESIAN_POINT ( 'NONE',  ( -51.00000000000001421, 7.500000000000000000, -289.9999999999999432 ) ) ;
#1686 = DIRECTION ( 'NONE',  ( 1.000000000000000000, 0.000000000000000000, 0.000000000000000000 ) ) ;
#1687 = CARTESIAN_POINT ( 'NONE',  ( -62.88675134594820548, 15.00000000000000000, -44.99999999999996447 ) ) ;
#1688 = ORIENTED_EDGE ( 'NONE', *, *, #1488, .T. ) ;
#1689 = DIRECTION ( 'NONE',  ( -0.000000000000000000, -0.000000000000000000, 1.000000000000000000 ) ) ;
#1690 = ADVANCED_FACE ( 'NONE', ( #2080, #388, #872, #216, #199 ), #1754, .F. ) ;
#1691 = EDGE_CURVE ( 'NONE', #482, #704, #191, .T. ) ;
#1692 = ORIENTED_EDGE ( 'NONE', *, *, #672, .F. ) ;
#1693 = ORIENTED_EDGE ( 'NONE', *, *, #1325, .T. ) ;
#1694 = CARTESIAN_POINT ( 'NONE',  ( -19.00000000000000355, 7.499999999999989342, -219.9999999999998579 ) ) ;
#1695 = AXIS2_PLACEMENT_3D ( 'NONE', #1568, #205, #1774 ) ;
#1696 = CARTESIAN_POINT ( 'NONE',  ( -51.00000000000001421, 7.500000000000000000, -287.4999999999999432 ) ) ;
#1697 = ORIENTED_EDGE ( 'NONE', *, *, #808, .T. ) ;
#1698 = DIRECTION ( 'NONE',  ( -1.000000000000000000, -0.000000000000000000, -0.000000000000000000 ) ) ;
#1699 = EDGE_LOOP ( 'NONE', ( #1407, #2209, #1014, #1842 ) ) ;
#1700 = DIRECTION ( 'NONE',  ( -0.8660254037844382635, 0.000000000000000000, -0.5000000000000006661 ) ) ;
#1701 = CONICAL_SURFACE ( 'NONE', #714, 2.499999999999974243, 1.029744258676650093 ) ;
#1702 = DIRECTION ( 'NONE',  ( -1.000000000000000000, -0.000000000000000000, -0.000000000000000000 ) ) ;
#1703 = AXIS2_PLACEMENT_3D ( 'NONE', #1731, #1868, #1408 ) ;
#1704 = EDGE_LOOP ( 'NONE', ( #1764, #344, #862, #474 ) ) ;
#1705 = ORIENTED_EDGE ( 'NONE', *, *, #2188, .T. ) ;
#1706 = CARTESIAN_POINT ( 'NONE',  ( -22.50000000000041211, 15.00000000000000000, -192.9006350946109762 ) ) ;
#1707 = CIRCLE ( 'NONE', #1451, 2.500000000000002220 ) ;
#1708 = ORIENTED_EDGE ( 'NONE', *, *, #1006, .F. ) ;
#1709 = VECTOR ( 'NONE', #1460, 1000.000000000000000 ) ;
#1710 = CLOSED_SHELL ( 'NONE', ( #1251, #1604, #845, #188, #1879, #1148, #978, #1044, #273, #2057, #737, #910, #477, #1608, #2104, #984, #645, #1806, #1369, #184, #1354, #1784, #848, #727, #448, #109, #942, #1135, #771, #1213, #1690, #2020, #534, #107, #1178, #1051, #1554, #1581, #2071, #206, #1479, #334, #2225, #2081, #1424, #605, #949, #1973, #1398, #932, #1150, #781, #1576, #1040, #402, #407, #471, #2105, #673, #138, #1249, #1984, #1149, #543, #607, #1615, #741, #350, #577, #56, #1968, #1448, #1873, #73, #45 ) ) ;
#1711 = LINE ( 'NONE', #1228, #1981 ) ;
#1712 = ORIENTED_EDGE ( 'NONE', *, *, #1683, .F. ) ;
#1713 = VECTOR ( 'NONE', #1145, 1000.000000000000114 ) ;
#1714 = AXIS2_PLACEMENT_3D ( 'NONE', #2217, #464, #2193 ) ;
#1715 = CARTESIAN_POINT ( 'NONE',  ( -197.5000000000000000, 7.500000000000000000, 0.000000000000000000 ) ) ;
#1716 = ORIENTED_EDGE ( 'NONE', *, *, #1323, .F. ) ;
#1717 = DIRECTION ( 'NONE',  ( -0.000000000000000000, -1.000000000000000000, -0.000000000000000000 ) ) ;
#1718 = ORIENTED_EDGE ( 'NONE', *, *, #706, .T. ) ;
#1719 = EDGE_CURVE ( 'NONE', #846, #1632, #1902, .T. ) ;
#1720 = EDGE_CURVE ( 'NONE', #2005, #1681, #58, .T. ) ;
#1721 = EDGE_LOOP ( 'NONE', ( #752, #160, #393, #127 ) ) ;
#1722 = CARTESIAN_POINT ( 'NONE',  ( -88.86751345948140113, 15.00000000000000000, -49.99999999999997158 ) ) ;
#1723 = EDGE_CURVE ( 'NONE', #667, #1189, #1192, .T. ) ;
#1724 = CARTESIAN_POINT ( 'NONE',  ( -62.88675134594820548, 0.000000000000000000, -32.49999999999975131 ) ) ;
#1725 = LINE ( 'NONE', #1543, #1915 ) ;
#1726 = ORIENTED_EDGE ( 'NONE', *, *, #2127, .F. ) ;
#1727 = CARTESIAN_POINT ( 'NONE',  ( -52.06143379864254683, 0.000000000000000000, -38.74999999999986500 ) ) ;
#1728 = VERTEX_POINT ( 'NONE', #719 ) ;
#1729 = EDGE_LOOP ( 'NONE', ( #1926, #1437, #2001, #2110 ) ) ;
#1730 = ORIENTED_EDGE ( 'NONE', *, *, #346, .T. ) ;
#1731 = CARTESIAN_POINT ( 'NONE',  ( -19.00000000000000355, 7.499999999999989342, -219.9999999999998579 ) ) ;
#1732 = DIRECTION ( 'NONE',  ( 1.000000000000000000, 0.000000000000000000, -1.930736107935689656E-16 ) ) ;
#1733 = FACE_OUTER_BOUND ( 'NONE', #2186, .T. ) ;
#1734 = ORIENTED_EDGE ( 'NONE', *, *, #1833, .T. ) ;
#1735 = LINE ( 'NONE', #1925, #2194 ) ;
#1736 = VERTEX_POINT ( 'NONE', #1405 ) ;
#1737 = EDGE_LOOP ( 'NONE', ( #1586, #310, #647, #764, #1570, #1007, #693, #1836, #774, #777 ) ) ;
#1738 = ORIENTED_EDGE ( 'NONE', *, *, #1660, .T. ) ;
#1739 = AXIS2_PLACEMENT_3D ( 'NONE', #1855, #1717, #145 ) ;
#1740 = FACE_OUTER_BOUND ( 'NONE', #1721, .T. ) ;
#1741 = APPLICATION_CONTEXT ( 'automotive_design' ) ;
#1742 = DIRECTION ( 'NONE',  ( 0.000000000000000000, 1.000000000000000000, 0.000000000000000000 ) ) ;
#1743 = AXIS2_PLACEMENT_3D ( 'NONE', #1535, #1033, #1553 ) ;
#1744 = EDGE_CURVE ( 'NONE', #1894, #1610, #1233, .T. ) ;
#1745 = AXIS2_PLACEMENT_3D ( 'NONE', #809, #445, #2156 ) ;
#1746 = LINE ( 'NONE', #1084, #1087 ) ;
#1747 = DIRECTION ( 'NONE',  ( -1.000000000000000000, -0.000000000000000000, -0.000000000000000000 ) ) ;
#1748 = EDGE_CURVE ( 'NONE', #1285, #1610, #1341, .T. ) ;
#1749 = ORIENTED_EDGE ( 'NONE', *, *, #815, .T. ) ;
#1750 = ORIENTED_EDGE ( 'NONE', *, *, #1329, .F. ) ;
#1751 = DIRECTION ( 'NONE',  ( -0.000000000000000000, 1.000000000000000000, -0.000000000000000000 ) ) ;
#1752 = CARTESIAN_POINT ( 'NONE',  ( -22.50000000000041211, 15.00000000000000000, -230.4006350946107204 ) ) ;
#1753 = CARTESIAN_POINT ( 'NONE',  ( -77.49999999999998579, 7.500000000000000000, -9.000000000000001776 ) ) ;
#1754 = PLANE ( 'NONE',  #1931 ) ;
#1755 = VERTEX_POINT ( 'NONE', #227 ) ;
#1756 = ORIENTED_EDGE ( 'NONE', *, *, #1848, .T. ) ;
#1757 = DIRECTION ( 'NONE',  ( -1.000000000000000000, -0.000000000000000000, -0.000000000000000000 ) ) ;
#1758 = LINE ( 'NONE', #213, #1284 ) ;
#1759 = DIRECTION ( 'NONE',  ( 1.000000000000000000, -0.000000000000000000, 7.127122356470057216E-18 ) ) ;
#1760 = DIRECTION ( 'NONE',  ( -0.000000000000000000, -0.000000000000000000, 1.000000000000000000 ) ) ;
#1761 = EDGE_CURVE ( 'NONE', #864, #775, #1296, .T. ) ;
#1762 = ORIENTED_EDGE ( 'NONE', *, *, #1361, .F. ) ;
#1763 = VECTOR ( 'NONE', #1799, 1000.000000000000114 ) ;
#1764 = ORIENTED_EDGE ( 'NONE', *, *, #64, .T. ) ;
#1765 = ORIENTED_EDGE ( 'NONE', *, *, #2184, .T. ) ;
#1766 = DIRECTION ( 'NONE',  ( -0.000000000000000000, 1.000000000000000000, -0.000000000000000000 ) ) ;
#1767 = CARTESIAN_POINT ( 'NONE',  ( -157.5000000000000000, 7.500000000000000000, -9.000000000000001776 ) ) ;
#1768 = DIRECTION ( 'NONE',  ( -0.8571673007021125557, 1.049727191138618942E-16, 0.5150380749100536004 ) ) ;
#1769 = CARTESIAN_POINT ( 'NONE',  ( -60.00000000000001421, 7.500000000000000000, -259.9999999999998863 ) ) ;
#1770 = VECTOR ( 'NONE', #953, 999.9999999999998863 ) ;
#1771 = CIRCLE ( 'NONE', #800, 12.50000000000019185 ) ;
#1772 = VECTOR ( 'NONE', #1265, 1000.000000000000000 ) ;
#1773 = VECTOR ( 'NONE', #453, 1000.000000000000000 ) ;
#1774 = DIRECTION ( 'NONE',  ( 1.000000000000000000, 0.000000000000000000, 0.000000000000000000 ) ) ;
#1775 = ORIENTED_EDGE ( 'NONE', *, *, #1073, .F. ) ;
#1776 = ORIENTED_EDGE ( 'NONE', *, *, #928, .T. ) ;
#1777 = PRODUCT_RELATED_PRODUCT_CATEGORY ( 'part', '', ( #986 ) ) ;
#1778 = DIRECTION ( 'NONE',  ( -0.000000000000000000, 1.000000000000000000, -0.000000000000000000 ) ) ;
#1779 = EDGE_CURVE ( 'NONE', #1736, #2072, #1464, .T. ) ;
#1780 = DIRECTION ( 'NONE',  ( 0.000000000000000000, 0.000000000000000000, -1.000000000000000000 ) ) ;
#1781 = DIRECTION ( 'NONE',  ( -0.000000000000000000, -0.000000000000000000, 1.000000000000000000 ) ) ;
#1782 = CARTESIAN_POINT ( 'NONE',  ( -22.50000000000041211, 15.00000000000000000, -230.4006350946107204 ) ) ;
#1783 = EDGE_CURVE ( 'NONE', #1428, #661, #80, .T. ) ;
#1784 = ADVANCED_FACE ( 'NONE', ( #238 ), #88, .F. ) ;
#1785 = DIRECTION ( 'NONE',  ( -0.000000000000000000, -0.000000000000000000, 1.000000000000000000 ) ) ;
#1786 = CARTESIAN_POINT ( 'NONE',  ( -157.5000000000000000, 7.500000000000000000, -9.000000000000001776 ) ) ;
#1787 = VERTEX_POINT ( 'NONE', #1794 ) ;
#1788 = ORIENTED_EDGE ( 'NONE', *, *, #234, .F. ) ;
#1789 = CARTESIAN_POINT ( 'NONE',  ( -82.49999999999998579, 7.500000000000000000, 6.735557395310310629E-17 ) ) ;
#1790 = LINE ( 'NONE', #244, #1763 ) ;
#1791 = CYLINDRICAL_SURFACE ( 'NONE', #913, 2.500000000000002220 ) ;
#1792 = CARTESIAN_POINT ( 'NONE',  ( -34.52744425679500750, 15.00000000000000000, -69.11976074586118557 ) ) ;
#1793 = AXIS2_PLACEMENT_3D ( 'NONE', #730, #1435, #403 ) ;
#1794 = CARTESIAN_POINT ( 'NONE',  ( -170.9668783648703823, 15.00000000000000000, -37.49999999999998579 ) ) ;
#1795 = ORIENTED_EDGE ( 'NONE', *, *, #672, .T. ) ;
#1796 = FACE_OUTER_BOUND ( 'NONE', #1704, .T. ) ;
#1797 = ORIENTED_EDGE ( 'NONE', *, *, #1157, .T. ) ;
#1798 = CARTESIAN_POINT ( 'NONE',  ( -10.00000000000000533, 7.499999999999983125, -172.4999999999998863 ) ) ;
#1799 = DIRECTION ( 'NONE',  ( -0.5000000000000006661, -0.000000000000000000, 0.8660254037844382635 ) ) ;
#1800 = CARTESIAN_POINT ( 'NONE',  ( -35.00000000000002842, 15.00000000000000000, -329.9999999999999432 ) ) ;
#1801 = DIRECTION ( 'NONE',  ( 0.000000000000000000, 1.000000000000000000, 0.000000000000000000 ) ) ;
#1802 = CIRCLE ( 'NONE', #1166, 12.49999999999980282 ) ;
#1803 = FACE_OUTER_BOUND ( 'NONE', #1622, .T. ) ;
#1804 = AXIS2_PLACEMENT_3D ( 'NONE', #1121, #622, #2143 ) ;
#1805 = DIRECTION ( 'NONE',  ( 0.000000000000000000, 0.000000000000000000, -1.000000000000000000 ) ) ;
#1806 = ADVANCED_FACE ( 'NONE', ( #957 ), #381, .F. ) ;
#1807 = CIRCLE ( 'NONE', #1988, 12.50000000000021316 ) ;
#1808 = VERTEX_POINT ( 'NONE', #773 ) ;
#1809 = EDGE_LOOP ( 'NONE', ( #1911, #1350, #19, #1308 ) ) ;
#1810 = DIRECTION ( 'NONE',  ( 0.000000000000000000, 0.000000000000000000, 1.000000000000000000 ) ) ;
#1811 = ORIENTED_EDGE ( 'NONE', *, *, #551, .F. ) ;
#1812 = DIRECTION ( 'NONE',  ( -1.000000000000000000, -0.000000000000000000, -0.000000000000000000 ) ) ;
#1813 = CARTESIAN_POINT ( 'NONE',  ( -60.00000000000001421, 7.500000000000000000, -317.4999999999999432 ) ) ;
#1814 = EDGE_CURVE ( 'NONE', #1297, #901, #1580, .T. ) ;
#1815 = CARTESIAN_POINT ( 'NONE',  ( -19.00000000000000355, 7.499999999999989342, -222.4999999999998579 ) ) ;
#1816 = FACE_OUTER_BOUND ( 'NONE', #30, .T. ) ;
#1817 = DIRECTION ( 'NONE',  ( 0.000000000000000000, 0.000000000000000000, 1.000000000000000000 ) ) ;
#1818 = ORIENTED_EDGE ( 'NONE', *, *, #1195, .F. ) ;
#1819 = VERTEX_POINT ( 'NONE', #2169 ) ;
#1820 = EDGE_CURVE ( 'NONE', #901, #1297, #923, .T. ) ;
#1821 = DIRECTION ( 'NONE',  ( -0.000000000000000000, -0.000000000000000000, 1.000000000000000000 ) ) ;
#1822 = CARTESIAN_POINT ( 'NONE',  ( -205.0000000000000284, 15.00000000000000000, -24.99999999999997513 ) ) ;
#1823 = DIRECTION ( 'NONE',  ( -0.000000000000000000, -0.000000000000000000, 1.000000000000000000 ) ) ;
#1824 = PLANE ( 'NONE',  #1100 ) ;
#1825 = CARTESIAN_POINT ( 'NONE',  ( -51.00000000000001421, 7.500000000000000000, -257.4999999999998863 ) ) ;
#1826 = ORIENTED_EDGE ( 'NONE', *, *, #907, .T. ) ;
#1827 = CARTESIAN_POINT ( 'NONE',  ( -200.0000000000000000, 7.500000000000000000, 0.000000000000000000 ) ) ;
#1828 = DIRECTION ( 'NONE',  ( -0.000000000000000000, -0.000000000000000000, 1.000000000000000000 ) ) ;
#1829 = ORIENTED_EDGE ( 'NONE', *, *, #1898, .T. ) ;
#1830 = EDGE_LOOP ( 'NONE', ( #10, #2083, #2185 ) ) ;
#1831 = CARTESIAN_POINT ( 'NONE',  ( -19.00000000000000355, 7.499999999999983125, -174.9999999999998863 ) ) ;
#1832 = CARTESIAN_POINT ( 'NONE',  ( -22.50000000000042988, 0.000000000000000000, -305.0000000000001705 ) ) ;
#1833 = EDGE_CURVE ( 'NONE', #52, #1406, #440, .T. ) ;
#1834 = LINE ( 'NONE', #1508, #1206 ) ;
#1835 = CARTESIAN_POINT ( 'NONE',  ( -117.5000000000000000, 7.500000000000000000, -9.000000000000001776 ) ) ;
#1836 = ORIENTED_EDGE ( 'NONE', *, *, #280, .F. ) ;
#1837 = DIRECTION ( 'NONE',  ( 0.000000000000000000, 0.000000000000000000, 1.000000000000000000 ) ) ;
#1838 = EDGE_CURVE ( 'NONE', #2192, #1287, #593, .T. ) ;
#1839 = CARTESIAN_POINT ( 'NONE',  ( -77.49999999999998579, 7.500000000000000000, 0.000000000000000000 ) ) ;
#1840 = VECTOR ( 'NONE', #1963, 1000.000000000000000 ) ;
#1841 = VERTEX_POINT ( 'NONE', #582 ) ;
#1842 = ORIENTED_EDGE ( 'NONE', *, *, #1783, .T. ) ;
#1843 = CARTESIAN_POINT ( 'NONE',  ( -133.4668783648703254, 0.000000000000000000, -24.99999999999997158 ) ) ;
#1844 = VECTOR ( 'NONE', #509, 1000.000000000000000 ) ;
#1845 = DIRECTION ( 'NONE',  ( -1.000000000000000000, 0.000000000000000000, 1.224646799147352714E-16 ) ) ;
#1846 = DIRECTION ( 'NONE',  ( 0.000000000000000000, 1.000000000000000000, 0.000000000000000000 ) ) ;
#1847 = CIRCLE ( 'NONE', #1714, 2.500000000000002220 ) ;
#1848 = EDGE_CURVE ( 'NONE', #516, #1429, #1098, .T. ) ;
#1849 = CARTESIAN_POINT ( 'NONE',  ( -60.00000000000001421, 7.500000000000000000, -289.9999999999999432 ) ) ;
#1850 = EDGE_LOOP ( 'NONE', ( #2019, #2231, #790 ) ) ;
#1851 = DIRECTION ( 'NONE',  ( 0.000000000000000000, 0.000000000000000000, 1.000000000000000000 ) ) ;
#1852 = EDGE_CURVE ( 'NONE', #9, #743, #757, .T. ) ;
#1853 = ORIENTED_EDGE ( 'NONE', *, *, #351, .F. ) ;
#1854 = ORIENTED_EDGE ( 'NONE', *, *, #2131, .T. ) ;
#1855 = CARTESIAN_POINT ( 'NONE',  ( -35.00000000000000000, 0.000000000000000000, -304.9999999999999432 ) ) ;
#1856 = VECTOR ( 'NONE', #1956, 1000.000000000000000 ) ;
#1857 = CARTESIAN_POINT ( 'NONE',  ( -97.52776749732575468, 0.000000000000000000, -24.99999999999997513 ) ) ;
#1858 = DIRECTION ( 'NONE',  ( 1.000000000000000000, -0.000000000000000000, 7.127122356470057216E-18 ) ) ;
#1859 = ORIENTED_EDGE ( 'NONE', *, *, #1620, .T. ) ;
#1860 = FACE_OUTER_BOUND ( 'NONE', #338, .T. ) ;
#1861 = CARTESIAN_POINT ( 'NONE',  ( -205.0000000000000284, 15.00000000000000000, -49.99999999999997158 ) ) ;
#1862 = VERTEX_POINT ( 'NONE', #1147 ) ;
#1863 = ORIENTED_EDGE ( 'NONE', *, *, #1892, .F. ) ;
#1864 = LINE ( 'NONE', #321, #1409 ) ;
#1865 = AXIS2_PLACEMENT_3D ( 'NONE', #1009, #860, #843 ) ;
#1866 = VERTEX_POINT ( 'NONE', #119 ) ;
#1867 = EDGE_LOOP ( 'NONE', ( #405, #147, #653 ) ) ;
#1868 = DIRECTION ( 'NONE',  ( 1.000000000000000000, -0.000000000000000000, 7.127122356470057216E-18 ) ) ;
#1869 = VERTEX_POINT ( 'NONE', #1295 ) ;
#1870 = CARTESIAN_POINT ( 'NONE',  ( -60.00000000000001421, 15.00000000000000000, -100.0000000000004547 ) ) ;
#1871 = VECTOR ( 'NONE', #1469, 1000.000000000000000 ) ;
#1872 = DIRECTION ( 'NONE',  ( -0.5150380749100580413, 0.000000000000000000, 0.8571673007021101132 ) ) ;
#1873 = ADVANCED_FACE ( 'NONE', ( #606 ), #1972, .F. ) ;
#1874 = AXIS2_PLACEMENT_3D ( 'NONE', #136, #639, #2160 ) ;
#1875 = EDGE_CURVE ( 'NONE', #132, #634, #1472, .T. ) ;
#1876 = CIRCLE ( 'NONE', #1703, 2.500000000000002220 ) ;
#1877 = ORIENTED_EDGE ( 'NONE', *, *, #2044, .F. ) ;
#1878 = CARTESIAN_POINT ( 'NONE',  ( -205.0000000000001137, 0.000000000000000000, -12.49999999999997335 ) ) ;
#1879 = ADVANCED_FACE ( 'NONE', ( #1502 ), #1452, .F. ) ;
#1880 = ORIENTED_EDGE ( 'NONE', *, *, #1541, .T. ) ;
#1881 = ORIENTED_EDGE ( 'NONE', *, *, #2163, .F. ) ;
#1882 = VECTOR ( 'NONE', #1169, 1000.000000000000000 ) ;
#1883 = VECTOR ( 'NONE', #198, 1000.000000000000114 ) ;
#1884 = DIRECTION ( 'NONE',  ( -1.000000000000000000, -0.000000000000000000, -0.000000000000000000 ) ) ;
#1885 = EDGE_CURVE ( 'NONE', #305, #1529, #1986, .T. ) ;
#1886 = AXIS2_PLACEMENT_3D ( 'NONE', #946, #931, #1441 ) ;
#1887 = DIRECTION ( 'NONE',  ( 0.000000000000000000, 0.000000000000000000, -1.000000000000000000 ) ) ;
#1888 = LINE ( 'NONE', #840, #870 ) ;
#1889 = ORIENTED_EDGE ( 'NONE', *, *, #1660, .F. ) ;
#1890 = DIRECTION ( 'NONE',  ( -0.5150380749100580413, 1.049727191138615984E-16, -0.8571673007021101132 ) ) ;
#1891 = ORIENTED_EDGE ( 'NONE', *, *, #2012, .F. ) ;
#1892 = EDGE_CURVE ( 'NONE', #442, #516, #1771, .T. ) ;
#1893 = VERTEX_POINT ( 'NONE', #1786 ) ;
#1894 = VERTEX_POINT ( 'NONE', #1959 ) ;
#1895 = DIRECTION ( 'NONE',  ( 0.8660254037844399289, -0.000000000000000000, 0.4999999999999978351 ) ) ;
#1896 = CYLINDRICAL_SURFACE ( 'NONE', #1054, 2.500000000000002220 ) ;
#1897 = FACE_OUTER_BOUND ( 'NONE', #429, .T. ) ;
#1898 = EDGE_CURVE ( 'NONE', #1862, #487, #413, .T. ) ;
#1899 = ORIENTED_EDGE ( 'NONE', *, *, #1322, .F. ) ;
#1900 = DIRECTION ( 'NONE',  ( -0.000000000000000000, -0.000000000000000000, 1.000000000000000000 ) ) ;
#1901 = ORIENTED_EDGE ( 'NONE', *, *, #880, .F. ) ;
#1902 = CIRCLE ( 'NONE', #1695, 2.500000000000002220 ) ;
#1903 = ORIENTED_EDGE ( 'NONE', *, *, #1573, .F. ) ;
#1904 = EDGE_LOOP ( 'NONE', ( #70, #89, #208, #572 ) ) ;
#1905 = CARTESIAN_POINT ( 'NONE',  ( -205.0000000000001137, 15.00000000000000000, -37.49999999999997868 ) ) ;
#1906 = EDGE_CURVE ( 'NONE', #1869, #1176, #1725, .T. ) ;
#1907 = PLANE ( 'NONE',  #1276 ) ;
#1908 = LINE ( 'NONE', #1248, #1883 ) ;
#1909 = EDGE_CURVE ( 'NONE', #1159, #1058, #328, .T. ) ;
#1910 = CARTESIAN_POINT ( 'NONE',  ( -52.06143379864254683, 0.000000000000000000, -38.74999999999986500 ) ) ;
#1911 = ORIENTED_EDGE ( 'NONE', *, *, #1157, .F. ) ;
#1912 = ORIENTED_EDGE ( 'NONE', *, *, #1361, .T. ) ;
#1913 = VECTOR ( 'NONE', #540, 1000.000000000000000 ) ;
#1914 = PLANE ( 'NONE',  #1383 ) ;
#1915 = VECTOR ( 'NONE', #177, 1000.000000000000227 ) ;
#1916 = LINE ( 'NONE', #32, #873 ) ;
#1917 = AXIS2_PLACEMENT_3D ( 'NONE', #1420, #698, #387 ) ;
#1918 = DIRECTION ( 'NONE',  ( -2.038864955821374258E-16, 0.000000000000000000, -1.000000000000000000 ) ) ;
#1919 = DIRECTION ( 'NONE',  ( 0.5150380749100580413, 0.000000000000000000, -0.8571673007021101132 ) ) ;
#1920 = VERTEX_POINT ( 'NONE', #466 ) ;
#1921 = ORIENTED_EDGE ( 'NONE', *, *, #1719, .T. ) ;
#1922 = FACE_OUTER_BOUND ( 'NONE', #584, .T. ) ;
#1923 = FACE_OUTER_BOUND ( 'NONE', #1539, .T. ) ;
#1924 = FACE_OUTER_BOUND ( 'NONE', #1326, .T. ) ;
#1925 = CARTESIAN_POINT ( 'NONE',  ( -52.06143379864254683, 0.000000000000000000, -38.74999999999986500 ) ) ;
#1926 = ORIENTED_EDGE ( 'NONE', *, *, #560, .T. ) ;
#1927 = EDGE_LOOP ( 'NONE', ( #530, #529, #2024, #262, #1444 ) ) ;
#1928 = MANIFOLD_SOLID_BREP ( 'Tap Drill for M6x1.0 Tap3', #1710 ) ;
#1929 = DIRECTION ( 'NONE',  ( 1.000000000000000000, 0.000000000000000000, 0.000000000000000000 ) ) ;
#1930 = CARTESIAN_POINT ( 'NONE',  ( -22.50000000000041211, 0.000000000000000000, -114.0067937974241090 ) ) ;
#1931 = AXIS2_PLACEMENT_3D ( 'NONE', #2098, #1412, #1607 ) ;
#1932 = DIRECTION ( 'NONE',  ( 1.000000000000000000, 0.000000000000000000, 1.019432477910687129E-16 ) ) ;
#1933 = LINE ( 'NONE', #911, #1023 ) ;
#1934 = LINE ( 'NONE', #1951, #140 ) ;
#1935 = EDGE_CURVE ( 'NONE', #2073, #1008, #721, .T. ) ;
#1936 = EDGE_CURVE ( 'NONE', #1678, #1632, #169, .T. ) ;
#1937 = ORIENTED_EDGE ( 'NONE', *, *, #1160, .T. ) ;
#1938 = EDGE_CURVE ( 'NONE', #554, #193, #898, .T. ) ;
#1939 = VERTEX_POINT ( 'NONE', #1184 ) ;
#1940 = DIRECTION ( 'NONE',  ( 1.000000000000000000, 0.000000000000000000, 0.000000000000000000 ) ) ;
#1941 = AXIS2_PLACEMENT_3D ( 'NONE', #886, #167, #1367 ) ;
#1942 = AXIS2_PLACEMENT_3D ( 'NONE', #231, #1611, #1446 ) ;
#1943 = FACE_OUTER_BOUND ( 'NONE', #1830, .T. ) ;
#1944 = EDGE_CURVE ( 'NONE', #1920, #144, #2227, .T. ) ;
#1945 = AXIS2_PLACEMENT_3D ( 'NONE', #427, #1633, #2015 ) ;
#1946 = CARTESIAN_POINT ( 'NONE',  ( -35.00000000000000000, 15.00000000000000000, -304.9999999999999432 ) ) ;
#1947 = CARTESIAN_POINT ( 'NONE',  ( -51.00000000000001421, 7.500000000000000000, -319.9999999999999432 ) ) ;
#1948 = SHAPE_DEFINITION_REPRESENTATION ( #1344, #1637 ) ;
#1949 = AXIS2_PLACEMENT_3D ( 'NONE', #25, #2079, #371 ) ;
#1950 = VECTOR ( 'NONE', #139, 1000.000000000000000 ) ;
#1951 = CARTESIAN_POINT ( 'NONE',  ( -19.00000000000000355, 7.499999999999989342, -222.4999999999998579 ) ) ;
#1952 = ORIENTED_EDGE ( 'NONE', *, *, #247, .F. ) ;
#1953 = EDGE_LOOP ( 'NONE', ( #194, #988, #1863, #689 ) ) ;
#1954 = DIRECTION ( 'NONE',  ( -0.000000000000000000, 1.000000000000000000, -0.000000000000000000 ) ) ;
#1955 = CARTESIAN_POINT ( 'NONE',  ( -133.4668783648703254, 0.000000000000000000, -37.49999999999997868 ) ) ;
#1956 = DIRECTION ( 'NONE',  ( 0.000000000000000000, -1.000000000000000000, 0.000000000000000000 ) ) ;
#1957 = CARTESIAN_POINT ( 'NONE',  ( -160.0000000000000000, 7.500000000000000000, -9.000000000000001776 ) ) ;
#1958 = DIRECTION ( 'NONE',  ( -0.000000000000000000, -1.000000000000000000, -0.000000000000000000 ) ) ;
#1959 = CARTESIAN_POINT ( 'NONE',  ( -52.06143379864254683, 0.000000000000000000, -38.74999999999986500 ) ) ;
#1960 = EDGE_CURVE ( 'NONE', #1016, #482, #1888, .T. ) ;
#1961 = ORIENTED_EDGE ( 'NONE', *, *, #1393, .T. ) ;
#1962 = ORIENTED_EDGE ( 'NONE', *, *, #301, .F. ) ;
#1963 = DIRECTION ( 'NONE',  ( -0.000000000000000000, -0.000000000000000000, 1.000000000000000000 ) ) ;
#1964 = ORIENTED_EDGE ( 'NONE', *, *, #1273, .F. ) ;
#1965 = LINE ( 'NONE', #71, #1237 ) ;
#1966 = AXIS2_PLACEMENT_3D ( 'NONE', #1156, #1846, #303 ) ;
#1967 = DIRECTION ( 'NONE',  ( -0.000000000000000000, -1.000000000000000000, -0.000000000000000000 ) ) ;
#1968 = ADVANCED_FACE ( 'NONE', ( #827 ), #816, .F. ) ;
#1969 = DIRECTION ( 'NONE',  ( -0.8571673007021125557, 1.049727191138618942E-16, 0.5150380749100536004 ) ) ;
#1970 = CARTESIAN_POINT ( 'NONE',  ( -10.00000000000000711, 7.499999999999989342, -219.9999999999998579 ) ) ;
#1971 = VECTOR ( 'NONE', #1599, 1000.000000000000000 ) ;
#1972 = CYLINDRICAL_SURFACE ( 'NONE', #435, 2.500000000000002220 ) ;
#1973 = ADVANCED_FACE ( 'NONE', ( #1194 ), #2206, .F. ) ;
#1974 = ORIENTED_EDGE ( 'NONE', *, *, #1160, .F. ) ;
#1975 = LINE ( 'NONE', #1466, #836 ) ;
#1976 = EDGE_LOOP ( 'NONE', ( #425, #426 ) ) ;
#1977 = DIRECTION ( 'NONE',  ( -1.000000000000000000, -0.000000000000000000, -0.000000000000000000 ) ) ;
#1978 = CARTESIAN_POINT ( 'NONE',  ( -51.00000000000001421, 7.500000000000000000, -317.4999999999999432 ) ) ;
#1979 = DIRECTION ( 'NONE',  ( -1.000000000000000000, -0.000000000000000000, -0.000000000000000000 ) ) ;
#1980 = DIRECTION ( 'NONE',  ( 0.000000000000000000, 0.000000000000000000, -1.000000000000000000 ) ) ;
#1981 = VECTOR ( 'NONE', #360, 1000.000000000000000 ) ;
#1982 = DIRECTION ( 'NONE',  ( 0.000000000000000000, 1.000000000000000000, 0.000000000000000000 ) ) ;
#1983 = CIRCLE ( 'NONE', #1739, 25.00000000000002132 ) ;
#1984 = ADVANCED_FACE ( 'NONE', ( #309 ), #2027, .F. ) ;
#1985 = VECTOR ( 'NONE', #977, 1000.000000000000000 ) ;
#1986 = CIRCLE ( 'NONE', #1565, 2.500000000000002220 ) ;
#1987 = CARTESIAN_POINT ( 'NONE',  ( -200.0000000000000000, 7.500000000000000000, -9.000000000000001776 ) ) ;
#1988 = AXIS2_PLACEMENT_3D ( 'NONE', #619, #1463, #452 ) ;
#1989 = VECTOR ( 'NONE', #1335, 1000.000000000000000 ) ;
#1990 = EDGE_LOOP ( 'NONE', ( #1334, #200, #724, #1163 ) ) ;
#1991 = ORIENTED_EDGE ( 'NONE', *, *, #1281, .T. ) ;
#1992 = CARTESIAN_POINT ( 'NONE',  ( -200.0000000000000000, 7.500000000000000000, -10.50215154756890179 ) ) ;
#1993 = DIRECTION ( 'NONE',  ( -0.000000000000000000, -0.000000000000000000, 1.000000000000000000 ) ) ;
#1994 = LINE ( 'NONE', #1675, #1595 ) ;
#1995 = CARTESIAN_POINT ( 'NONE',  ( -120.0000000000000000, 7.500000000000000000, 0.000000000000000000 ) ) ;
#1996 = CYLINDRICAL_SURFACE ( 'NONE', #722, 12.50000000000000355 ) ;
#1997 = DIRECTION ( 'NONE',  ( -0.000000000000000000, 0.000000000000000000, 1.000000000000000000 ) ) ;
#1998 = FACE_OUTER_BOUND ( 'NONE', #2144, .T. ) ;
#1999 = CARTESIAN_POINT ( 'NONE',  ( -10.00000000000000711, 7.499999999999983125, -174.9999999999998863 ) ) ;
#2000 = EDGE_CURVE ( 'NONE', #1632, #846, #2128, .T. ) ;
#2001 = ORIENTED_EDGE ( 'NONE', *, *, #49, .F. ) ;
#2002 = EDGE_LOOP ( 'NONE', ( #1547, #2228, #1797 ) ) ;
#2003 = LINE ( 'NONE', #263, #2023 ) ;
#2004 = DIRECTION ( 'NONE',  ( 1.000000000000000000, 0.000000000000000000, -0.000000000000000000 ) ) ;
#2005 = VERTEX_POINT ( 'NONE', #2219 ) ;
#2006 = DIRECTION ( 'NONE',  ( 0.8571673007021125557, 0.000000000000000000, 0.5150380749100536004 ) ) ;
#2007 = CARTESIAN_POINT ( 'NONE',  ( -205.0000000000001137, 15.00000000000000000, -24.99999999999997868 ) ) ;
#2008 = ORIENTED_EDGE ( 'NONE', *, *, #1105, .T. ) ;
#2009 = CARTESIAN_POINT ( 'NONE',  ( -19.00000000000000355, 7.499999999999983125, -174.9999999999998863 ) ) ;
#2010 = CIRCLE ( 'NONE', #709, 12.50000000000000711 ) ;
#2011 = DIRECTION ( 'NONE',  ( 0.000000000000000000, 1.000000000000000000, 0.000000000000000000 ) ) ;
#2012 = EDGE_CURVE ( 'NONE', #1058, #1536, #981, .T. ) ;
#2013 = ORIENTED_EDGE ( 'NONE', *, *, #1814, .T. ) ;
#2014 = VERTEX_POINT ( 'NONE', #1861 ) ;
#2015 = DIRECTION ( 'NONE',  ( 0.000000000000000000, 0.000000000000000000, 1.000000000000000000 ) ) ;
#2016 = LINE ( 'NONE', #1330, #2089 ) ;
#2017 = DIRECTION ( 'NONE',  ( -0.5150380749100580413, 0.000000000000000000, 0.8571673007021101132 ) ) ;
#2018 = FACE_BOUND ( 'NONE', #170, .T. ) ;
#2019 = ORIENTED_EDGE ( 'NONE', *, *, #1230, .F. ) ;
#2020 = ADVANCED_FACE ( 'NONE', ( #498, #1606, #542, #738, #1068, #1733 ), #57, .T. ) ;
#2021 = CARTESIAN_POINT ( 'NONE',  ( -35.00000000000021316, 15.00000000000000000, -230.4006350946107204 ) ) ;
#2022 = DIRECTION ( 'NONE',  ( 1.000000000000000000, 0.000000000000000000, 0.000000000000000000 ) ) ;
#2023 = VECTOR ( 'NONE', #753, 1000.000000000000000 ) ;
#2024 = ORIENTED_EDGE ( 'NONE', *, *, #560, .F. ) ;
#2025 = ORIENTED_EDGE ( 'NONE', *, *, #1852, .F. ) ;
#2026 = DIRECTION ( 'NONE',  ( 0.000000000000000000, 0.000000000000000000, 1.000000000000000000 ) ) ;
#2027 = CONICAL_SURFACE ( 'NONE', #939, 2.500000000000002220, 1.029744258676655200 ) ;
#2028 = FACE_OUTER_BOUND ( 'NONE', #835, .T. ) ;
#2029 = ORIENTED_EDGE ( 'NONE', *, *, #815, .F. ) ;
#2030 = DIRECTION ( 'NONE',  ( -0.000000000000000000, -0.000000000000000000, 1.000000000000000000 ) ) ;
#2031 = AXIS2_PLACEMENT_3D ( 'NONE', #2175, #1507, #2199 ) ;
#2032 = DIRECTION ( 'NONE',  ( 0.000000000000000000, 1.000000000000000000, 0.000000000000000000 ) ) ;
#2033 = ORIENTED_EDGE ( 'NONE', *, *, #1573, .T. ) ;
#2034 = PLANE ( 'NONE',  #2065 ) ;
#2035 = DIRECTION ( 'NONE',  ( -1.000000000000000000, -0.000000000000000000, -0.000000000000000000 ) ) ;
#2036 = ORIENTED_EDGE ( 'NONE', *, *, #1761, .F. ) ;
#2037 = VERTEX_POINT ( 'NONE', #1232 ) ;
#2038 = FACE_OUTER_BOUND ( 'NONE', #573, .T. ) ;
#2039 = EDGE_LOOP ( 'NONE', ( #1708, #2090, #192, #700 ) ) ;
#2040 = CARTESIAN_POINT ( 'NONE',  ( -60.00000000000001421, 7.500000000000000000, -259.9999999999998863 ) ) ;
#2041 = ORIENTED_EDGE ( 'NONE', *, *, #1442, .F. ) ;
#2042 = EDGE_CURVE ( 'NONE', #1200, #864, #1434, .T. ) ;
#2043 = DIRECTION ( 'NONE',  ( -0.000000000000000000, -0.000000000000000000, 1.000000000000000000 ) ) ;
#2044 = EDGE_CURVE ( 'NONE', #1036, #414, #1746, .T. ) ;
#2045 = PRESENTATION_STYLE_ASSIGNMENT (( #1 ) ) ;
#2046 = EDGE_LOOP ( 'NONE', ( #1811, #1203 ) ) ;
#2047 = ORIENTED_EDGE ( 'NONE', *, *, #175, .T. ) ;
#2048 = LINE ( 'NONE', #483, #718 ) ;
#2049 = AXIS2_PLACEMENT_3D ( 'NONE', #1365, #343, #2198 ) ;
#2050 = EDGE_CURVE ( 'NONE', #841, #663, #1908, .T. ) ;
#2051 = EDGE_LOOP ( 'NONE', ( #966, #1643, #537, #1561 ) ) ;
#2052 = ORIENTED_EDGE ( 'NONE', *, *, #1217, .T. ) ;
#2053 = CARTESIAN_POINT ( 'NONE',  ( -60.00000000000001421, 7.500000000000000000, -292.4999999999999432 ) ) ;
#2054 = DIRECTION ( 'NONE',  ( -0.000000000000000000, 1.000000000000000000, -0.000000000000000000 ) ) ;
#2055 = CARTESIAN_POINT ( 'NONE',  ( -60.00000000000001421, 7.500000000000000000, -317.4999999999999432 ) ) ;
#2056 = CIRCLE ( 'NONE', #1558, 12.50000000000021316 ) ;
#2057 = ADVANCED_FACE ( 'NONE', ( #378 ), #1629, .F. ) ;
#2058 = AXIS2_PLACEMENT_3D ( 'NONE', #2040, #865, #1050 ) ;
#2059 = ORIENTED_EDGE ( 'NONE', *, *, #209, .F. ) ;
#2060 = DIRECTION ( 'NONE',  ( -1.019432477910687129E-16, 0.000000000000000000, 1.000000000000000000 ) ) ;
#2061 = EDGE_LOOP ( 'NONE', ( #1002, #1090, #1537, #1396 ) ) ;
#2062 = ORIENTED_EDGE ( 'NONE', *, *, #1076, .T. ) ;
#2063 = VECTOR ( 'NONE', #423, 1000.000000000000000 ) ;
#2064 = CARTESIAN_POINT ( 'NONE',  ( -60.00000000000000000, 15.00000000000000000, 7.347880794884127822E-15 ) ) ;
#2065 = AXIS2_PLACEMENT_3D ( 'NONE', #785, #655, #128 ) ;
#2066 = DIRECTION ( 'NONE',  ( -0.000000000000000000, -0.000000000000000000, 1.000000000000000000 ) ) ;
#2067 = EDGE_CURVE ( 'NONE', #2118, #394, #330, .T. ) ;
#2068 = DIRECTION ( 'NONE',  ( 0.000000000000000000, 1.000000000000000000, 0.000000000000000000 ) ) ;
#2069 = VERTEX_POINT ( 'NONE', #888 ) ;
#2070 = DIRECTION ( 'NONE',  ( -0.000000000000000000, -0.000000000000000000, 1.000000000000000000 ) ) ;
#2071 = ADVANCED_FACE ( 'NONE', ( #2087 ), #1240, .F. ) ;
#2072 = VERTEX_POINT ( 'NONE', #559 ) ;
#2073 = VERTEX_POINT ( 'NONE', #1583 ) ;
#2074 = ORIENTED_EDGE ( 'NONE', *, *, #345, .F. ) ;
#2075 = VECTOR ( 'NONE', #1932, 1000.000000000000000 ) ;
#2076 = DIRECTION ( 'NONE',  ( -1.000000000000000000, -0.000000000000000000, -0.000000000000000000 ) ) ;
#2077 = EDGE_CURVE ( 'NONE', #1114, #450, #1358, .T. ) ;
#2078 = DIRECTION ( 'NONE',  ( 1.000000000000000000, 0.000000000000000000, 0.000000000000000000 ) ) ;
#2079 = DIRECTION ( 'NONE',  ( -0.000000000000000000, -0.000000000000000000, 1.000000000000000000 ) ) ;
#2080 = FACE_BOUND ( 'NONE', #855, .T. ) ;
#2081 = ADVANCED_FACE ( 'NONE', ( #214 ), #879, .F. ) ;
#2082 = CONICAL_SURFACE ( 'NONE', #1793, 2.500000000000002220, 1.029744258676650093 ) ;
#2083 = ORIENTED_EDGE ( 'NONE', *, *, #439, .T. ) ;
#2084 = ORIENTED_EDGE ( 'NONE', *, *, #239, .T. ) ;
#2085 = CARTESIAN_POINT ( 'NONE',  ( -35.00000000000019895, 15.00000000000000000, -114.0067937974241090 ) ) ;
#2086 = DIRECTION ( 'NONE',  ( 1.000000000000000000, -0.000000000000000000, 7.127122356470057216E-18 ) ) ;
#2087 = FACE_OUTER_BOUND ( 'NONE', #2172, .T. ) ;
#2088 = DIRECTION ( 'NONE',  ( 0.000000000000000000, 0.000000000000000000, 1.000000000000000000 ) ) ;
#2089 = VECTOR ( 'NONE', #940, 1000.000000000000000 ) ;
#2090 = ORIENTED_EDGE ( 'NONE', *, *, #904, .F. ) ;
#2091 = EDGE_LOOP ( 'NONE', ( #1111, #1974, #1609, #1964 ) ) ;
#2092 = VECTOR ( 'NONE', #327, 1000.000000000000000 ) ;
#2093 = CARTESIAN_POINT ( 'NONE',  ( -47.50000000000001421, 15.00000000000000000, -192.9006350946109762 ) ) ;
#2094 = VECTOR ( 'NONE', #1659, 1000.000000000000000 ) ;
#2095 = AXIS2_PLACEMENT_3D ( 'NONE', #933, #2130, #1817 ) ;
#2096 = CARTESIAN_POINT ( 'NONE',  ( -10.00000000000000711, 7.499999999999989342, -219.9999999999998579 ) ) ;
#2097 = DIRECTION ( 'NONE',  ( 0.000000000000000000, 0.000000000000000000, 1.000000000000000000 ) ) ;
#2098 = CARTESIAN_POINT ( 'NONE',  ( -60.00000000000001421, 15.00000000000000000, -100.0000000000004547 ) ) ;
#2099 = ORIENTED_EDGE ( 'NONE', *, *, #2012, .T. ) ;
#2100 = ORIENTED_EDGE ( 'NONE', *, *, #1217, .F. ) ;
#2101 = CYLINDRICAL_SURFACE ( 'NONE', #390, 12.49999999999978861 ) ;
#2102 = CARTESIAN_POINT ( 'NONE',  ( -230.0000000000000000, 0.000000000000000000, -49.99999999999997158 ) ) ;
#2103 = DIRECTION ( 'NONE',  ( -0.000000000000000000, 1.000000000000000000, -0.000000000000000000 ) ) ;
#2104 = ADVANCED_FACE ( 'NONE', ( #1897 ), #48, .F. ) ;
#2105 = ADVANCED_FACE ( 'NONE', ( #1924 ), #1493, .F. ) ;
#2106 = EDGE_CURVE ( 'NONE', #987, #1678, #1062, .T. ) ;
#2107 = DIRECTION ( 'NONE',  ( 0.000000000000000000, 0.000000000000000000, 1.000000000000000000 ) ) ;
#2108 = EDGE_CURVE ( 'NONE', #1189, #2192, #1597, .T. ) ;
#2109 = DIRECTION ( 'NONE',  ( -2.325386386568931894E-16, 0.000000000000000000, -1.000000000000000000 ) ) ;
#2110 = ORIENTED_EDGE ( 'NONE', *, *, #1549, .T. ) ;
#2111 = ORIENTED_EDGE ( 'NONE', *, *, #2181, .T. ) ;
#2112 = EDGE_LOOP ( 'NONE', ( #1394, #666, #1102, #659 ) ) ;
#2113 = DIRECTION ( 'NONE',  ( -0.000000000000000000, -1.000000000000000000, -0.000000000000000000 ) ) ;
#2114 = DIRECTION ( 'NONE',  ( 1.000000000000000000, 0.000000000000000000, 0.000000000000000000 ) ) ;
#2115 = LINE ( 'NONE', #1470, #1684 ) ;
#2116 = CARTESIAN_POINT ( 'NONE',  ( -157.5000000000000000, 7.500000000000000000, 6.735557395310310629E-17 ) ) ;
#2117 = CARTESIAN_POINT ( 'NONE',  ( -10.00000000000000533, 7.499999999999983125, -174.9999999999998863 ) ) ;
#2118 = VERTEX_POINT ( 'NONE', #33 ) ;
#2119 = EDGE_LOOP ( 'NONE', ( #574, #519, #1688 ) ) ;
#2120 = FACE_OUTER_BOUND ( 'NONE', #2196, .T. ) ;
#2121 = CIRCLE ( 'NONE', #866, 2.500000000000002220 ) ;
#2122 = DIRECTION ( 'NONE',  ( 0.000000000000000000, 0.000000000000000000, 1.000000000000000000 ) ) ;
#2123 = CONICAL_SURFACE ( 'NONE', #157, 2.499999999999974243, 1.029744258676650093 ) ;
#2124 = CARTESIAN_POINT ( 'NONE',  ( -35.00000000000021316, 15.00000000000000000, -217.9006350946109478 ) ) ;
#2125 = DIRECTION ( 'NONE',  ( -0.000000000000000000, -0.000000000000000000, 1.000000000000000000 ) ) ;
#2126 = DIRECTION ( 'NONE',  ( -1.000000000000000000, -0.000000000000000000, -0.000000000000000000 ) ) ;
#2127 = EDGE_CURVE ( 'NONE', #1610, #9, #1933, .T. ) ;
#2128 = CIRCLE ( 'NONE', #1312, 2.500000000000002220 ) ;
#2129 = CIRCLE ( 'NONE', #196, 2.500000000000002220 ) ;
#2130 = DIRECTION ( 'NONE',  ( -1.000000000000000000, -0.000000000000000000, -0.000000000000000000 ) ) ;
#2131 = EDGE_CURVE ( 'NONE', #180, #316, #163, .T. ) ;
#2132 = ORIENTED_EDGE ( 'NONE', *, *, #1483, .F. ) ;
#2133 = ORIENTED_EDGE ( 'NONE', *, *, #370, .F. ) ;
#2134 = CARTESIAN_POINT ( 'NONE',  ( -47.50000000000001421, 15.00000000000000000, -230.4006350946107204 ) ) ;
#2135 = EDGE_LOOP ( 'NONE', ( #502, #828 ) ) ;
#2136 = DIRECTION ( 'NONE',  ( -0.000000000000000000, 1.000000000000000000, -0.000000000000000000 ) ) ;
#2137 = CARTESIAN_POINT ( 'NONE',  ( -205.0000000000000284, 0.000000000000000000, -24.99999999999997513 ) ) ;
#2138 = LINE ( 'NONE', #590, #22 ) ;
#2139 = CARTESIAN_POINT ( 'NONE',  ( -162.5000000000000000, 7.500000000000000000, -9.000000000000001776 ) ) ;
#2140 = EDGE_CURVE ( 'NONE', #1164, #1939, #1498, .T. ) ;
#2141 = CARTESIAN_POINT ( 'NONE',  ( -60.00000000000001421, 0.000000000000000000, -100.0000000000004547 ) ) ;
#2142 = VECTOR ( 'NONE', #1858, 1000.000000000000000 ) ;
#2143 = DIRECTION ( 'NONE',  ( 0.000000000000000000, 0.000000000000000000, 1.000000000000000000 ) ) ;
#2144 = EDGE_LOOP ( 'NONE', ( #2210, #610, #1600, #2084 ) ) ;
#2145 = FACE_OUTER_BOUND ( 'NONE', #562, .T. ) ;
#2146 = ORIENTED_EDGE ( 'NONE', *, *, #1783, .F. ) ;
#2147 = DIRECTION ( 'NONE',  ( -1.000000000000000000, -0.000000000000000000, -0.000000000000000000 ) ) ;
#2148 = CARTESIAN_POINT ( 'NONE',  ( -60.00000000000001421, 7.500000000000000000, -259.9999999999998863 ) ) ;
#2149 = CARTESIAN_POINT ( 'NONE',  ( -51.00000000000001421, 7.500000000000000000, -289.9999999999999432 ) ) ;
#2150 = CARTESIAN_POINT ( 'NONE',  ( -88.86751345948140113, 0.000000000000000000, -49.99999999999997158 ) ) ;
#2151 = VECTOR ( 'NONE', #2109, 1000.000000000000000 ) ;
#2152 = LINE ( 'NONE', #436, #1533 ) ;
#2153 = DIRECTION ( 'NONE',  ( -0.000000000000000000, 1.000000000000000000, -0.000000000000000000 ) ) ;
#2154 = EDGE_LOOP ( 'NONE', ( #1064, #1750, #1496, #789 ) ) ;
#2155 = PLANE ( 'NONE',  #1122 ) ;
#2156 = DIRECTION ( 'NONE',  ( 0.000000000000000000, 0.000000000000000000, 1.000000000000000000 ) ) ;
#2157 = CARTESIAN_POINT ( 'NONE',  ( -51.00000000000001421, 7.500000000000000000, -262.4999999999998863 ) ) ;
#2158 = AXIS2_PLACEMENT_3D ( 'NONE', #1278, #557, #1603 ) ;
#2159 = AXIS2_PLACEMENT_3D ( 'NONE', #1650, #823, #1677 ) ;
#2160 = DIRECTION ( 'NONE',  ( 0.000000000000000000, 0.000000000000000000, 1.000000000000000000 ) ) ;
#2161 = DIRECTION ( 'NONE',  ( -0.000000000000000000, 1.000000000000000000, -0.000000000000000000 ) ) ;
#2162 = AXIS2_PLACEMENT_3D ( 'NONE', #1517, #1812, #93 ) ;
#2163 = EDGE_CURVE ( 'NONE', #1327, #1894, #1129, .T. ) ;
#2164 = CARTESIAN_POINT ( 'NONE',  ( -133.4668783648703254, 15.00000000000000000, -24.99999999999997158 ) ) ;
#2165 = DIRECTION ( 'NONE',  ( 0.000000000000000000, 1.000000000000000000, 0.000000000000000000 ) ) ;
#2166 = VECTOR ( 'NONE', #2017, 999.9999999999998863 ) ;
#2167 = AXIS2_PLACEMENT_3D ( 'NONE', #1362, #2035, #489 ) ;
#2168 = CONICAL_SURFACE ( 'NONE', #1022, 2.500000000000002220, 1.029744258676650093 ) ;
#2169 = CARTESIAN_POINT ( 'NONE',  ( -205.0000000000001137, 15.00000000000000000, -12.49999999999997335 ) ) ;
#2170 = VECTOR ( 'NONE', #1785, 1000.000000000000000 ) ;
#2171 = AXIS2_PLACEMENT_3D ( 'NONE', #1320, #1700, #814 ) ;
#2172 = EDGE_LOOP ( 'NONE', ( #1765, #161, #90, #2047 ) ) ;
#2173 = ORIENTED_EDGE ( 'NONE', *, *, #511, .F. ) ;
#2174 = DIRECTION ( 'NONE',  ( 1.000000000000000000, 0.000000000000000000, 0.000000000000000000 ) ) ;
#2175 = CARTESIAN_POINT ( 'NONE',  ( -35.00000000000021316, 15.00000000000000000, -192.9006350946109762 ) ) ;
#2176 = VERTEX_POINT ( 'NONE', #2116 ) ;
#2177 = DIRECTION ( 'NONE',  ( 1.000000000000000000, 0.000000000000000000, 0.000000000000000000 ) ) ;
#2178 = DIRECTION ( 'NONE',  ( 0.000000000000000000, -0.000000000000000000, 1.000000000000000000 ) ) ;
#2179 = EDGE_LOOP ( 'NONE', ( #1253, #948, #286, #1331, #347 ) ) ;
#2180 = PLANE ( 'NONE',  #1426 ) ;
#2181 = EDGE_CURVE ( 'NONE', #1429, #1327, #1807, .T. ) ;
#2182 = CIRCLE ( 'NONE', #970, 2.500000000000002220 ) ;
#2183 = CARTESIAN_POINT ( 'NONE',  ( -200.0000000000000000, 7.500000000000000000, 6.735557395310310629E-17 ) ) ;
#2184 = EDGE_CURVE ( 'NONE', #1787, #704, #2152, .T. ) ;
#2185 = ORIENTED_EDGE ( 'NONE', *, *, #1392, .T. ) ;
#2186 = EDGE_LOOP ( 'NONE', ( #1489, #1191, #1555, #520, #1382, #1364, #583, #325, #871, #2203 ) ) ;
#2187 = FACE_OUTER_BOUND ( 'NONE', #844, .T. ) ;
#2188 = EDGE_CURVE ( 'NONE', #841, #1436, #1305, .T. ) ;
#2189 = FACE_OUTER_BOUND ( 'NONE', #355, .T. ) ;
#2190 = CARTESIAN_POINT ( 'NONE',  ( -51.00000000000001421, 7.500000000000000000, -289.9999999999999432 ) ) ;
#2191 = CARTESIAN_POINT ( 'NONE',  ( 0.000000000000000000, 0.000000000000000000, 0.000000000000000000 ) ) ;
#2192 = VERTEX_POINT ( 'NONE', #1319 ) ;
#2193 = DIRECTION ( 'NONE',  ( 0.000000000000000000, 0.000000000000000000, 1.000000000000000000 ) ) ;
#2194 = VECTOR ( 'NONE', #379, 1000.000000000000000 ) ;
#2195 = DIRECTION ( 'NONE',  ( -0.000000000000000000, -0.000000000000000000, 1.000000000000000000 ) ) ;
#2196 = EDGE_LOOP ( 'NONE', ( #1716, #818, #456, #1680 ) ) ;
#2197 = ORIENTED_EDGE ( 'NONE', *, *, #1909, .T. ) ;
#2198 = DIRECTION ( 'NONE',  ( 1.000000000000000000, 0.000000000000000000, 0.000000000000000000 ) ) ;
#2199 = DIRECTION ( 'NONE',  ( 0.000000000000000000, 0.000000000000000000, 1.000000000000000000 ) ) ;
#2200 = ORIENTED_EDGE ( 'NONE', *, *, #1590, .T. ) ;
#2201 = DIRECTION ( 'NONE',  ( 0.000000000000000000, 0.000000000000000000, 1.000000000000000000 ) ) ;
#2202 = FACE_OUTER_BOUND ( 'NONE', #711, .T. ) ;
#2203 = ORIENTED_EDGE ( 'NONE', *, *, #1906, .T. ) ;
#2204 = AXIS2_PLACEMENT_3D ( 'NONE', #705, #1766, #1262 ) ;
#2205 = DIRECTION ( 'NONE',  ( 0.000000000000000000, 0.000000000000000000, 1.000000000000000000 ) ) ;
#2206 = CYLINDRICAL_SURFACE ( 'NONE', #1743, 12.49999999999980282 ) ;
#2207 = CIRCLE ( 'NONE', #294, 12.50000000000000355 ) ;
#2208 = AXIS2_PLACEMENT_3D ( 'NONE', #1220, #362, #1043 ) ;
#2209 = ORIENTED_EDGE ( 'NONE', *, *, #2212, .F. ) ;
#2210 = ORIENTED_EDGE ( 'NONE', *, *, #234, .T. ) ;
#2211 = CARTESIAN_POINT ( 'NONE',  ( -10.00000000000000711, 0.000000000000000000, -304.9999999999998863 ) ) ;
#2212 = EDGE_CURVE ( 'NONE', #680, #1259, #248, .T. ) ;
#2213 = ORIENTED_EDGE ( 'NONE', *, *, #165, .T. ) ;
#2214 = CYLINDRICAL_SURFACE ( 'NONE', #2, 2.500000000000002220 ) ;
#2215 = ORIENTED_EDGE ( 'NONE', *, *, #962, .T. ) ;
#2216 = EDGE_CURVE ( 'NONE', #1406, #884, #772, .T. ) ;
#2217 = CARTESIAN_POINT ( 'NONE',  ( -60.00000000000001421, 7.500000000000000000, -319.9999999999999432 ) ) ;
#2218 = EDGE_CURVE ( 'NONE', #1176, #2014, #784, .T. ) ;
#2219 = CARTESIAN_POINT ( 'NONE',  ( -133.4668783648703254, 0.000000000000000000, -12.49999999999996980 ) ) ;
#2220 = VERTEX_POINT ( 'NONE', #1097 ) ;
#2221 = ORIENTED_EDGE ( 'NONE', *, *, #850, .F. ) ;
#2222 = DIRECTION ( 'NONE',  ( -0.000000000000000000, 1.000000000000000000, -0.000000000000000000 ) ) ;
#2223 = ORIENTED_EDGE ( 'NONE', *, *, #142, .F. ) ;
#2224 = DIRECTION ( 'NONE',  ( 0.000000000000000000, 0.000000000000000000, 1.000000000000000000 ) ) ;
#2225 = ADVANCED_FACE ( 'NONE', ( #1803 ), #1133, .F. ) ;
#2226 = CARTESIAN_POINT ( 'NONE',  ( -60.00000000000001421, 7.500000000000000000, -257.4999999999998863 ) ) ;
#2227 = LINE ( 'NONE', #2055, #1844 ) ;
#2228 = ORIENTED_EDGE ( 'NONE', *, *, #569, .T. ) ;
#2229 = CARTESIAN_POINT ( 'NONE',  ( -49.49784845243110709, 7.499999999999997335, -259.9999999999998863 ) ) ;
#2230 = ORIENTED_EDGE ( 'NONE', *, *, #301, .T. ) ;
#2231 = ORIENTED_EDGE ( 'NONE', *, *, #1683, .T. ) ;
#2232 = CARTESIAN_POINT ( 'NONE',  ( -205.0000000000001137, 15.00000000000000000, -12.49999999999997335 ) ) ;
#2233 = CARTESIAN_POINT ( 'NONE',  ( -47.50000000000001421, 15.00000000000000000, -305.0000000000001705 ) ) ;
#2234 = EDGE_CURVE ( 'NONE', #1137, #1406, #1627, .T. ) ;
ENDSEC;
END-ISO-10303-21;
