ISO-10303-21;
HEADER;
FILE_DESCRIPTION (( 'STEP AP214' ),
    '1' );
FILE_NAME ('YM080 Hub.STEP',
    '2026-01-31T06:51:52',
    ( '' ),
    ( '' ),
    'SwSTEP 2.0',
    'SolidWorks 2026',
    '' );
FILE_SCHEMA (( 'AUTOMOTIVE_DESIGN' ));
ENDSEC;

DATA;
#1 = ADVANCED_FACE ( 'NONE', ( #62 ), #311, .F. ) ;
#2 = CARTESIAN_POINT ( 'NONE',  ( -16.26345596729073151, 8.000000000000000000, 14.21345596729045546 ) ) ;
#3 = VERTEX_POINT ( 'NONE', #547 ) ;
#4 = DIRECTION ( 'NONE',  ( 0.000000000000000000, 0.000000000000000000, 1.000000000000000000 ) ) ;
#5 = AXIS2_PLACEMENT_3D ( 'NONE', #842, #1447, #852 ) ;
#6 = VERTEX_POINT ( 'NONE', #294 ) ;
#7 = ADVANCED_FACE ( 'NONE', ( #867 ), #84, .F. ) ;
#8 = CARTESIAN_POINT ( 'NONE',  ( -17.22075445642908065, 8.000000000000000000, -41.57457896300788747 ) ) ;
#9 = VERTEX_POINT ( 'NONE', #858 ) ;
#10 = AXIS2_PLACEMENT_3D ( 'NONE', #169, #263, #620 ) ;
#11 = AXIS2_PLACEMENT_3D ( 'NONE', #208, #663, #332 ) ;
#12 = VERTEX_POINT ( 'NONE', #1184 ) ;
#13 = AXIS2_PLACEMENT_3D ( 'NONE', #707, #1042, #1047 ) ;
#14 = DIRECTION ( 'NONE',  ( 0.000000000000000000, 0.000000000000000000, 1.000000000000000000 ) ) ;
#15 = AXIS2_PLACEMENT_3D ( 'NONE', #766, #334, #1214 ) ;
#16 = EDGE_CURVE ( 'NONE', #367, #1062, #1373, .T. ) ;
#17 = ORIENTED_EDGE ( 'NONE', *, *, #1380, .F. ) ;
#18 = DIRECTION ( 'NONE',  ( 0.000000000000000000, 1.000000000000000000, 0.000000000000000000 ) ) ;
#19 = EDGE_LOOP ( 'NONE', ( #678, #17 ) ) ;
#20 = ORIENTED_EDGE ( 'NONE', *, *, #485, .T. ) ;
#21 = CARTESIAN_POINT ( 'NONE',  ( -17.22075445642907709, 8.000000000000000000, 41.57457896300788747 ) ) ;
#22 = CARTESIAN_POINT ( 'NONE',  ( 0.000000000000000000, 8.000000000000000000, -55.00000000000000000 ) ) ;
#23 = ORIENTED_EDGE ( 'NONE', *, *, #459, .F. ) ;
#24 = EDGE_CURVE ( 'NONE', #56, #596, #292, .T. ) ;
#25 = CARTESIAN_POINT ( 'NONE',  ( 16.26345596729050769, 8.000000000000000000, 14.21345596729068106 ) ) ;
#26 = ADVANCED_FACE ( 'NONE', ( #975 ), #409, .F. ) ;
#27 = ORIENTED_EDGE ( 'NONE', *, *, #1267, .T. ) ;
#28 = DIRECTION ( 'NONE',  ( 0.000000000000000000, 0.000000000000000000, 1.000000000000000000 ) ) ;
#29 = CIRCLE ( 'NONE', #218, 2.049999999999996270 ) ;
#30 = CIRCLE ( 'NONE', #1398, 2.049999999999996270 ) ;
#31 = STYLED_ITEM ( 'NONE', ( #1320 ), #950 ) ;
#32 = DIRECTION ( 'NONE',  ( -0.000000000000000000, 1.000000000000000000, -0.000000000000000000 ) ) ;
#33 = DIRECTION ( 'NONE',  ( 0.000000000000000000, 0.000000000000000000, 1.000000000000000000 ) ) ;
#34 = EDGE_CURVE ( 'NONE', #1369, #515, #1198, .T. ) ;
#35 = DIRECTION ( 'NONE',  ( -0.000000000000000000, 1.000000000000000000, -0.000000000000000000 ) ) ;
#36 = ORIENTED_EDGE ( 'NONE', *, *, #1255, .T. ) ;
#37 = CYLINDRICAL_SURFACE ( 'NONE', #942, 2.499999999999998668 ) ;
#38 = CARTESIAN_POINT ( 'NONE',  ( -16.26345596729073151, 8.000000000000000000, 14.21345596729045369 ) ) ;
#39 = VERTEX_POINT ( 'NONE', #648 ) ;
#40 = EDGE_CURVE ( 'NONE', #301, #128, #846, .T. ) ;
#41 = DIRECTION ( 'NONE',  ( 0.000000000000000000, 0.000000000000000000, 1.000000000000000000 ) ) ;
#42 = ADVANCED_FACE ( 'NONE', ( #1094 ), #320, .F. ) ;
#43 = ORIENTED_EDGE ( 'NONE', *, *, #1224, .T. ) ;
#44 = DIRECTION ( 'NONE',  ( -0.000000000000000000, 1.000000000000000000, -0.000000000000000000 ) ) ;
#45 = CARTESIAN_POINT ( 'NONE',  ( 0.000000000000000000, 8.000000000000000000, 0.000000000000000000 ) ) ;
#46 = ORIENTED_EDGE ( 'NONE', *, *, #996, .F. ) ;
#47 = DIRECTION ( 'NONE',  ( 0.000000000000000000, 0.000000000000000000, 1.000000000000000000 ) ) ;
#48 = ADVANCED_FACE ( 'NONE', ( #763 ), #431, .F. ) ;
#49 = ORIENTED_EDGE ( 'NONE', *, *, #1308, .T. ) ;
#50 = AXIS2_PLACEMENT_3D ( 'NONE', #302, #293, #737 ) ;
#51 = DIRECTION ( 'NONE',  ( -0.000000000000000000, 1.000000000000000000, -0.000000000000000000 ) ) ;
#52 = AXIS2_PLACEMENT_3D ( 'NONE', #1219, #106, #310 ) ;
#53 = FACE_BOUND ( 'NONE', #1335, .T. ) ;
#54 = CIRCLE ( 'NONE', #13, 2.499999999999995115 ) ;
#55 = CARTESIAN_POINT ( 'NONE',  ( -16.26345596729039400, 8.000000000000000000, -16.26345596729079190 ) ) ;
#56 = VERTEX_POINT ( 'NONE', #1220 ) ;
#57 = CARTESIAN_POINT ( 'NONE',  ( 3.306546357697853733E-15, -6.000000000000000000, -27.00000000000000000 ) ) ;
#58 = ORIENTED_EDGE ( 'NONE', *, *, #16, .T. ) ;
#59 = DIRECTION ( 'NONE',  ( 0.000000000000000000, 0.000000000000000000, 1.000000000000000000 ) ) ;
#60 = DIRECTION ( 'NONE',  ( 0.000000000000000000, 0.000000000000000000, -1.000000000000000000 ) ) ;
#61 = DIRECTION ( 'NONE',  ( -0.000000000000000000, 1.000000000000000000, -0.000000000000000000 ) ) ;
#62 = FACE_OUTER_BOUND ( 'NONE', #1367, .T. ) ;
#63 = VERTEX_POINT ( 'NONE', #209 ) ;
#64 = FACE_BOUND ( 'NONE', #1450, .T. ) ;
#65 = CARTESIAN_POINT ( 'NONE',  ( 41.57457896300770983, 0.000000000000000000, -19.72075445642950697 ) ) ;
#66 = ORIENTED_EDGE ( 'NONE', *, *, #1385, .F. ) ;
#67 = CARTESIAN_POINT ( 'NONE',  ( -41.57457896300783062, 8.000000000000000000, 17.22075445642922276 ) ) ;
#68 = DIRECTION ( 'NONE',  ( 0.000000000000000000, 1.000000000000000000, 0.000000000000000000 ) ) ;
#69 = ORIENTED_EDGE ( 'NONE', *, *, #198, .F. ) ;
#70 = DIRECTION ( 'NONE',  ( 0.000000000000000000, 0.000000000000000000, 1.000000000000000000 ) ) ;
#71 = VERTEX_POINT ( 'NONE', #472 ) ;
#72 = CIRCLE ( 'NONE', #429, 2.049999999999996270 ) ;
#73 = DIRECTION ( 'NONE',  ( 0.000000000000000000, -1.000000000000000000, 0.000000000000000000 ) ) ;
#74 = ORIENTED_EDGE ( 'NONE', *, *, #352, .F. ) ;
#75 = CARTESIAN_POINT ( 'NONE',  ( 2.143131898507868643E-15, -6.000000000000000000, -17.50000000000000355 ) ) ;
#76 = AXIS2_PLACEMENT_3D ( 'NONE', #1235, #83, #442 ) ;
#77 = EDGE_LOOP ( 'NONE', ( #313, #331 ) ) ;
#78 = AXIS2_PLACEMENT_3D ( 'NONE', #1017, #901, #14 ) ;
#79 = DIRECTION ( 'NONE',  ( 0.000000000000000000, 0.000000000000000000, 1.000000000000000000 ) ) ;
#80 = CARTESIAN_POINT ( 'NONE',  ( -41.57457896300795142, 8.000000000000000000, -19.72075445642893143 ) ) ;
#81 = AXIS2_PLACEMENT_3D ( 'NONE', #600, #254, #1162 ) ;
#82 = ORIENTED_EDGE ( 'NONE', *, *, #934, .F. ) ;
#83 = DIRECTION ( 'NONE',  ( 0.000000000000000000, 1.000000000000000000, 0.000000000000000000 ) ) ;
#84 = CYLINDRICAL_SURFACE ( 'NONE', #340, 2.499999999999995115 ) ;
#85 = VERTEX_POINT ( 'NONE', #812 ) ;
#86 = DIRECTION ( 'NONE',  ( 0.000000000000000000, 0.000000000000000000, 1.000000000000000000 ) ) ;
#87 = SURFACE_STYLE_FILL_AREA ( #1100 ) ;
#88 = EDGE_LOOP ( 'NONE', ( #958, #856, #1141, #656 ) ) ;
#89 = EDGE_CURVE ( 'NONE', #6, #134, #870, .T. ) ;
#90 = EDGE_CURVE ( 'NONE', #367, #883, #611, .T. ) ;
#91 = CARTESIAN_POINT ( 'NONE',  ( 16.26345596729050769, 8.000000000000000000, 18.31345596729067537 ) ) ;
#92 = EDGE_CURVE ( 'NONE', #119, #404, #341, .T. ) ;
#93 = CARTESIAN_POINT ( 'NONE',  ( 17.22075445642936486, 8.000000000000000000, 41.57457896300777378 ) ) ;
#94 = EDGE_LOOP ( 'NONE', ( #542, #1081, #1301, #921 ) ) ;
#95 = CARTESIAN_POINT ( 'NONE',  ( -23.00000000000000000, 8.000000000000000000, -2.050000000000237410 ) ) ;
#96 = ORIENTED_EDGE ( 'NONE', *, *, #803, .T. ) ;
#97 = DIRECTION ( 'NONE',  ( 0.000000000000000000, 0.000000000000000000, 1.000000000000000000 ) ) ;
#98 = VECTOR ( 'NONE', #306, 1000.000000000000000 ) ;
#99 = VERTEX_POINT ( 'NONE', #1057 ) ;
#100 = DIRECTION ( 'NONE',  ( -0.000000000000000000, 1.000000000000000000, -0.000000000000000000 ) ) ;
#101 = AXIS2_PLACEMENT_3D ( 'NONE', #514, #851, #937 ) ;
#102 = CIRCLE ( 'NONE', #499, 2.499999999999995115 ) ;
#103 = DIRECTION ( 'NONE',  ( 0.000000000000000000, 0.000000000000000000, 1.000000000000000000 ) ) ;
#104 = EDGE_LOOP ( 'NONE', ( #1109, #686 ) ) ;
#105 = VECTOR ( 'NONE', #1236, 1000.000000000000000 ) ;
#106 = DIRECTION ( 'NONE',  ( 0.000000000000000000, 1.000000000000000000, 0.000000000000000000 ) ) ;
#107 = ORIENTED_EDGE ( 'NONE', *, *, #1380, .T. ) ;
#108 = DIRECTION ( 'NONE',  ( -0.000000000000000000, 1.000000000000000000, -0.000000000000000000 ) ) ;
#109 = ORIENTED_EDGE ( 'NONE', *, *, #865, .F. ) ;
#110 = CARTESIAN_POINT ( 'NONE',  ( 41.57457896300807221, 8.000000000000000000, 19.72075445642863301 ) ) ;
#111 = DIRECTION ( 'NONE',  ( 0.000000000000000000, 0.000000000000000000, 1.000000000000000000 ) ) ;
#112 = ORIENTED_EDGE ( 'NONE', *, *, #90, .T. ) ;
#113 = CARTESIAN_POINT ( 'NONE',  ( -41.57457896300783062, 0.000000000000000000, 17.22075445642922276 ) ) ;
#114 = DIRECTION ( 'NONE',  ( -0.000000000000000000, 1.000000000000000000, -0.000000000000000000 ) ) ;
#115 = EDGE_CURVE ( 'NONE', #1020, #219, #379, .T. ) ;
#116 = AXIS2_PLACEMENT_3D ( 'NONE', #1180, #756, #960 ) ;
#117 = ORIENTED_EDGE ( 'NONE', *, *, #1230, .T. ) ;
#118 = DIRECTION ( 'NONE',  ( 0.000000000000000000, 0.000000000000000000, 1.000000000000000000 ) ) ;
#119 = VERTEX_POINT ( 'NONE', #1264 ) ;
#120 = VECTOR ( 'NONE', #710, 1000.000000000000000 ) ;
#121 = FACE_OUTER_BOUND ( 'NONE', #869, .T. ) ;
#122 = ORIENTED_EDGE ( 'NONE', *, *, #1417, .T. ) ;
#123 = DIRECTION ( 'NONE',  ( -0.000000000000000000, 1.000000000000000000, -0.000000000000000000 ) ) ;
#124 = ORIENTED_EDGE ( 'NONE', *, *, #1240, .T. ) ;
#125 = ADVANCED_FACE ( 'NONE', ( #258 ), #385, .F. ) ;
#126 = FACE_BOUND ( 'NONE', #754, .T. ) ;
#127 = DIRECTION ( 'NONE',  ( 0.000000000000000000, 0.000000000000000000, 1.000000000000000000 ) ) ;
#128 = VERTEX_POINT ( 'NONE', #721 ) ;
#129 = EDGE_CURVE ( 'NONE', #1137, #1422, #29, .T. ) ;
#130 = LINE ( 'NONE', #22, #785 ) ;
#131 = CLOSED_SHELL ( 'NONE', ( #926, #1040, #1, #595, #567, #935, #7, #1106, #355, #394, #666, #42, #501, #48, #808, #1128, #1445, #1434, #177, #510, #1238, #504, #1353, #1244, #1189, #309, #560, #26, #132, #423, #1023, #864, #1196, #1097, #1125, #767, #214, #789, #1401, #125, #461 ) ) ;
#132 = ADVANCED_FACE ( 'NONE', ( #598 ), #1282, .F. ) ;
#133 = CARTESIAN_POINT ( 'NONE',  ( 23.00000000000000000, -6.000000000000000000, 2.050000000000076650 ) ) ;
#134 = VERTEX_POINT ( 'NONE', #38 ) ;
#135 = DIRECTION ( 'NONE',  ( 0.000000000000000000, 0.000000000000000000, 1.000000000000000000 ) ) ;
#136 = AXIS2_PLACEMENT_3D ( 'NONE', #1080, #68, #172 ) ;
#137 = EDGE_LOOP ( 'NONE', ( #395, #948 ) ) ;
#138 = CIRCLE ( 'NONE', #971, 2.499999999999998668 ) ;
#139 = CIRCLE ( 'NONE', #646, 2.049999999999996270 ) ;
#140 =( LENGTH_UNIT ( ) NAMED_UNIT ( * ) SI_UNIT ( .MILLI., .METRE. ) );
#141 = LINE ( 'NONE', #840, #1149 ) ;
#142 = AXIS2_PLACEMENT_3D ( 'NONE', #1256, #725, #147 ) ;
#143 = CIRCLE ( 'NONE', #455, 2.499999999999995115 ) ;
#144 = EDGE_CURVE ( 'NONE', #215, #1363, #711, .T. ) ;
#145 = DIRECTION ( 'NONE',  ( 0.000000000000000000, 0.000000000000000000, 1.000000000000000000 ) ) ;
#146 = VERTEX_POINT ( 'NONE', #1259 ) ;
#147 = DIRECTION ( 'NONE',  ( 0.000000000000000000, 0.000000000000000000, 1.000000000000000000 ) ) ;
#148 = ORIENTED_EDGE ( 'NONE', *, *, #877, .F. ) ;
#149 = EDGE_CURVE ( 'NONE', #39, #201, #551, .T. ) ;
#150 = CARTESIAN_POINT ( 'NONE',  ( -41.57457896300795142, 8.000000000000000000, -17.22075445642893143 ) ) ;
#151 = DIRECTION ( 'NONE',  ( -0.000000000000000000, 1.000000000000000000, -0.000000000000000000 ) ) ;
#152 = LINE ( 'NONE', #1084, #714 ) ;
#153 = EDGE_LOOP ( 'NONE', ( #333, #361, #1440, #1391 ) ) ;
#154 = CARTESIAN_POINT ( 'NONE',  ( 0.000000000000000000, 8.000000000000000000, 23.00000000000000000 ) ) ;
#155 = ORIENTED_EDGE ( 'NONE', *, *, #296, .T. ) ;
#156 = DIRECTION ( 'NONE',  ( 0.000000000000000000, 0.000000000000000000, 1.000000000000000000 ) ) ;
#157 = FACE_BOUND ( 'NONE', #1242, .T. ) ;
#158 = ORIENTED_EDGE ( 'NONE', *, *, #934, .T. ) ;
#159 = FACE_OUTER_BOUND ( 'NONE', #426, .T. ) ;
#160 = EDGE_LOOP ( 'NONE', ( #489, #372, #1229, #903 ) ) ;
#161 = CIRCLE ( 'NONE', #1423, 2.499999999999998668 ) ;
#162 = CARTESIAN_POINT ( 'NONE',  ( 41.57457896300770983, 8.000000000000000000, -17.22075445642951053 ) ) ;
#163 = CIRCLE ( 'NONE', #994, 55.00000000000000000 ) ;
#164 = DIRECTION ( 'NONE',  ( -0.000000000000000000, 1.000000000000000000, -0.000000000000000000 ) ) ;
#165 = CIRCLE ( 'NONE', #11, 55.00000000000000000 ) ;
#166 = DIRECTION ( 'NONE',  ( 0.000000000000000000, -0.000000000000000000, 1.000000000000000000 ) ) ;
#167 = EDGE_LOOP ( 'NONE', ( #1158, #49 ) ) ;
#168 = FACE_OUTER_BOUND ( 'NONE', #1154, .T. ) ;
#169 = CARTESIAN_POINT ( 'NONE',  ( 17.22075445642907709, 0.000000000000000000, -41.57457896300788747 ) ) ;
#170 = EDGE_LOOP ( 'NONE', ( #599, #1008 ) ) ;
#171 = CARTESIAN_POINT ( 'NONE',  ( 17.22075445642907709, 8.000000000000000000, -39.07457896300789457 ) ) ;
#172 = DIRECTION ( 'NONE',  ( 0.000000000000000000, 0.000000000000000000, 1.000000000000000000 ) ) ;
#173 = CARTESIAN_POINT ( 'NONE',  ( 2.143131898507868643E-15, -6.000000000000000000, -17.50000000000000355 ) ) ;
#174 = EDGE_LOOP ( 'NONE', ( #904, #1330 ) ) ;
#175 = LINE ( 'NONE', #402, #1253 ) ;
#176 = CARTESIAN_POINT ( 'NONE',  ( -41.57457896300783062, 8.000000000000000000, 19.72075445642922276 ) ) ;
#177 = ADVANCED_FACE ( 'NONE', ( #1150 ), #624, .T. ) ;
#178 = ORIENTED_EDGE ( 'NONE', *, *, #89, .F. ) ;
#179 = FACE_BOUND ( 'NONE', #1103, .T. ) ;
#180 = CARTESIAN_POINT ( 'NONE',  ( -16.26345596729073151, -6.000000000000000000, 14.21345596729045546 ) ) ;
#181 = CARTESIAN_POINT ( 'NONE',  ( -16.26345596729039400, 8.000000000000000000, -14.21345596729079652 ) ) ;
#182 = CARTESIAN_POINT ( 'NONE',  ( 2.510525938252073200E-16, 8.000000000000000000, 20.95000000000000284 ) ) ;
#183 = CARTESIAN_POINT ( 'NONE',  ( -41.57457896300795142, 0.000000000000000000, -19.72075445642892788 ) ) ;
#184 = EDGE_LOOP ( 'NONE', ( #432, #411 ) ) ;
#185 = FACE_BOUND ( 'NONE', #322, .T. ) ;
#186 = AXIS2_PLACEMENT_3D ( 'NONE', #638, #532, #1212 ) ;
#187 = AXIS2_PLACEMENT_3D ( 'NONE', #531, #1446, #430 ) ;
#188 = CARTESIAN_POINT ( 'NONE',  ( 0.000000000000000000, 0.000000000000000000, 0.000000000000000000 ) ) ;
#189 = EDGE_CURVE ( 'NONE', #779, #1139, #141, .T. ) ;
#190 = DIRECTION ( 'NONE',  ( 0.000000000000000000, 1.000000000000000000, 0.000000000000000000 ) ) ;
#191 = AXIS2_PLACEMENT_3D ( 'NONE', #988, #546, #327 ) ;
#192 = ORIENTED_EDGE ( 'NONE', *, *, #1406, .T. ) ;
#193 = COLOUR_RGB ( '',0.7529411764705882248, 0.7529411764705882248, 0.7529411764705882248 ) ;
#194 = EDGE_CURVE ( 'NONE', #71, #885, #72, .T. ) ;
#195 = LINE ( 'NONE', #1098, #786 ) ;
#196 = LINE ( 'NONE', #977, #262 ) ;
#197 = AXIS2_PLACEMENT_3D ( 'NONE', #1138, #854, #79 ) ;
#198 = EDGE_CURVE ( 'NONE', #941, #527, #247, .T. ) ;
#199 = DIRECTION ( 'NONE',  ( -0.000000000000000000, 1.000000000000000000, -0.000000000000000000 ) ) ;
#200 = PRODUCT_DEFINITION_FORMATION_WITH_SPECIFIED_SOURCE ( 'ANY', '', #1216, .NOT_KNOWN. ) ;
#201 = VERTEX_POINT ( 'NONE', #471 ) ;
#202 = EDGE_CURVE ( 'NONE', #1066, #741, #1035, .T. ) ;
#203 = DIRECTION ( 'NONE',  ( 0.000000000000000000, 1.000000000000000000, 0.000000000000000000 ) ) ;
#204 = CARTESIAN_POINT ( 'NONE',  ( -17.22075445642907709, 8.000000000000000000, 41.57457896300788747 ) ) ;
#205 =( LENGTH_UNIT ( ) NAMED_UNIT ( * ) SI_UNIT ( .MILLI., .METRE. ) );
#206 = FACE_OUTER_BOUND ( 'NONE', #848, .T. ) ;
#207 = VERTEX_POINT ( 'NONE', #1462 ) ;
#208 = CARTESIAN_POINT ( 'NONE',  ( 0.000000000000000000, 0.000000000000000000, 0.000000000000000000 ) ) ;
#209 = CARTESIAN_POINT ( 'NONE',  ( 23.00000000000000000, -6.000000000000000000, -2.049999999999915890 ) ) ;
#210 = ORIENTED_EDGE ( 'NONE', *, *, #1168, .T. ) ;
#211 =( NAMED_UNIT ( * ) PLANE_ANGLE_UNIT ( ) SI_UNIT ( $, .RADIAN. ) );
#212 = VERTEX_POINT ( 'NONE', #183 ) ;
#213 = FACE_OUTER_BOUND ( 'NONE', #999, .T. ) ;
#214 = ADVANCED_FACE ( 'NONE', ( #1187 ), #630, .F. ) ;
#215 = VERTEX_POINT ( 'NONE', #508 ) ;
#216 = CARTESIAN_POINT ( 'NONE',  ( -41.57457896300795142, 8.000000000000000000, -14.72075445642892788 ) ) ;
#217 = AXIS2_PLACEMENT_3D ( 'NONE', #93, #425, #400 ) ;
#218 = AXIS2_PLACEMENT_3D ( 'NONE', #484, #51, #946 ) ;
#219 = VERTEX_POINT ( 'NONE', #65 ) ;
#220 = AXIS2_PLACEMENT_3D ( 'NONE', #1351, #875, #538 ) ;
#221 = CIRCLE ( 'NONE', #784, 2.049999999999996270 ) ;
#222 = DIRECTION ( 'NONE',  ( -0.000000000000000000, 1.000000000000000000, -0.000000000000000000 ) ) ;
#223 = ORIENTED_EDGE ( 'NONE', *, *, #1448, .T. ) ;
#224 = AXIS2_PLACEMENT_3D ( 'NONE', #1111, #774, #1105 ) ;
#225 = FACE_BOUND ( 'NONE', #719, .T. ) ;
#226 = DIRECTION ( 'NONE',  ( 0.000000000000000000, 0.000000000000000000, 1.000000000000000000 ) ) ;
#227 = CARTESIAN_POINT ( 'NONE',  ( -41.57457896300783062, 8.000000000000000000, 17.22075445642922276 ) ) ;
#228 = CARTESIAN_POINT ( 'NONE',  ( 17.22075445642907709, 8.000000000000000000, -41.57457896300788747 ) ) ;
#229 = ORIENTED_EDGE ( 'NONE', *, *, #1069, .T. ) ;
#230 = EDGE_CURVE ( 'NONE', #522, #626, #403, .T. ) ;
#231 = CARTESIAN_POINT ( 'NONE',  ( -17.22075445642908065, 8.000000000000000000, -41.57457896300788747 ) ) ;
#232 = CARTESIAN_POINT ( 'NONE',  ( 0.000000000000000000, -6.000000000000000000, 25.04999999999999716 ) ) ;
#233 = VERTEX_POINT ( 'NONE', #176 ) ;
#234 = DIRECTION ( 'NONE',  ( -0.000000000000000000, 1.000000000000000000, -0.000000000000000000 ) ) ;
#235 = EDGE_LOOP ( 'NONE', ( #966, #1188 ) ) ;
#236 = DIRECTION ( 'NONE',  ( 0.000000000000000000, 1.000000000000000000, 0.000000000000000000 ) ) ;
#237 = UNCERTAINTY_MEASURE_WITH_UNIT (LENGTH_MEASURE( 1.000000000000000082E-05 ), #205, 'distance_accuracy_value', 'NONE');
#238 = ORIENTED_EDGE ( 'NONE', *, *, #873, .T. ) ;
#239 = EDGE_CURVE ( 'NONE', #358, #1296, #1271, .T. ) ;
#240 = AXIS2_PLACEMENT_3D ( 'NONE', #939, #1381, #813 ) ;
#241 = LINE ( 'NONE', #353, #1208 ) ;
#242 = ORIENTED_EDGE ( 'NONE', *, *, #239, .T. ) ;
#243 = EDGE_CURVE ( 'NONE', #128, #301, #448, .T. ) ;
#244 = CARTESIAN_POINT ( 'NONE',  ( 23.00000000000000000, 8.000000000000000000, 8.030407079339205455E-14 ) ) ;
#245 = AXIS2_PLACEMENT_3D ( 'NONE', #154, #1054, #47 ) ;
#246 = DIRECTION ( 'NONE',  ( 0.000000000000000000, 0.000000000000000000, 1.000000000000000000 ) ) ;
#247 = LINE ( 'NONE', #697, #1200 ) ;
#248 = EDGE_CURVE ( 'NONE', #918, #821, #893, .T. ) ;
#249 = EDGE_LOOP ( 'NONE', ( #1090, #898 ) ) ;
#250 = DIRECTION ( 'NONE',  ( 0.000000000000000000, 1.000000000000000000, 0.000000000000000000 ) ) ;
#251 = VERTEX_POINT ( 'NONE', #80 ) ;
#252 = CYLINDRICAL_SURFACE ( 'NONE', #1449, 2.049999999999996270 ) ;
#253 = DIRECTION ( 'NONE',  ( -0.000000000000000000, 1.000000000000000000, -0.000000000000000000 ) ) ;
#254 = DIRECTION ( 'NONE',  ( -0.000000000000000000, 1.000000000000000000, -0.000000000000000000 ) ) ;
#255 = ORIENTED_EDGE ( 'NONE', *, *, #202, .T. ) ;
#256 = EDGE_CURVE ( 'NONE', #9, #872, #591, .T. ) ;
#257 = DIRECTION ( 'NONE',  ( -0.000000000000000000, 1.000000000000000000, -0.000000000000000000 ) ) ;
#258 = FACE_OUTER_BOUND ( 'NONE', #681, .T. ) ;
#259 = ORIENTED_EDGE ( 'NONE', *, *, #189, .F. ) ;
#260 = FACE_OUTER_BOUND ( 'NONE', #443, .T. ) ;
#261 = DIRECTION ( 'NONE',  ( 0.000000000000000000, 0.000000000000000000, 1.000000000000000000 ) ) ;
#262 = VECTOR ( 'NONE', #1436, 1000.000000000000000 ) ;
#263 = DIRECTION ( 'NONE',  ( 0.000000000000000000, 1.000000000000000000, 0.000000000000000000 ) ) ;
#264 = EDGE_LOOP ( 'NONE', ( #1341, #1072, #1344, #428 ) ) ;
#265 = VECTOR ( 'NONE', #584, 1000.000000000000000 ) ;
#266 = DIRECTION ( 'NONE',  ( -0.000000000000000000, 1.000000000000000000, -0.000000000000000000 ) ) ;
#267 = CARTESIAN_POINT ( 'NONE',  ( 0.000000000000000000, 8.000000000000000000, 0.000000000000000000 ) ) ;
#268 = CIRCLE ( 'NONE', #15, 2.500000000000002220 ) ;
#269 = ORIENTED_EDGE ( 'NONE', *, *, #1131, .F. ) ;
#270 = DIRECTION ( 'NONE',  ( -0.000000000000000000, 1.000000000000000000, -0.000000000000000000 ) ) ;
#271 = ORIENTED_EDGE ( 'NONE', *, *, #415, .T. ) ;
#272 = CARTESIAN_POINT ( 'NONE',  ( 41.57457896300807221, 8.000000000000000000, 17.22075445642864011 ) ) ;
#273 = CARTESIAN_POINT ( 'NONE',  ( 0.000000000000000000, 8.000000000000000000, -23.00000000000000000 ) ) ;
#274 = CYLINDRICAL_SURFACE ( 'NONE', #801, 2.499999999999998668 ) ;
#275 = CARTESIAN_POINT ( 'NONE',  ( 0.000000000000000000, 0.000000000000000000, 27.00000000000000000 ) ) ;
#276 = EDGE_LOOP ( 'NONE', ( #498, #705, #229, #1085 ) ) ;
#277 = DIRECTION ( 'NONE',  ( -0.000000000000000000, 1.000000000000000000, -0.000000000000000000 ) ) ;
#278 = CARTESIAN_POINT ( 'NONE',  ( -41.57457896300783062, 0.000000000000000000, 17.22075445642922276 ) ) ;
#279 = ORIENTED_EDGE ( 'NONE', *, *, #444, .T. ) ;
#280 = DIRECTION ( 'NONE',  ( 0.000000000000000000, 0.000000000000000000, 1.000000000000000000 ) ) ;
#281 = DIRECTION ( 'NONE',  ( 0.000000000000000000, 1.000000000000000000, 0.000000000000000000 ) ) ;
#282 = DIRECTION ( 'NONE',  ( -0.000000000000000000, 1.000000000000000000, -0.000000000000000000 ) ) ;
#283 = VERTEX_POINT ( 'NONE', #750 ) ;
#284 = ORIENTED_EDGE ( 'NONE', *, *, #1171, .F. ) ;
#285 = CARTESIAN_POINT ( 'NONE',  ( 0.000000000000000000, 0.000000000000000000, 0.000000000000000000 ) ) ;
#286 = EDGE_CURVE ( 'NONE', #212, #251, #1194, .T. ) ;
#287 = EDGE_LOOP ( 'NONE', ( #1182, #460, #107, #734 ) ) ;
#288 = CIRCLE ( 'NONE', #496, 2.499999999999995115 ) ;
#289 = AXIS2_PLACEMENT_3D ( 'NONE', #1211, #866, #1108 ) ;
#290 = DIRECTION ( 'NONE',  ( -0.000000000000000000, 1.000000000000000000, -0.000000000000000000 ) ) ;
#291 = CIRCLE ( 'NONE', #995, 2.049999999999996270 ) ;
#292 = CIRCLE ( 'NONE', #1114, 2.499999999999995115 ) ;
#293 = DIRECTION ( 'NONE',  ( 0.000000000000000000, 1.000000000000000000, 0.000000000000000000 ) ) ;
#294 = CARTESIAN_POINT ( 'NONE',  ( -16.26345596729073151, 8.000000000000000000, 18.31345596729044800 ) ) ;
#295 = VECTOR ( 'NONE', #768, 1000.000000000000000 ) ;
#296 = EDGE_CURVE ( 'NONE', #283, #233, #196, .T. ) ;
#297 = ORIENTED_EDGE ( 'NONE', *, *, #24, .F. ) ;
#298 = AXIS2_PLACEMENT_3D ( 'NONE', #535, #640, #615 ) ;
#299 = DIRECTION ( 'NONE',  ( 0.000000000000000000, 0.000000000000000000, 1.000000000000000000 ) ) ;
#300 = DIRECTION ( 'NONE',  ( -0.000000000000000000, 1.000000000000000000, -0.000000000000000000 ) ) ;
#301 = VERTEX_POINT ( 'NONE', #420 ) ;
#302 = CARTESIAN_POINT ( 'NONE',  ( 17.22075445642936486, 0.000000000000000000, 41.57457896300777378 ) ) ;
#303 = VERTEX_POINT ( 'NONE', #861 ) ;
#304 = ORIENTED_EDGE ( 'NONE', *, *, #1284, .F. ) ;
#305 = CARTESIAN_POINT ( 'NONE',  ( -17.22075445642907709, 8.000000000000000000, 41.57457896300788747 ) ) ;
#306 = DIRECTION ( 'NONE',  ( -0.000000000000000000, 1.000000000000000000, -0.000000000000000000 ) ) ;
#307 = ORIENTED_EDGE ( 'NONE', *, *, #550, .T. ) ;
#308 = EDGE_CURVE ( 'NONE', #918, #1387, #1319, .T. ) ;
#309 = ADVANCED_FACE ( 'NONE', ( #1413 ), #252, .F. ) ;
#310 = DIRECTION ( 'NONE',  ( 0.000000000000000000, 0.000000000000000000, 1.000000000000000000 ) ) ;
#311 = CYLINDRICAL_SURFACE ( 'NONE', #217, 2.500000000000002220 ) ;
#312 = DIRECTION ( 'NONE',  ( -0.000000000000000000, 1.000000000000000000, -0.000000000000000000 ) ) ;
#313 = ORIENTED_EDGE ( 'NONE', *, *, #1322, .F. ) ;
#314 = CARTESIAN_POINT ( 'NONE',  ( 0.000000000000000000, -6.000000000000000000, 0.000000000000000000 ) ) ;
#315 = LINE ( 'NONE', #544, #1328 ) ;
#316 = ORIENTED_EDGE ( 'NONE', *, *, #1255, .F. ) ;
#317 = EDGE_CURVE ( 'NONE', #283, #215, #161, .T. ) ;
#318 = AXIS2_PLACEMENT_3D ( 'NONE', #231, #1358, #1143 ) ;
#319 = DIRECTION ( 'NONE',  ( 0.000000000000000000, 0.000000000000000000, 1.000000000000000000 ) ) ;
#320 = CYLINDRICAL_SURFACE ( 'NONE', #186, 2.049999999999996270 ) ;
#321 = AXIS2_PLACEMENT_3D ( 'NONE', #1329, #199, #156 ) ;
#322 = EDGE_LOOP ( 'NONE', ( #1218, #457 ) ) ;
#323 = CIRCLE ( 'NONE', #1331, 2.500000000000002220 ) ;
#324 = CARTESIAN_POINT ( 'NONE',  ( 0.000000000000000000, 0.000000000000000000, 0.000000000000000000 ) ) ;
#325 = LINE ( 'NONE', #576, #1091 ) ;
#326 = EDGE_LOOP ( 'NONE', ( #900, #643 ) ) ;
#327 = DIRECTION ( 'NONE',  ( 0.000000000000000000, 0.000000000000000000, 1.000000000000000000 ) ) ;
#328 = DIRECTION ( 'NONE',  ( 0.000000000000000000, 0.000000000000000000, 1.000000000000000000 ) ) ;
#329 = EDGE_LOOP ( 'NONE', ( #117, #474 ) ) ;
#330 = DIRECTION ( 'NONE',  ( 0.000000000000000000, 0.000000000000000000, 1.000000000000000000 ) ) ;
#331 = ORIENTED_EDGE ( 'NONE', *, *, #826, .F. ) ;
#332 = DIRECTION ( 'NONE',  ( 0.000000000000000000, 0.000000000000000000, 1.000000000000000000 ) ) ;
#333 = ORIENTED_EDGE ( 'NONE', *, *, #868, .F. ) ;
#334 = DIRECTION ( 'NONE',  ( -0.000000000000000000, 1.000000000000000000, -0.000000000000000000 ) ) ;
#335 = CARTESIAN_POINT ( 'NONE',  ( 16.26345596729062137, -6.000000000000000000, -14.21345596729057092 ) ) ;
#336 = EDGE_LOOP ( 'NONE', ( #887, #928 ) ) ;
#337 = FACE_BOUND ( 'NONE', #953, .T. ) ;
#338 = ORIENTED_EDGE ( 'NONE', *, *, #751, .F. ) ;
#339 = DIRECTION ( 'NONE',  ( 0.000000000000000000, 0.000000000000000000, 1.000000000000000000 ) ) ;
#340 = AXIS2_PLACEMENT_3D ( 'NONE', #743, #964, #990 ) ;
#341 = CIRCLE ( 'NONE', #528, 27.00000000000000000 ) ;
#342 = VECTOR ( 'NONE', #1116, 1000.000000000000000 ) ;
#343 = PRESENTATION_LAYER_ASSIGNMENT (  '', '', ( #31 ) ) ;
#344 = CARTESIAN_POINT ( 'NONE',  ( -17.22075445642908065, 0.000000000000000000, -44.07457896300788747 ) ) ;
#345 = ORIENTED_EDGE ( 'NONE', *, *, #836, .T. ) ;
#346 = AXIS2_PLACEMENT_3D ( 'NONE', #715, #920, #1377 ) ;
#347 = CYLINDRICAL_SURFACE ( 'NONE', #382, 2.049999999999996270 ) ;
#348 = CYLINDRICAL_SURFACE ( 'NONE', #676, 2.499999999999995115 ) ;
#349 = EDGE_LOOP ( 'NONE', ( #605, #724 ) ) ;
#350 = DIRECTION ( 'NONE',  ( -0.000000000000000000, 1.000000000000000000, -0.000000000000000000 ) ) ;
#351 = EDGE_CURVE ( 'NONE', #63, #579, #716, .T. ) ;
#352 = EDGE_CURVE ( 'NONE', #207, #1382, #288, .T. ) ;
#353 = CARTESIAN_POINT ( 'NONE',  ( 3.306546357697853733E-15, -6.000000000000000000, -27.00000000000000000 ) ) ;
#354 = ORIENTED_EDGE ( 'NONE', *, *, #607, .F. ) ;
#355 = ADVANCED_FACE ( 'NONE', ( #764 ), #1060, .F. ) ;
#356 = DIRECTION ( 'NONE',  ( 0.000000000000000000, 1.000000000000000000, 0.000000000000000000 ) ) ;
#357 = EDGE_CURVE ( 'NONE', #358, #128, #1213, .T. ) ;
#358 = VERTEX_POINT ( 'NONE', #75 ) ;
#359 = CIRCLE ( 'NONE', #187, 27.00000000000000000 ) ;
#360 = CYLINDRICAL_SURFACE ( 'NONE', #1278, 2.049999999999996270 ) ;
#361 = ORIENTED_EDGE ( 'NONE', *, *, #1078, .T. ) ;
#362 = CARTESIAN_POINT ( 'NONE',  ( 23.00000000000000000, 8.000000000000000000, -2.049999999999915890 ) ) ;
#363 = CIRCLE ( 'NONE', #1428, 2.499999999999995115 ) ;
#364 = AXIS2_PLACEMENT_3D ( 'NONE', #593, #378, #1268 ) ;
#365 = DIRECTION ( 'NONE',  ( 0.000000000000000000, 0.000000000000000000, 1.000000000000000000 ) ) ;
#366 = CYLINDRICAL_SURFACE ( 'NONE', #364, 55.00000000000000000 ) ;
#367 = VERTEX_POINT ( 'NONE', #1316 ) ;
#368 = DIRECTION ( 'NONE',  ( 0.000000000000000000, 0.000000000000000000, 1.000000000000000000 ) ) ;
#369 = UNCERTAINTY_MEASURE_WITH_UNIT (LENGTH_MEASURE( 1.000000000000000082E-05 ), #140, 'distance_accuracy_value', 'NONE');
#370 = ORIENTED_EDGE ( 'NONE', *, *, #452, .T. ) ;
#371 = DIRECTION ( 'NONE',  ( -0.000000000000000000, -1.000000000000000000, -0.000000000000000000 ) ) ;
#372 = ORIENTED_EDGE ( 'NONE', *, *, #144, .T. ) ;
#373 = LINE ( 'NONE', #1206, #120 ) ;
#374 = CARTESIAN_POINT ( 'NONE',  ( -16.26345596729073151, 8.000000000000000000, 16.26345596729045084 ) ) ;
#375 = DIRECTION ( 'NONE',  ( -0.000000000000000000, 1.000000000000000000, -0.000000000000000000 ) ) ;
#376 = CARTESIAN_POINT ( 'NONE',  ( 0.000000000000000000, 8.000000000000000000, 23.00000000000000000 ) ) ;
#377 = ORIENTED_EDGE ( 'NONE', *, *, #1348, .T. ) ;
#378 = DIRECTION ( 'NONE',  ( -0.000000000000000000, -1.000000000000000000, -0.000000000000000000 ) ) ;
#379 = CIRCLE ( 'NONE', #1088, 2.499999999999995115 ) ;
#380 = EDGE_CURVE ( 'NONE', #588, #515, #818, .T. ) ;
#381 = EDGE_LOOP ( 'NONE', ( #675, #297 ) ) ;
#382 = AXIS2_PLACEMENT_3D ( 'NONE', #811, #32, #585 ) ;
#383 = CIRCLE ( 'NONE', #1234, 2.049999999999996270 ) ;
#384 = CARTESIAN_POINT ( 'NONE',  ( 16.26345596729062137, -6.000000000000000000, -16.26345596729056808 ) ) ;
#385 = CYLINDRICAL_SURFACE ( 'NONE', #670, 2.499999999999995115 ) ;
#386 = CIRCLE ( 'NONE', #142, 2.049999999999996270 ) ;
#387 = CARTESIAN_POINT ( 'NONE',  ( -17.22075445642907709, 0.000000000000000000, 41.57457896300788747 ) ) ;
#388 = EDGE_LOOP ( 'NONE', ( #577, #269, #891, #158 ) ) ;
#389 = CARTESIAN_POINT ( 'NONE',  ( 0.000000000000000000, 8.000000000000000000, -55.00000000000000000 ) ) ;
#390 = EDGE_LOOP ( 'NONE', ( #688, #46, #746, #775 ) ) ;
#391 = DIRECTION ( 'NONE',  ( -0.000000000000000000, 1.000000000000000000, -0.000000000000000000 ) ) ;
#392 = CARTESIAN_POINT ( 'NONE',  ( 41.57457896300807221, 8.000000000000000000, 17.22075445642864011 ) ) ;
#393 = FACE_BOUND ( 'NONE', #1107, .T. ) ;
#394 = ADVANCED_FACE ( 'NONE', ( #1095 ), #907, .F. ) ;
#395 = ORIENTED_EDGE ( 'NONE', *, *, #1336, .F. ) ;
#396 = CYLINDRICAL_SURFACE ( 'NONE', #578, 2.500000000000002220 ) ;
#397 = CARTESIAN_POINT ( 'NONE',  ( 0.000000000000000000, -6.000000000000000000, 0.000000000000000000 ) ) ;
#398 = ORIENTED_EDGE ( 'NONE', *, *, #1078, .F. ) ;
#399 = FACE_BOUND ( 'NONE', #863, .T. ) ;
#400 = DIRECTION ( 'NONE',  ( 0.000000000000000000, 0.000000000000000000, 1.000000000000000000 ) ) ;
#401 = ORIENTED_EDGE ( 'NONE', *, *, #286, .F. ) ;
#402 = CARTESIAN_POINT ( 'NONE',  ( 0.000000000000000000, 8.000000000000000000, -20.95000000000000284 ) ) ;
#403 = LINE ( 'NONE', #1075, #98 ) ;
#404 = VERTEX_POINT ( 'NONE', #275 ) ;
#405 = AXIS2_PLACEMENT_3D ( 'NONE', #1145, #1291, #1045 ) ;
#406 = AXIS2_PLACEMENT_3D ( 'NONE', #753, #783, #998 ) ;
#407 = MECHANICAL_DESIGN_GEOMETRIC_PRESENTATION_REPRESENTATION (  '', ( #31 ), #1276 ) ;
#408 = DIRECTION ( 'NONE',  ( -0.000000000000000000, 1.000000000000000000, -0.000000000000000000 ) ) ;
#409 = CYLINDRICAL_SURFACE ( 'NONE', #5, 2.049999999999996270 ) ;
#410 = AXIS2_PLACEMENT_3D ( 'NONE', #809, #270, #1028 ) ;
#411 = ORIENTED_EDGE ( 'NONE', *, *, #908, .T. ) ;
#412 = CARTESIAN_POINT ( 'NONE',  ( -16.26345596729039400, 8.000000000000000000, -18.31345596729078906 ) ) ;
#413 = CARTESIAN_POINT ( 'NONE',  ( 41.57457896300770983, 8.000000000000000000, -17.22075445642951053 ) ) ;
#414 = ORIENTED_EDGE ( 'NONE', *, *, #1009, .T. ) ;
#415 = EDGE_CURVE ( 'NONE', #759, #559, #800, .T. ) ;
#416 = DIRECTION ( 'NONE',  ( -0.000000000000000000, 1.000000000000000000, -0.000000000000000000 ) ) ;
#417 = CARTESIAN_POINT ( 'NONE',  ( 17.22075445642907709, 0.000000000000000000, -44.07457896300788747 ) ) ;
#418 = ORIENTED_EDGE ( 'NONE', *, *, #980, .T. ) ;
#419 = FACE_OUTER_BOUND ( 'NONE', #88, .T. ) ;
#420 = CARTESIAN_POINT ( 'NONE',  ( 0.000000000000000000, 8.000000000000000000, 17.50000000000000355 ) ) ;
#421 = DIRECTION ( 'NONE',  ( -0.000000000000000000, 1.000000000000000000, -0.000000000000000000 ) ) ;
#422 = EDGE_LOOP ( 'NONE', ( #467, #726, #794, #516 ) ) ;
#423 = ADVANCED_FACE ( 'NONE', ( #1265 ), #1153, .F. ) ;
#424 = CARTESIAN_POINT ( 'NONE',  ( -16.26345596729073151, 8.000000000000000000, 18.31345596729044800 ) ) ;
#425 = DIRECTION ( 'NONE',  ( -0.000000000000000000, 1.000000000000000000, -0.000000000000000000 ) ) ;
#426 = EDGE_LOOP ( 'NONE', ( #832, #1307, #592, #1005 ) ) ;
#427 = DIRECTION ( 'NONE',  ( 0.000000000000000000, 0.000000000000000000, 1.000000000000000000 ) ) ;
#428 = ORIENTED_EDGE ( 'NONE', *, *, #1322, .T. ) ;
#429 = AXIS2_PLACEMENT_3D ( 'NONE', #1366, #114, #1360 ) ;
#430 = DIRECTION ( 'NONE',  ( 0.000000000000000000, 0.000000000000000000, -1.000000000000000000 ) ) ;
#431 = CYLINDRICAL_SURFACE ( 'NONE', #1014, 2.049999999999996270 ) ;
#432 = ORIENTED_EDGE ( 'NONE', *, *, #115, .T. ) ;
#433 = VECTOR ( 'NONE', #1343, 1000.000000000000000 ) ;
#434 = DIRECTION ( 'NONE',  ( -0.000000000000000000, 1.000000000000000000, -0.000000000000000000 ) ) ;
#435 = ORIENTED_EDGE ( 'NONE', *, *, #16, .F. ) ;
#436 = DIRECTION ( 'NONE',  ( -0.000000000000000000, 1.000000000000000000, -0.000000000000000000 ) ) ;
#437 = EDGE_LOOP ( 'NONE', ( #816, #810, #1294, #109 ) ) ;
#438 = CYLINDRICAL_SURFACE ( 'NONE', #575, 2.499999999999995115 ) ;
#439 = ORIENTED_EDGE ( 'NONE', *, *, #230, .F. ) ;
#440 = APPLICATION_CONTEXT ( 'automotive_design' ) ;
#441 = EDGE_CURVE ( 'NONE', #3, #911, #645, .T. ) ;
#442 = DIRECTION ( 'NONE',  ( 0.000000000000000000, 0.000000000000000000, 1.000000000000000000 ) ) ;
#443 = EDGE_LOOP ( 'NONE', ( #1277, #1083, #1376, #192 ) ) ;
#444 = EDGE_CURVE ( 'NONE', #883, #1364, #1203, .T. ) ;
#445 = CARTESIAN_POINT ( 'NONE',  ( 16.26345596729050769, -6.000000000000000000, 16.26345596729067822 ) ) ;
#446 = ORIENTED_EDGE ( 'NONE', *, *, #1136, .F. ) ;
#447 = FACE_OUTER_BOUND ( 'NONE', #661, .T. ) ;
#448 = CIRCLE ( 'NONE', #1227, 17.50000000000000355 ) ;
#449 = AXIS2_PLACEMENT_3D ( 'NONE', #1439, #73, #1093 ) ;
#450 = CIRCLE ( 'NONE', #1452, 2.499999999999995115 ) ;
#451 = DIRECTION ( 'NONE',  ( 0.000000000000000000, 0.000000000000000000, 1.000000000000000000 ) ) ;
#452 = EDGE_CURVE ( 'NONE', #579, #1139, #894, .T. ) ;
#453 = VERTEX_POINT ( 'NONE', #927 ) ;
#454 = VECTOR ( 'NONE', #699, 1000.000000000000000 ) ;
#455 = AXIS2_PLACEMENT_3D ( 'NONE', #968, #745, #1082 ) ;
#456 = EDGE_CURVE ( 'NONE', #212, #522, #1133, .T. ) ;
#457 = ORIENTED_EDGE ( 'NONE', *, *, #1086, .F. ) ;
#458 = DIRECTION ( 'NONE',  ( -0.000000000000000000, 1.000000000000000000, -0.000000000000000000 ) ) ;
#459 = EDGE_CURVE ( 'NONE', #614, #664, #1371, .T. ) ;
#460 = ORIENTED_EDGE ( 'NONE', *, *, #1053, .T. ) ;
#461 = ADVANCED_FACE ( 'NONE', ( #601 ), #1067, .F. ) ;
#462 = DIRECTION ( 'NONE',  ( 0.000000000000000000, 0.000000000000000000, 1.000000000000000000 ) ) ;
#463 = ORIENTED_EDGE ( 'NONE', *, *, #550, .F. ) ;
#464 = EDGE_CURVE ( 'NONE', #99, #911, #628, .T. ) ;
#465 = CYLINDRICAL_SURFACE ( 'NONE', #717, 2.049999999999998046 ) ;
#466 = DIRECTION ( 'NONE',  ( 0.000000000000000000, 0.000000000000000000, 1.000000000000000000 ) ) ;
#467 = ORIENTED_EDGE ( 'NONE', *, *, #1448, .F. ) ;
#468 = DIRECTION ( 'NONE',  ( -0.000000000000000000, 1.000000000000000000, -0.000000000000000000 ) ) ;
#469 = DIRECTION ( 'NONE',  ( -0.000000000000000000, 1.000000000000000000, -0.000000000000000000 ) ) ;
#470 = DIRECTION ( 'NONE',  ( -0.000000000000000000, 1.000000000000000000, -0.000000000000000000 ) ) ;
#471 = CARTESIAN_POINT ( 'NONE',  ( 0.000000000000000000, 8.000000000000000000, -20.95000000000000284 ) ) ;
#472 = CARTESIAN_POINT ( 'NONE',  ( 16.26345596729050769, 8.000000000000000000, 14.21345596729068106 ) ) ;
#473 = AXIS2_PLACEMENT_3D ( 'NONE', #55, #1419, #843 ) ;
#474 = ORIENTED_EDGE ( 'NONE', *, *, #571, .T. ) ;
#475 = VECTOR ( 'NONE', #672, 1000.000000000000000 ) ;
#476 = DIRECTION ( 'NONE',  ( 0.000000000000000000, 0.000000000000000000, 1.000000000000000000 ) ) ;
#477 = AXIS2_PLACEMENT_3D ( 'NONE', #1031, #1140, #580 ) ;
#478 = CIRCLE ( 'NONE', #500, 2.500000000000002220 ) ;
#479 = AXIS2_PLACEMENT_3D ( 'NONE', #305, #1193, #517 ) ;
#480 = DIRECTION ( 'NONE',  ( -0.000000000000000000, 1.000000000000000000, -0.000000000000000000 ) ) ;
#481 = CARTESIAN_POINT ( 'NONE',  ( 0.000000000000000000, -6.000000000000000000, 17.50000000000000355 ) ) ;
#482 = ORIENTED_EDGE ( 'NONE', *, *, #1027, .F. ) ;
#483 = DIRECTION ( 'NONE',  ( -0.000000000000000000, 1.000000000000000000, -0.000000000000000000 ) ) ;
#484 = CARTESIAN_POINT ( 'NONE',  ( 16.26345596729062137, -6.000000000000000000, -16.26345596729056808 ) ) ;
#485 = EDGE_CURVE ( 'NONE', #146, #1382, #1118, .T. ) ;
#486 = FACE_BOUND ( 'NONE', #137, .T. ) ;
#487 = ORIENTED_EDGE ( 'NONE', *, *, #34, .F. ) ;
#488 = CARTESIAN_POINT ( 'NONE',  ( 0.000000000000000000, -6.000000000000000000, 0.000000000000000000 ) ) ;
#489 = ORIENTED_EDGE ( 'NONE', *, *, #780, .F. ) ;
#490 = DIRECTION ( 'NONE',  ( 0.000000000000000000, 0.000000000000000000, 1.000000000000000000 ) ) ;
#491 = FACE_OUTER_BOUND ( 'NONE', #326, .T. ) ;
#492 = EDGE_CURVE ( 'NONE', #986, #1112, #30, .T. ) ;
#493 = CARTESIAN_POINT ( 'NONE',  ( 41.57457896300807221, 8.000000000000000000, 17.22075445642864011 ) ) ;
#494 = ORIENTED_EDGE ( 'NONE', *, *, #202, .F. ) ;
#495 = CARTESIAN_POINT ( 'NONE',  ( -16.26345596729039400, 8.000000000000000000, -16.26345596729079190 ) ) ;
#496 = AXIS2_PLACEMENT_3D ( 'NONE', #204, #1441, #965 ) ;
#497 = AXIS2_PLACEMENT_3D ( 'NONE', #267, #829, #1175 ) ;
#498 = ORIENTED_EDGE ( 'NONE', *, *, #1226, .F. ) ;
#499 = AXIS2_PLACEMENT_3D ( 'NONE', #272, #266, #1272 ) ;
#500 = AXIS2_PLACEMENT_3D ( 'NONE', #1217, #234, #778 ) ;
#501 = ADVANCED_FACE ( 'NONE', ( #1006 ), #892, .F. ) ;
#502 = DIRECTION ( 'NONE',  ( 0.000000000000000000, 0.000000000000000000, 1.000000000000000000 ) ) ;
#503 = DIRECTION ( 'NONE',  ( -0.000000000000000000, 1.000000000000000000, -0.000000000000000000 ) ) ;
#504 = ADVANCED_FACE ( 'NONE', ( #1221, #1458, #126, #1233, #337, #185, #225, #526, #949, #748, #179, #632, #1390, #486, #1183, #1051, #1298, #1402 ), #613, .T. ) ;
#505 = CARTESIAN_POINT ( 'NONE',  ( 17.22075445642936486, 8.000000000000000000, 44.07457896300777378 ) ) ;
#506 = ORIENTED_EDGE ( 'NONE', *, *, #1224, .F. ) ;
#507 = FACE_BOUND ( 'NONE', #329, .T. ) ;
#508 = CARTESIAN_POINT ( 'NONE',  ( -41.57457896300783062, 0.000000000000000000, 14.72075445642922276 ) ) ;
#509 = ORIENTED_EDGE ( 'NONE', *, *, #144, .F. ) ;
#510 = ADVANCED_FACE ( 'NONE', ( #1059, #393, #728, #947, #53, #1165, #835, #491, #157, #399 ), #1275, .T. ) ;
#511 = ORIENTED_EDGE ( 'NONE', *, *, #317, .T. ) ;
#512 =( NAMED_UNIT ( * ) PLANE_ANGLE_UNIT ( ) SI_UNIT ( $, .RADIAN. ) );
#513 = CARTESIAN_POINT ( 'NONE',  ( 41.57457896300770983, 0.000000000000000000, -17.22075445642951053 ) ) ;
#514 = CARTESIAN_POINT ( 'NONE',  ( 0.000000000000000000, -6.000000000000000000, 0.000000000000000000 ) ) ;
#515 = VERTEX_POINT ( 'NONE', #1079 ) ;
#516 = ORIENTED_EDGE ( 'NONE', *, *, #609, .T. ) ;
#517 = DIRECTION ( 'NONE',  ( 0.000000000000000000, 0.000000000000000000, 1.000000000000000000 ) ) ;
#518 = CARTESIAN_POINT ( 'NONE',  ( 0.000000000000000000, -6.000000000000000000, 23.00000000000000000 ) ) ;
#519 = ORIENTED_EDGE ( 'NONE', *, *, #1168, .F. ) ;
#520 = CARTESIAN_POINT ( 'NONE',  ( -16.26345596729039400, 8.000000000000000000, -18.31345596729078906 ) ) ;
#521 = EDGE_LOOP ( 'NONE', ( #830, #1013, #370, #259 ) ) ;
#522 = VERTEX_POINT ( 'NONE', #1309 ) ;
#523 = EDGE_CURVE ( 'NONE', #1326, #146, #1451, .T. ) ;
#524 = PLANE ( 'NONE',  #1455 ) ;
#525 = CARTESIAN_POINT ( 'NONE',  ( 0.000000000000000000, 8.000000000000000000, 0.000000000000000000 ) ) ;
#526 = FACE_BOUND ( 'NONE', #381, .T. ) ;
#527 = VERTEX_POINT ( 'NONE', #505 ) ;
#528 = AXIS2_PLACEMENT_3D ( 'NONE', #834, #1036, #60 ) ;
#529 = CIRCLE ( 'NONE', #191, 2.049999999999996270 ) ;
#530 = VECTOR ( 'NONE', #470, 1000.000000000000000 ) ;
#531 = CARTESIAN_POINT ( 'NONE',  ( 0.000000000000000000, -6.000000000000000000, 0.000000000000000000 ) ) ;
#532 = DIRECTION ( 'NONE',  ( -0.000000000000000000, 1.000000000000000000, -0.000000000000000000 ) ) ;
#533 = CIRCLE ( 'NONE', #896, 2.049999999999996270 ) ;
#534 = CARTESIAN_POINT ( 'NONE',  ( -16.26345596729039400, 8.000000000000000000, -16.26345596729079190 ) ) ;
#535 = CARTESIAN_POINT ( 'NONE',  ( 0.000000000000000000, -6.000000000000000000, 0.000000000000000000 ) ) ;
#536 = DIRECTION ( 'NONE',  ( -0.000000000000000000, 1.000000000000000000, -0.000000000000000000 ) ) ;
#537 = VERTEX_POINT ( 'NONE', #1416 ) ;
#538 = DIRECTION ( 'NONE',  ( 0.000000000000000000, 0.000000000000000000, 1.000000000000000000 ) ) ;
#539 = LINE ( 'NONE', #424, #671 ) ;
#540 = ORIENTED_EDGE ( 'NONE', *, *, #1456, .F. ) ;
#541 = EDGE_CURVE ( 'NONE', #1120, #1394, #553, .T. ) ;
#542 = ORIENTED_EDGE ( 'NONE', *, *, #817, .F. ) ;
#543 = DIRECTION ( 'NONE',  ( 1.000000000000000000, 0.000000000000000000, 0.000000000000000000 ) ) ;
#544 = CARTESIAN_POINT ( 'NONE',  ( 41.57457896300770983, 8.000000000000000000, -19.72075445642950697 ) ) ;
#545 = ORIENTED_EDGE ( 'NONE', *, *, #1027, .T. ) ;
#546 = DIRECTION ( 'NONE',  ( -0.000000000000000000, 1.000000000000000000, -0.000000000000000000 ) ) ;
#547 = CARTESIAN_POINT ( 'NONE',  ( 41.57457896300807221, 8.000000000000000000, 19.72075445642863301 ) ) ;
#548 = CARTESIAN_POINT ( 'NONE',  ( 0.000000000000000000, -6.000000000000000000, -20.95000000000000284 ) ) ;
#549 = EDGE_LOOP ( 'NONE', ( #1414, #1148 ) ) ;
#550 = EDGE_CURVE ( 'NONE', #12, #612, #152, .T. ) ;
#551 = CIRCLE ( 'NONE', #991, 2.049999999999996270 ) ;
#552 = EDGE_CURVE ( 'NONE', #1296, #301, #1283, .T. ) ;
#553 = CIRCLE ( 'NONE', #497, 55.00000000000000000 ) ;
#554 = DIRECTION ( 'NONE',  ( 0.000000000000000000, 1.000000000000000000, 0.000000000000000000 ) ) ;
#555 = CIRCLE ( 'NONE', #622, 2.499999999999998668 ) ;
#556 = ORIENTED_EDGE ( 'NONE', *, *, #780, .T. ) ;
#557 = CIRCLE ( 'NONE', #897, 2.049999999999996270 ) ;
#558 = CARTESIAN_POINT ( 'NONE',  ( -23.00000000000000000, -6.000000000000000000, -2.050000000000237410 ) ) ;
#559 = VERTEX_POINT ( 'NONE', #180 ) ;
#560 = ADVANCED_FACE ( 'NONE', ( #1424 ), #841, .F. ) ;
#561 = LINE ( 'NONE', #879, #475 ) ;
#562 = ORIENTED_EDGE ( 'NONE', *, *, #129, .T. ) ;
#563 = DIRECTION ( 'NONE',  ( 0.000000000000000000, 0.000000000000000000, 1.000000000000000000 ) ) ;
#564 = CARTESIAN_POINT ( 'NONE',  ( 23.00000000000000000, 8.000000000000000000, 2.050000000000076650 ) ) ;
#565 = ORIENTED_EDGE ( 'NONE', *, *, #115, .F. ) ;
#566 = LINE ( 'NONE', #1135, #1232 ) ;
#567 = ADVANCED_FACE ( 'NONE', ( #1070 ), #274, .F. ) ;
#568 = CARTESIAN_POINT ( 'NONE',  ( 16.26345596729062137, 8.000000000000000000, -14.21345596729056915 ) ) ;
#569 = ORIENTED_EDGE ( 'NONE', *, *, #1030, .F. ) ;
#570 = CARTESIAN_POINT ( 'NONE',  ( 16.26345596729050769, 8.000000000000000000, 18.31345596729067537 ) ) ;
#571 = EDGE_CURVE ( 'NONE', #12, #941, #1327, .T. ) ;
#572 = VECTOR ( 'NONE', #375, 1000.000000000000000 ) ;
#573 = CIRCLE ( 'NONE', #52, 2.499999999999995115 ) ;
#574 = ORIENTED_EDGE ( 'NONE', *, *, #987, .F. ) ;
#575 = AXIS2_PLACEMENT_3D ( 'NONE', #1228, #902, #1241 ) ;
#576 = CARTESIAN_POINT ( 'NONE',  ( 16.26345596729062137, 8.000000000000000000, -18.31345596729056524 ) ) ;
#577 = ORIENTED_EDGE ( 'NONE', *, *, #803, .F. ) ;
#578 = AXIS2_PLACEMENT_3D ( 'NONE', #831, #1186, #70 ) ;
#579 = VERTEX_POINT ( 'NONE', #625 ) ;
#580 = DIRECTION ( 'NONE',  ( 0.000000000000000000, 0.000000000000000000, 1.000000000000000000 ) ) ;
#581 = ORIENTED_EDGE ( 'NONE', *, *, #456, .F. ) ;
#582 = DIRECTION ( 'NONE',  ( 0.000000000000000000, 0.000000000000000000, 1.000000000000000000 ) ) ;
#583 = ORIENTED_EDGE ( 'NONE', *, *, #607, .T. ) ;
#584 = DIRECTION ( 'NONE',  ( -0.000000000000000000, 1.000000000000000000, -0.000000000000000000 ) ) ;
#585 = DIRECTION ( 'NONE',  ( 0.000000000000000000, 0.000000000000000000, 1.000000000000000000 ) ) ;
#586 = DIRECTION ( 'NONE',  ( -0.000000000000000000, 1.000000000000000000, -0.000000000000000000 ) ) ;
#587 = CARTESIAN_POINT ( 'NONE',  ( -23.00000000000000000, 8.000000000000000000, -2.409122123801762394E-13 ) ) ;
#588 = VERTEX_POINT ( 'NONE', #520 ) ;
#589 = CYLINDRICAL_SURFACE ( 'NONE', #693, 27.00000000000000000 ) ;
#590 = DIRECTION ( 'NONE',  ( 0.000000000000000000, 0.000000000000000000, 1.000000000000000000 ) ) ;
#591 = CIRCLE ( 'NONE', #1132, 2.499999999999995115 ) ;
#592 = ORIENTED_EDGE ( 'NONE', *, *, #92, .T. ) ;
#593 = CARTESIAN_POINT ( 'NONE',  ( 0.000000000000000000, 8.000000000000000000, 0.000000000000000000 ) ) ;
#594 = AXIS2_PLACEMENT_3D ( 'NONE', #720, #862, #427 ) ;
#595 = ADVANCED_FACE ( 'NONE', ( #819 ), #742, .F. ) ;
#596 = VERTEX_POINT ( 'NONE', #171 ) ;
#597 = CARTESIAN_POINT ( 'NONE',  ( -23.00000000000000000, -6.000000000000000000, 2.049999999999755129 ) ) ;
#598 = FACE_OUTER_BOUND ( 'NONE', #388, .T. ) ;
#599 = ORIENTED_EDGE ( 'NONE', *, *, #706, .T. ) ;
#600 = CARTESIAN_POINT ( 'NONE',  ( 0.000000000000000000, -6.000000000000000000, 23.00000000000000000 ) ) ;
#601 = FACE_OUTER_BOUND ( 'NONE', #1177, .T. ) ;
#602 = ORIENTED_EDGE ( 'NONE', *, *, #552, .T. ) ;
#603 = DIRECTION ( 'NONE',  ( -0.000000000000000000, 1.000000000000000000, -0.000000000000000000 ) ) ;
#604 = DIRECTION ( 'NONE',  ( 0.000000000000000000, 1.000000000000000000, 0.000000000000000000 ) ) ;
#605 = ORIENTED_EDGE ( 'NONE', *, *, #1406, .F. ) ;
#606 = CYLINDRICAL_SURFACE ( 'NONE', #824, 17.50000000000000355 ) ;
#607 = EDGE_CURVE ( 'NONE', #146, #1326, #916, .T. ) ;
#608 = ORIENTED_EDGE ( 'NONE', *, *, #868, .T. ) ;
#609 = EDGE_CURVE ( 'NONE', #1438, #303, #163, .T. ) ;
#610 = LINE ( 'NONE', #833, #849 ) ;
#611 = LINE ( 'NONE', #1409, #1058 ) ;
#612 = VERTEX_POINT ( 'NONE', #1457 ) ;
#613 = PLANE ( 'NONE',  #1274 ) ;
#614 = VERTEX_POINT ( 'NONE', #417 ) ;
#615 = DIRECTION ( 'NONE',  ( 0.000000000000000000, 0.000000000000000000, 1.000000000000000000 ) ) ;
#616 = AXIS2_PLACEMENT_3D ( 'NONE', #518, #300, #970 ) ;
#617 = DIRECTION ( 'NONE',  ( 0.000000000000000000, 0.000000000000000000, 1.000000000000000000 ) ) ;
#618 = EDGE_CURVE ( 'NONE', #1317, #1427, #359, .T. ) ;
#619 = VECTOR ( 'NONE', #100, 1000.000000000000000 ) ;
#620 = DIRECTION ( 'NONE',  ( 0.000000000000000000, 0.000000000000000000, 1.000000000000000000 ) ) ;
#621 = EDGE_LOOP ( 'NONE', ( #401, #1024, #1223, #418 ) ) ;
#622 = AXIS2_PLACEMENT_3D ( 'NONE', #113, #356, #590 ) ;
#623 = CIRCLE ( 'NONE', #1181, 2.049999999999998046 ) ;
#624 = CYLINDRICAL_SURFACE ( 'NONE', #757, 55.00000000000000000 ) ;
#625 = CARTESIAN_POINT ( 'NONE',  ( 23.00000000000000000, 8.000000000000000000, -2.049999999999915890 ) ) ;
#626 = VERTEX_POINT ( 'NONE', #216 ) ;
#627 = ORIENTED_EDGE ( 'NONE', *, *, #34, .T. ) ;
#628 = LINE ( 'NONE', #1073, #265 ) ;
#629 = FACE_BOUND ( 'NONE', #1431, .T. ) ;
#630 = CYLINDRICAL_SURFACE ( 'NONE', #116, 2.499999999999998668 ) ;
#631 = ORIENTED_EDGE ( 'NONE', *, *, #912, .T. ) ;
#632 = FACE_BOUND ( 'NONE', #77, .T. ) ;
#633 = EDGE_LOOP ( 'NONE', ( #255, #608 ) ) ;
#634 = ORIENTED_EDGE ( 'NONE', *, *, #1026, .F. ) ;
#635 = CARTESIAN_POINT ( 'NONE',  ( -23.00000000000000000, 8.000000000000000000, -2.409122123801762394E-13 ) ) ;
#636 = EDGE_LOOP ( 'NONE', ( #961, #1454, #659, #487 ) ) ;
#637 = CARTESIAN_POINT ( 'NONE',  ( 16.26345596729062137, 8.000000000000000000, -16.26345596729056808 ) ) ;
#638 = CARTESIAN_POINT ( 'NONE',  ( 0.000000000000000000, 8.000000000000000000, 23.00000000000000000 ) ) ;
#639 = DIRECTION ( 'NONE',  ( -0.000000000000000000, 1.000000000000000000, -0.000000000000000000 ) ) ;
#640 = DIRECTION ( 'NONE',  ( -0.000000000000000000, 1.000000000000000000, -0.000000000000000000 ) ) ;
#641 = CARTESIAN_POINT ( 'NONE',  ( -41.57457896300795142, 8.000000000000000000, -19.72075445642892788 ) ) ;
#642 = VECTOR ( 'NONE', #639, 1000.000000000000000 ) ;
#643 = ORIENTED_EDGE ( 'NONE', *, *, #662, .T. ) ;
#644 = EDGE_CURVE ( 'NONE', #1062, #367, #1176, .T. ) ;
#645 = CIRCLE ( 'NONE', #782, 2.499999999999995115 ) ;
#646 = AXIS2_PLACEMENT_3D ( 'NONE', #384, #727, #280 ) ;
#647 = DIRECTION ( 'NONE',  ( 0.000000000000000000, 0.000000000000000000, 1.000000000000000000 ) ) ;
#648 = CARTESIAN_POINT ( 'NONE',  ( 2.510525938252073200E-16, 8.000000000000000000, -25.04999999999999716 ) ) ;
#649 = EDGE_CURVE ( 'NONE', #1394, #1120, #1015, .T. ) ;
#650 = CIRCLE ( 'NONE', #346, 2.049999999999996270 ) ;
#651 = ORIENTED_EDGE ( 'NONE', *, *, #1210, .F. ) ;
#652 = AXIS2_PLACEMENT_3D ( 'NONE', #838, #943, #1064 ) ;
#653 = FACE_BOUND ( 'NONE', #349, .T. ) ;
#654 = CARTESIAN_POINT ( 'NONE',  ( 2.510525938252070734E-16, 8.000000000000000000, 20.95000000000000284 ) ) ;
#655 = FILL_AREA_STYLE_COLOUR ( '', #193 ) ;
#656 = ORIENTED_EDGE ( 'NONE', *, *, #552, .F. ) ;
#657 = CYLINDRICAL_SURFACE ( 'NONE', #1113, 2.049999999999996270 ) ;
#658 = EDGE_LOOP ( 'NONE', ( #1101, #982 ) ) ;
#659 = ORIENTED_EDGE ( 'NONE', *, *, #380, .T. ) ;
#660 = LINE ( 'NONE', #2, #105 ) ;
#661 = EDGE_LOOP ( 'NONE', ( #1043, #1207, #889, #792 ) ) ;
#662 = EDGE_CURVE ( 'NONE', #1427, #1317, #1089, .T. ) ;
#663 = DIRECTION ( 'NONE',  ( 0.000000000000000000, 1.000000000000000000, 0.000000000000000000 ) ) ;
#664 = VERTEX_POINT ( 'NONE', #1333 ) ;
#665 = DIRECTION ( 'NONE',  ( -0.000000000000000000, 1.000000000000000000, -0.000000000000000000 ) ) ;
#666 = ADVANCED_FACE ( 'NONE', ( #1432 ), #657, .F. ) ;
#667 = PRODUCT_DEFINITION_SHAPE ( 'NONE', 'NONE',  #1293 ) ;
#668 = DIRECTION ( 'NONE',  ( -0.000000000000000000, 1.000000000000000000, -0.000000000000000000 ) ) ;
#669 = ORIENTED_EDGE ( 'NONE', *, *, #1069, .F. ) ;
#670 = AXIS2_PLACEMENT_3D ( 'NONE', #392, #827, #930 ) ;
#671 = VECTOR ( 'NONE', #762, 1000.000000000000000 ) ;
#672 = DIRECTION ( 'NONE',  ( -0.000000000000000000, 1.000000000000000000, -0.000000000000000000 ) ) ;
#673 = DIRECTION ( 'NONE',  ( -0.000000000000000000, 1.000000000000000000, -0.000000000000000000 ) ) ;
#674 = AXIS2_PLACEMENT_3D ( 'NONE', #806, #257, #127 ) ;
#675 = ORIENTED_EDGE ( 'NONE', *, *, #698, .F. ) ;
#676 = AXIS2_PLACEMENT_3D ( 'NONE', #8, #1001, #787 ) ;
#677 = DIRECTION ( 'NONE',  ( -0.000000000000000000, 1.000000000000000000, -0.000000000000000000 ) ) ;
#678 = ORIENTED_EDGE ( 'NONE', *, *, #1240, .F. ) ;
#679 = LINE ( 'NONE', #1314, #342 ) ;
#680 = EDGE_CURVE ( 'NONE', #1062, #1364, #561, .T. ) ;
#681 = EDGE_LOOP ( 'NONE', ( #1338, #304, #238, #1463 ) ) ;
#682 = FACE_OUTER_BOUND ( 'NONE', #153, .T. ) ;
#683 = ORIENTED_EDGE ( 'NONE', *, *, #765, .F. ) ;
#684 = DIRECTION ( 'NONE',  ( -0.000000000000000000, 1.000000000000000000, -0.000000000000000000 ) ) ;
#685 = EDGE_CURVE ( 'NONE', #759, #6, #539, .T. ) ;
#686 = ORIENTED_EDGE ( 'NONE', *, *, #380, .F. ) ;
#687 = LINE ( 'NONE', #95, #295 ) ;
#688 = ORIENTED_EDGE ( 'NONE', *, *, #351, .F. ) ;
#689 = DIRECTION ( 'NONE',  ( 0.000000000000000000, 0.000000000000000000, 1.000000000000000000 ) ) ;
#690 = AXIS2_PLACEMENT_3D ( 'NONE', #1393, #416, #226 ) ;
#691 = CIRCLE ( 'NONE', #477, 2.049999999999999822 ) ;
#692 = ORIENTED_EDGE ( 'NONE', *, *, #765, .T. ) ;
#693 = AXIS2_PLACEMENT_3D ( 'NONE', #1279, #933, #28 ) ;
#694 = CARTESIAN_POINT ( 'NONE',  ( -23.00000000000000000, -6.000000000000000000, -2.409122123801762394E-13 ) ) ;
#695 = ORIENTED_EDGE ( 'NONE', *, *, #1417, .F. ) ;
#696 = DIRECTION ( 'NONE',  ( 0.000000000000000000, 0.000000000000000000, 1.000000000000000000 ) ) ;
#697 = CARTESIAN_POINT ( 'NONE',  ( 17.22075445642936486, 8.000000000000000000, 44.07457896300777378 ) ) ;
#698 = EDGE_CURVE ( 'NONE', #596, #56, #1037, .T. ) ;
#699 = DIRECTION ( 'NONE',  ( -0.000000000000000000, 1.000000000000000000, -0.000000000000000000 ) ) ;
#700 = EDGE_LOOP ( 'NONE', ( #581, #859, #1403, #439 ) ) ;
#701 = DIRECTION ( 'NONE',  ( 0.000000000000000000, 0.000000000000000000, 1.000000000000000000 ) ) ;
#702 = EDGE_CURVE ( 'NONE', #1363, #233, #1231, .T. ) ;
#703 = DIRECTION ( 'NONE',  ( 0.000000000000000000, 0.000000000000000000, 1.000000000000000000 ) ) ;
#704 = ORIENTED_EDGE ( 'NONE', *, *, #770, .F. ) ;
#705 = ORIENTED_EDGE ( 'NONE', *, *, #1030, .T. ) ;
#706 = EDGE_CURVE ( 'NONE', #522, #212, #138, .T. ) ;
#707 = CARTESIAN_POINT ( 'NONE',  ( 41.57457896300807221, 0.000000000000000000, 17.22075445642864011 ) ) ;
#708 = EDGE_CURVE ( 'NONE', #1317, #404, #679, .T. ) ;
#709 = VERTEX_POINT ( 'NONE', #1102 ) ;
#710 = DIRECTION ( 'NONE',  ( -0.000000000000000000, 1.000000000000000000, -0.000000000000000000 ) ) ;
#711 = LINE ( 'NONE', #736, #1174 ) ;
#712 = PRODUCT_DEFINITION_CONTEXT ( 'detailed design', #440, 'design' ) ;
#713 = ORIENTED_EDGE ( 'NONE', *, *, #248, .T. ) ;
#714 = VECTOR ( 'NONE', #282, 1000.000000000000000 ) ;
#715 = CARTESIAN_POINT ( 'NONE',  ( -16.26345596729039400, -6.000000000000000000, -16.26345596729079190 ) ) ;
#716 = LINE ( 'NONE', #362, #1395 ) ;
#717 = AXIS2_PLACEMENT_3D ( 'NONE', #1034, #1374, #368 ) ;
#718 = CIRCLE ( 'NONE', #919, 17.50000000000000355 ) ;
#719 = EDGE_LOOP ( 'NONE', ( #1260, #482 ) ) ;
#720 = CARTESIAN_POINT ( 'NONE',  ( 16.26345596729050769, -6.000000000000000000, 16.26345596729067822 ) ) ;
#721 = CARTESIAN_POINT ( 'NONE',  ( 2.143131898507868643E-15, 8.000000000000000000, -17.50000000000000355 ) ) ;
#722 = DIRECTION ( 'NONE',  ( 0.000000000000000000, 0.000000000000000000, 1.000000000000000000 ) ) ;
#723 = EDGE_CURVE ( 'NONE', #796, #885, #888, .T. ) ;
#724 = ORIENTED_EDGE ( 'NONE', *, *, #92, .F. ) ;
#725 = DIRECTION ( 'NONE',  ( -0.000000000000000000, 1.000000000000000000, -0.000000000000000000 ) ) ;
#726 = ORIENTED_EDGE ( 'NONE', *, *, #649, .F. ) ;
#727 = DIRECTION ( 'NONE',  ( -0.000000000000000000, 1.000000000000000000, -0.000000000000000000 ) ) ;
#728 = FACE_BOUND ( 'NONE', #658, .T. ) ;
#729 = EDGE_CURVE ( 'NONE', #63, #779, #529, .T. ) ;
#730 = DIRECTION ( 'NONE',  ( 0.000000000000000000, 0.000000000000000000, 1.000000000000000000 ) ) ;
#731 = ORIENTED_EDGE ( 'NONE', *, *, #1230, .F. ) ;
#732 = DIRECTION ( 'NONE',  ( 0.000000000000000000, -0.000000000000000000, 1.000000000000000000 ) ) ;
#733 = DIRECTION ( 'NONE',  ( 0.000000000000000000, 1.000000000000000000, 0.000000000000000000 ) ) ;
#734 = ORIENTED_EDGE ( 'NONE', *, *, #912, .F. ) ;
#735 = CARTESIAN_POINT ( 'NONE',  ( 41.57457896300770983, 0.000000000000000000, -14.72075445642951408 ) ) ;
#736 = CARTESIAN_POINT ( 'NONE',  ( -41.57457896300783062, 8.000000000000000000, 14.72075445642922276 ) ) ;
#737 = DIRECTION ( 'NONE',  ( 0.000000000000000000, 0.000000000000000000, 1.000000000000000000 ) ) ;
#738 = ORIENTED_EDGE ( 'NONE', *, *, #751, .T. ) ;
#739 = CARTESIAN_POINT ( 'NONE',  ( -41.57457896300783062, 8.000000000000000000, 14.72075445642921920 ) ) ;
#740 = AXIS2_PLACEMENT_3D ( 'NONE', #637, #955, #1160 ) ;
#741 = VERTEX_POINT ( 'NONE', #1340 ) ;
#742 = CYLINDRICAL_SURFACE ( 'NONE', #874, 2.499999999999995115 ) ;
#743 = CARTESIAN_POINT ( 'NONE',  ( -17.22075445642908065, 8.000000000000000000, -41.57457896300788747 ) ) ;
#744 = ORIENTED_EDGE ( 'NONE', *, *, #644, .F. ) ;
#745 = DIRECTION ( 'NONE',  ( -0.000000000000000000, 1.000000000000000000, -0.000000000000000000 ) ) ;
#746 = ORIENTED_EDGE ( 'NONE', *, *, #189, .T. ) ;
#747 = CARTESIAN_POINT ( 'NONE',  ( -17.22075445642907709, 0.000000000000000000, 41.57457896300788747 ) ) ;
#748 = FACE_BOUND ( 'NONE', #19, .T. ) ;
#749 = DIRECTION ( 'NONE',  ( -0.000000000000000000, 1.000000000000000000, -0.000000000000000000 ) ) ;
#750 = CARTESIAN_POINT ( 'NONE',  ( -41.57457896300783062, 0.000000000000000000, 19.72075445642921920 ) ) ;
#751 = EDGE_CURVE ( 'NONE', #664, #614, #573, .T. ) ;
#752 = ORIENTED_EDGE ( 'NONE', *, *, #1226, .T. ) ;
#753 = CARTESIAN_POINT ( 'NONE',  ( 17.22075445642907709, 8.000000000000000000, -41.57457896300788747 ) ) ;
#754 = EDGE_LOOP ( 'NONE', ( #506, #972 ) ) ;
#755 = DIRECTION ( 'NONE',  ( -0.000000000000000000, 1.000000000000000000, -0.000000000000000000 ) ) ;
#756 = DIRECTION ( 'NONE',  ( -0.000000000000000000, 1.000000000000000000, -0.000000000000000000 ) ) ;
#757 = AXIS2_PLACEMENT_3D ( 'NONE', #954, #1415, #807 ) ;
#758 = CARTESIAN_POINT ( 'NONE',  ( 23.00000000000000000, -6.000000000000000000, 8.030407079339205455E-14 ) ) ;
#759 = VERTEX_POINT ( 'NONE', #1225 ) ;
#760 = CIRCLE ( 'NONE', #1302, 2.049999999999996270 ) ;
#761 = AXIS2_PLACEMENT_3D ( 'NONE', #445, #108, #118 ) ;
#762 = DIRECTION ( 'NONE',  ( -0.000000000000000000, 1.000000000000000000, -0.000000000000000000 ) ) ;
#763 = FACE_OUTER_BOUND ( 'NONE', #521, .T. ) ;
#764 = FACE_OUTER_BOUND ( 'NONE', #636, .T. ) ;
#765 = EDGE_CURVE ( 'NONE', #303, #1438, #165, .T. ) ;
#766 = CARTESIAN_POINT ( 'NONE',  ( -41.57457896300783062, 8.000000000000000000, 17.22075445642922276 ) ) ;
#767 = ADVANCED_FACE ( 'NONE', ( #776 ), #1003, .F. ) ;
#768 = DIRECTION ( 'NONE',  ( -0.000000000000000000, 1.000000000000000000, -0.000000000000000000 ) ) ;
#769 = ORIENTED_EDGE ( 'NONE', *, *, #248, .F. ) ;
#770 = EDGE_CURVE ( 'NONE', #844, #1055, #691, .T. ) ;
#771 = DIRECTION ( 'NONE',  ( -0.000000000000000000, 1.000000000000000000, -0.000000000000000000 ) ) ;
#772 = EDGE_LOOP ( 'NONE', ( #463, #731, #1192, #43 ) ) ;
#773 = PRODUCT_RELATED_PRODUCT_CATEGORY ( 'part', '', ( #1216 ) ) ;
#774 = DIRECTION ( 'NONE',  ( -0.000000000000000000, 1.000000000000000000, -0.000000000000000000 ) ) ;
#775 = ORIENTED_EDGE ( 'NONE', *, *, #1336, .T. ) ;
#776 = FACE_OUTER_BOUND ( 'NONE', #621, .T. ) ;
#777 = EDGE_LOOP ( 'NONE', ( #398, #494, #1096, #788 ) ) ;
#778 = DIRECTION ( 'NONE',  ( 0.000000000000000000, 0.000000000000000000, 1.000000000000000000 ) ) ;
#779 = VERTEX_POINT ( 'NONE', #133 ) ;
#780 = EDGE_CURVE ( 'NONE', #215, #283, #555, .T. ) ;
#781 = ORIENTED_EDGE ( 'NONE', *, *, #644, .T. ) ;
#782 = AXIS2_PLACEMENT_3D ( 'NONE', #493, #1285, #730 ) ;
#783 = DIRECTION ( 'NONE',  ( -0.000000000000000000, 1.000000000000000000, -0.000000000000000000 ) ) ;
#784 = AXIS2_PLACEMENT_3D ( 'NONE', #758, #44, #490 ) ;
#785 = VECTOR ( 'NONE', #371, 1000.000000000000000 ) ;
#786 = VECTOR ( 'NONE', #951, 1000.000000000000000 ) ;
#787 = DIRECTION ( 'NONE',  ( 0.000000000000000000, 0.000000000000000000, 1.000000000000000000 ) ) ;
#788 = ORIENTED_EDGE ( 'NONE', *, *, #828, .T. ) ;
#789 = ADVANCED_FACE ( 'NONE', ( #447 ), #1258, .F. ) ;
#790 = CARTESIAN_POINT ( 'NONE',  ( -17.22075445642908065, 8.000000000000000000, -39.07457896300789457 ) ) ;
#791 = APPLICATION_PROTOCOL_DEFINITION ( 'draft international standard', 'automotive_design', 1998, #440 ) ;
#792 = ORIENTED_EDGE ( 'NONE', *, *, #352, .T. ) ;
#793 = DIRECTION ( 'NONE',  ( -0.000000000000000000, 1.000000000000000000, -0.000000000000000000 ) ) ;
#794 = ORIENTED_EDGE ( 'NONE', *, *, #1171, .T. ) ;
#795 = CARTESIAN_POINT ( 'NONE',  ( 16.26345596729062137, 8.000000000000000000, -16.26345596729056808 ) ) ;
#796 = VERTEX_POINT ( 'NONE', #1239 ) ;
#797 = CARTESIAN_POINT ( 'NONE',  ( -17.22075445642907709, 0.000000000000000000, 44.07457896300788747 ) ) ;
#798 = ORIENTED_EDGE ( 'NONE', *, *, #1456, .T. ) ;
#799 = DIRECTION ( 'NONE',  ( 0.000000000000000000, 1.000000000000000000, 0.000000000000000000 ) ) ;
#800 = CIRCLE ( 'NONE', #240, 2.049999999999996270 ) ;
#801 = AXIS2_PLACEMENT_3D ( 'NONE', #67, #61, #1410 ) ;
#802 = AXIS2_PLACEMENT_3D ( 'NONE', #228, #668, #103 ) ;
#803 = EDGE_CURVE ( 'NONE', #537, #71, #1025, .T. ) ;
#804 = FACE_OUTER_BOUND ( 'NONE', #1286, .T. ) ;
#805 = EDGE_LOOP ( 'NONE', ( #1195, #945 ) ) ;
#806 = CARTESIAN_POINT ( 'NONE',  ( 0.000000000000000000, 8.000000000000000000, -23.00000000000000000 ) ) ;
#807 = DIRECTION ( 'NONE',  ( 0.000000000000000000, 0.000000000000000000, -1.000000000000000000 ) ) ;
#808 = ADVANCED_FACE ( 'NONE', ( #121 ), #465, .F. ) ;
#809 = CARTESIAN_POINT ( 'NONE',  ( 17.22075445642936486, 8.000000000000000000, 41.57457896300777378 ) ) ;
#810 = ORIENTED_EDGE ( 'NONE', *, *, #967, .T. ) ;
#811 = CARTESIAN_POINT ( 'NONE',  ( -23.00000000000000000, 8.000000000000000000, -2.409122123801762394E-13 ) ) ;
#812 = CARTESIAN_POINT ( 'NONE',  ( 0.000000000000000000, 8.000000000000000000, 25.04999999999999716 ) ) ;
#813 = DIRECTION ( 'NONE',  ( 0.000000000000000000, 0.000000000000000000, 1.000000000000000000 ) ) ;
#814 = DIRECTION ( 'NONE',  ( -0.000000000000000000, 1.000000000000000000, -0.000000000000000000 ) ) ;
#815 = EDGE_CURVE ( 'NONE', #612, #527, #1400, .T. ) ;
#816 = ORIENTED_EDGE ( 'NONE', *, *, #908, .F. ) ;
#817 = EDGE_CURVE ( 'NONE', #99, #1049, #450, .T. ) ;
#818 = CIRCLE ( 'NONE', #1325, 2.049999999999998046 ) ;
#819 = FACE_OUTER_BOUND ( 'NONE', #1349, .T. ) ;
#820 = DIRECTION ( 'NONE',  ( -0.000000000000000000, 1.000000000000000000, -0.000000000000000000 ) ) ;
#821 = VERTEX_POINT ( 'NONE', #232 ) ;
#822 = DIRECTION ( 'NONE',  ( -0.000000000000000000, 1.000000000000000000, -0.000000000000000000 ) ) ;
#823 = CIRCLE ( 'NONE', #917, 2.500000000000002220 ) ;
#824 = AXIS2_PLACEMENT_3D ( 'NONE', #488, #123, #135 ) ;
#825 = EDGE_LOOP ( 'NONE', ( #74, #695 ) ) ;
#826 = EDGE_CURVE ( 'NONE', #1387, #85, #760, .T. ) ;
#827 = DIRECTION ( 'NONE',  ( -0.000000000000000000, 1.000000000000000000, -0.000000000000000000 ) ) ;
#828 = EDGE_CURVE ( 'NONE', #201, #39, #1352, .T. ) ;
#829 = DIRECTION ( 'NONE',  ( 0.000000000000000000, 1.000000000000000000, 0.000000000000000000 ) ) ;
#830 = ORIENTED_EDGE ( 'NONE', *, *, #729, .F. ) ;
#831 = CARTESIAN_POINT ( 'NONE',  ( 17.22075445642936486, 8.000000000000000000, 41.57457896300777378 ) ) ;
#832 = ORIENTED_EDGE ( 'NONE', *, *, #662, .F. ) ;
#833 = CARTESIAN_POINT ( 'NONE',  ( 0.000000000000000000, 8.000000000000000000, 25.04999999999999716 ) ) ;
#834 = CARTESIAN_POINT ( 'NONE',  ( 0.000000000000000000, 0.000000000000000000, 0.000000000000000000 ) ) ;
#835 = FACE_BOUND ( 'NONE', #983, .T. ) ;
#836 = EDGE_CURVE ( 'NONE', #1055, #844, #1016, .T. ) ;
#837 = EDGE_LOOP ( 'NONE', ( #1357, #96, #853, #1411 ) ) ;
#838 = CARTESIAN_POINT ( 'NONE',  ( 0.000000000000000000, 0.000000000000000000, 0.000000000000000000 ) ) ;
#839 = ORIENTED_EDGE ( 'NONE', *, *, #967, .F. ) ;
#840 = CARTESIAN_POINT ( 'NONE',  ( 23.00000000000000000, 8.000000000000000000, 2.050000000000076650 ) ) ;
#841 = CYLINDRICAL_SURFACE ( 'NONE', #740, 2.049999999999998046 ) ;
#842 = CARTESIAN_POINT ( 'NONE',  ( 23.00000000000000000, 8.000000000000000000, 8.030407079339205455E-14 ) ) ;
#843 = DIRECTION ( 'NONE',  ( 0.000000000000000000, 0.000000000000000000, 1.000000000000000000 ) ) ;
#844 = VERTEX_POINT ( 'NONE', #1252 ) ;
#845 = DIRECTION ( 'NONE',  ( -0.000000000000000000, 1.000000000000000000, -0.000000000000000000 ) ) ;
#846 = CIRCLE ( 'NONE', #969, 17.50000000000000355 ) ;
#847 = DIRECTION ( 'NONE',  ( 0.000000000000000000, 0.000000000000000000, 1.000000000000000000 ) ) ;
#848 = EDGE_LOOP ( 'NONE', ( #519, #338, #1123, #924 ) ) ;
#849 = VECTOR ( 'NONE', #1050, 1000.000000000000000 ) ;
#850 = CIRCLE ( 'NONE', #410, 2.500000000000002220 ) ;
#851 = DIRECTION ( 'NONE',  ( 0.000000000000000000, -1.000000000000000000, 0.000000000000000000 ) ) ;
#852 = DIRECTION ( 'NONE',  ( 0.000000000000000000, 0.000000000000000000, 1.000000000000000000 ) ) ;
#853 = ORIENTED_EDGE ( 'NONE', *, *, #194, .T. ) ;
#854 = DIRECTION ( 'NONE',  ( -0.000000000000000000, 1.000000000000000000, -0.000000000000000000 ) ) ;
#855 = DIRECTION ( 'NONE',  ( 0.000000000000000000, 1.000000000000000000, 0.000000000000000000 ) ) ;
#856 = ORIENTED_EDGE ( 'NONE', *, *, #357, .T. ) ;
#857 = CARTESIAN_POINT ( 'NONE',  ( -41.57457896300795142, 0.000000000000000000, -17.22075445642893143 ) ) ;
#858 = CARTESIAN_POINT ( 'NONE',  ( 41.57457896300770983, 8.000000000000000000, -19.72075445642950697 ) ) ;
#859 = ORIENTED_EDGE ( 'NONE', *, *, #286, .T. ) ;
#860 = FACE_OUTER_BOUND ( 'NONE', #772, .T. ) ;
#861 = CARTESIAN_POINT ( 'NONE',  ( 6.735557395310442615E-15, 0.000000000000000000, 55.00000000000000000 ) ) ;
#862 = DIRECTION ( 'NONE',  ( -0.000000000000000000, 1.000000000000000000, -0.000000000000000000 ) ) ;
#863 = EDGE_LOOP ( 'NONE', ( #36, #1130 ) ) ;
#864 = ADVANCED_FACE ( 'NONE', ( #1144 ), #347, .F. ) ;
#865 = EDGE_CURVE ( 'NONE', #1020, #872, #914, .T. ) ;
#866 = DIRECTION ( 'NONE',  ( 0.000000000000000000, 1.000000000000000000, 0.000000000000000000 ) ) ;
#867 = FACE_OUTER_BOUND ( 'NONE', #1185, .T. ) ;
#868 = EDGE_CURVE ( 'NONE', #741, #1066, #291, .T. ) ;
#869 = EDGE_LOOP ( 'NONE', ( #881, #979, #345, #446 ) ) ;
#870 = CIRCLE ( 'NONE', #915, 2.049999999999996270 ) ;
#871 = DIRECTION ( 'NONE',  ( 0.000000000000000000, 0.000000000000000000, 1.000000000000000000 ) ) ;
#872 = VERTEX_POINT ( 'NONE', #1121 ) ;
#873 = EDGE_CURVE ( 'NONE', #1049, #3, #1124, .T. ) ;
#874 = AXIS2_PLACEMENT_3D ( 'NONE', #1190, #408, #722 ) ;
#875 = DIRECTION ( 'NONE',  ( -0.000000000000000000, 1.000000000000000000, -0.000000000000000000 ) ) ;
#876 = AXIS2_PLACEMENT_3D ( 'NONE', #1461, #1345, #339 ) ;
#877 = EDGE_CURVE ( 'NONE', #1326, #207, #566, .T. ) ;
#878 = CIRCLE ( 'NONE', #245, 2.049999999999996270 ) ;
#879 = CARTESIAN_POINT ( 'NONE',  ( -17.22075445642908065, 8.000000000000000000, -44.07457896300788747 ) ) ;
#880 = CARTESIAN_POINT ( 'NONE',  ( 23.00000000000000000, 8.000000000000000000, 8.030407079339205455E-14 ) ) ;
#881 = ORIENTED_EDGE ( 'NONE', *, *, #1009, .F. ) ;
#882 = CARTESIAN_POINT ( 'NONE',  ( 2.510525938252070734E-16, 8.000000000000000000, -25.04999999999999716 ) ) ;
#883 = VERTEX_POINT ( 'NONE', #790 ) ;
#884 = DIRECTION ( 'NONE',  ( 0.000000000000000000, 0.000000000000000000, 1.000000000000000000 ) ) ;
#885 = VERTEX_POINT ( 'NONE', #570 ) ;
#886 = LINE ( 'NONE', #568, #433 ) ;
#887 = ORIENTED_EDGE ( 'NONE', *, *, #828, .F. ) ;
#888 = LINE ( 'NONE', #91, #1151 ) ;
#889 = ORIENTED_EDGE ( 'NONE', *, *, #877, .T. ) ;
#890 = CARTESIAN_POINT ( 'NONE',  ( 0.000000000000000000, 8.000000000000000000, -23.00000000000000000 ) ) ;
#891 = ORIENTED_EDGE ( 'NONE', *, *, #723, .T. ) ;
#892 = CYLINDRICAL_SURFACE ( 'NONE', #220, 2.049999999999996270 ) ;
#893 = CIRCLE ( 'NONE', #616, 2.049999999999996270 ) ;
#894 = CIRCLE ( 'NONE', #1250, 2.049999999999996270 ) ;
#895 = CARTESIAN_POINT ( 'NONE',  ( 17.22075445642936486, 8.000000000000000000, 41.57457896300777378 ) ) ;
#896 = AXIS2_PLACEMENT_3D ( 'NONE', #694, #925, #41 ) ;
#897 = AXIS2_PLACEMENT_3D ( 'NONE', #635, #1087, #299 ) ;
#898 = ORIENTED_EDGE ( 'NONE', *, *, #729, .T. ) ;
#899 = CARTESIAN_POINT ( 'NONE',  ( 41.57457896300807221, 0.000000000000000000, 19.72075445642863301 ) ) ;
#900 = ORIENTED_EDGE ( 'NONE', *, *, #618, .T. ) ;
#901 = DIRECTION ( 'NONE',  ( -0.000000000000000000, 1.000000000000000000, -0.000000000000000000 ) ) ;
#902 = DIRECTION ( 'NONE',  ( -0.000000000000000000, 1.000000000000000000, -0.000000000000000000 ) ) ;
#903 = ORIENTED_EDGE ( 'NONE', *, *, #296, .F. ) ;
#904 = ORIENTED_EDGE ( 'NONE', *, *, #40, .F. ) ;
#905 = CARTESIAN_POINT ( 'NONE',  ( 41.57457896300807221, 0.000000000000000000, 17.22075445642864011 ) ) ;
#906 = EDGE_CURVE ( 'NONE', #1289, #1369, #1152, .T. ) ;
#907 = CYLINDRICAL_SURFACE ( 'NONE', #1297, 2.049999999999996270 ) ;
#908 = EDGE_CURVE ( 'NONE', #219, #1020, #363, .T. ) ;
#909 = ORIENTED_EDGE ( 'NONE', *, *, #1136, .T. ) ;
#910 = FACE_OUTER_BOUND ( 'NONE', #422, .T. ) ;
#911 = VERTEX_POINT ( 'NONE', #1044 ) ;
#912 = EDGE_CURVE ( 'NONE', #986, #709, #373, .T. ) ;
#913 = ORIENTED_EDGE ( 'NONE', *, *, #571, .F. ) ;
#914 = LINE ( 'NONE', #1359, #1251 ) ;
#915 = AXIS2_PLACEMENT_3D ( 'NONE', #374, #503, #1399 ) ;
#916 = CIRCLE ( 'NONE', #1350, 2.499999999999995115 ) ;
#917 = AXIS2_PLACEMENT_3D ( 'NONE', #150, #603, #871 ) ;
#918 = VERTEX_POINT ( 'NONE', #929 ) ;
#919 = AXIS2_PLACEMENT_3D ( 'NONE', #992, #18, #451 ) ;
#920 = DIRECTION ( 'NONE',  ( -0.000000000000000000, 1.000000000000000000, -0.000000000000000000 ) ) ;
#921 = ORIENTED_EDGE ( 'NONE', *, *, #873, .F. ) ;
#922 = DIRECTION ( 'NONE',  ( -0.000000000000000000, 1.000000000000000000, -0.000000000000000000 ) ) ;
#923 = DIRECTION ( 'NONE',  ( 0.000000000000000000, 0.000000000000000000, 1.000000000000000000 ) ) ;
#924 = ORIENTED_EDGE ( 'NONE', *, *, #698, .T. ) ;
#925 = DIRECTION ( 'NONE',  ( -0.000000000000000000, 1.000000000000000000, -0.000000000000000000 ) ) ;
#926 = ADVANCED_FACE ( 'NONE', ( #1164 ), #985, .F. ) ;
#927 = CARTESIAN_POINT ( 'NONE',  ( -23.00000000000000000, 8.000000000000000000, -2.050000000000237410 ) ) ;
#928 = ORIENTED_EDGE ( 'NONE', *, *, #149, .F. ) ;
#929 = CARTESIAN_POINT ( 'NONE',  ( 2.510525938252070734E-16, -6.000000000000000000, 20.95000000000000284 ) ) ;
#930 = DIRECTION ( 'NONE',  ( 0.000000000000000000, 0.000000000000000000, 1.000000000000000000 ) ) ;
#931 = DIRECTION ( 'NONE',  ( 0.000000000000000000, 0.000000000000000000, 1.000000000000000000 ) ) ;
#932 = EDGE_LOOP ( 'NONE', ( #58, #781 ) ) ;
#933 = DIRECTION ( 'NONE',  ( -0.000000000000000000, 1.000000000000000000, -0.000000000000000000 ) ) ;
#934 = EDGE_CURVE ( 'NONE', #885, #71, #1372, .T. ) ;
#935 = ADVANCED_FACE ( 'NONE', ( #1443 ), #37, .F. ) ;
#936 = ORIENTED_EDGE ( 'NONE', *, *, #317, .F. ) ;
#937 = DIRECTION ( 'NONE',  ( 0.000000000000000000, -0.000000000000000000, -1.000000000000000000 ) ) ;
#938 = ORIENTED_EDGE ( 'NONE', *, *, #649, .T. ) ;
#939 = CARTESIAN_POINT ( 'NONE',  ( -16.26345596729073151, -6.000000000000000000, 16.26345596729045084 ) ) ;
#940 = AXIS2_PLACEMENT_3D ( 'NONE', #376, #820, #145 ) ;
#941 = VERTEX_POINT ( 'NONE', #1388 ) ;
#942 = AXIS2_PLACEMENT_3D ( 'NONE', #1159, #1408, #59 ) ;
#943 = DIRECTION ( 'NONE',  ( 0.000000000000000000, -1.000000000000000000, 0.000000000000000000 ) ) ;
#944 = AXIS2_PLACEMENT_3D ( 'NONE', #1142, #822, #476 ) ;
#945 = ORIENTED_EDGE ( 'NONE', *, *, #256, .F. ) ;
#946 = DIRECTION ( 'NONE',  ( 0.000000000000000000, 0.000000000000000000, 1.000000000000000000 ) ) ;
#947 = FACE_BOUND ( 'NONE', #249, .T. ) ;
#948 = ORIENTED_EDGE ( 'NONE', *, *, #452, .F. ) ;
#949 = FACE_BOUND ( 'NONE', #104, .T. ) ;
#950 = MANIFOLD_SOLID_BREP ( 'CirPattern2', #131 ) ;
#951 = DIRECTION ( 'NONE',  ( -0.000000000000000000, -1.000000000000000000, -0.000000000000000000 ) ) ;
#952 = DIRECTION ( 'NONE',  ( -0.000000000000000000, 1.000000000000000000, -0.000000000000000000 ) ) ;
#953 = EDGE_LOOP ( 'NONE', ( #540, #1163 ) ) ;
#954 = CARTESIAN_POINT ( 'NONE',  ( 0.000000000000000000, 8.000000000000000000, 0.000000000000000000 ) ) ;
#955 = DIRECTION ( 'NONE',  ( -0.000000000000000000, 1.000000000000000000, -0.000000000000000000 ) ) ;
#956 = DIRECTION ( 'NONE',  ( 0.000000000000000000, 0.000000000000000000, 1.000000000000000000 ) ) ;
#957 = EDGE_CURVE ( 'NONE', #911, #3, #102, .T. ) ;
#958 = ORIENTED_EDGE ( 'NONE', *, *, #239, .F. ) ;
#959 = CARTESIAN_POINT ( 'NONE',  ( 16.26345596729062137, -6.000000000000000000, -18.31345596729056169 ) ) ;
#960 = DIRECTION ( 'NONE',  ( 0.000000000000000000, 0.000000000000000000, 1.000000000000000000 ) ) ;
#961 = ORIENTED_EDGE ( 'NONE', *, *, #906, .F. ) ;
#962 = EDGE_CURVE ( 'NONE', #537, #796, #1205, .T. ) ;
#963 = CARTESIAN_POINT ( 'NONE',  ( 0.000000000000000000, -6.000000000000000000, 17.50000000000000355 ) ) ;
#964 = DIRECTION ( 'NONE',  ( -0.000000000000000000, 1.000000000000000000, -0.000000000000000000 ) ) ;
#965 = DIRECTION ( 'NONE',  ( 0.000000000000000000, 0.000000000000000000, 1.000000000000000000 ) ) ;
#966 = ORIENTED_EDGE ( 'NONE', *, *, #441, .F. ) ;
#967 = EDGE_CURVE ( 'NONE', #219, #9, #315, .T. ) ;
#968 = CARTESIAN_POINT ( 'NONE',  ( 41.57457896300770983, 8.000000000000000000, -17.22075445642951053 ) ) ;
#969 = AXIS2_PLACEMENT_3D ( 'NONE', #1299, #190, #956 ) ;
#970 = DIRECTION ( 'NONE',  ( 0.000000000000000000, 0.000000000000000000, 1.000000000000000000 ) ) ;
#971 = AXIS2_PLACEMENT_3D ( 'NONE', #857, #203, #884 ) ;
#972 = ORIENTED_EDGE ( 'NONE', *, *, #815, .F. ) ;
#973 = CIRCLE ( 'NONE', #944, 2.049999999999996270 ) ;
#974 = CARTESIAN_POINT ( 'NONE',  ( -16.26345596729073151, 8.000000000000000000, 16.26345596729045084 ) ) ;
#975 = FACE_OUTER_BOUND ( 'NONE', #390, .T. ) ;
#976 = CARTESIAN_POINT ( 'NONE',  ( 0.000000000000000000, 0.000000000000000000, -55.00000000000000000 ) ) ;
#977 = CARTESIAN_POINT ( 'NONE',  ( -41.57457896300783062, 8.000000000000000000, 19.72075445642921920 ) ) ;
#978 = FACE_OUTER_BOUND ( 'NONE', #1460, .T. ) ;
#979 = ORIENTED_EDGE ( 'NONE', *, *, #1076, .T. ) ;
#980 = EDGE_CURVE ( 'NONE', #626, #251, #823, .T. ) ;
#981 = DIRECTION ( 'NONE',  ( 0.000000000000000000, 1.000000000000000000, 0.000000000000000000 ) ) ;
#982 = ORIENTED_EDGE ( 'NONE', *, *, #962, .T. ) ;
#983 = EDGE_LOOP ( 'NONE', ( #1313, #242 ) ) ;
#984 = CARTESIAN_POINT ( 'NONE',  ( -17.22075445642907709, 8.000000000000000000, 39.07457896300789457 ) ) ;
#985 = CYLINDRICAL_SURFACE ( 'NONE', #1178, 2.499999999999995115 ) ;
#986 = VERTEX_POINT ( 'NONE', #597 ) ;
#987 = EDGE_CURVE ( 'NONE', #821, #85, #610, .T. ) ;
#988 = CARTESIAN_POINT ( 'NONE',  ( 23.00000000000000000, -6.000000000000000000, 8.030407079339205455E-14 ) ) ;
#989 = APPLICATION_CONTEXT ( 'automotive_design' ) ;
#990 = DIRECTION ( 'NONE',  ( 0.000000000000000000, 0.000000000000000000, 1.000000000000000000 ) ) ;
#991 = AXIS2_PLACEMENT_3D ( 'NONE', #273, #164, #1389 ) ;
#992 = CARTESIAN_POINT ( 'NONE',  ( 0.000000000000000000, -6.000000000000000000, 0.000000000000000000 ) ) ;
#993 = ORIENTED_EDGE ( 'NONE', *, *, #836, .F. ) ;
#994 = AXIS2_PLACEMENT_3D ( 'NONE', #188, #554, #319 ) ;
#995 = AXIS2_PLACEMENT_3D ( 'NONE', #1010, #1379, #1263 ) ;
#996 = EDGE_CURVE ( 'NONE', #779, #63, #221, .T. ) ;
#997 = AXIS2_PLACEMENT_3D ( 'NONE', #890, #793, #1459 ) ;
#998 = DIRECTION ( 'NONE',  ( 0.000000000000000000, 0.000000000000000000, 1.000000000000000000 ) ) ;
#999 = EDGE_LOOP ( 'NONE', ( #23, #210, #1046, #651 ) ) ;
#1000 = PRODUCT_CONTEXT ( 'NONE', #989, 'mechanical' ) ;
#1001 = DIRECTION ( 'NONE',  ( -0.000000000000000000, 1.000000000000000000, -0.000000000000000000 ) ) ;
#1002 = EDGE_LOOP ( 'NONE', ( #1433, #223, #692, #284 ) ) ;
#1003 = CYLINDRICAL_SURFACE ( 'NONE', #876, 2.499999999999998668 ) ;
#1004 = DIRECTION ( 'NONE',  ( 0.000000000000000000, 0.000000000000000000, 1.000000000000000000 ) ) ;
#1005 = ORIENTED_EDGE ( 'NONE', *, *, #708, .F. ) ;
#1006 = FACE_OUTER_BOUND ( 'NONE', #837, .T. ) ;
#1007 = CARTESIAN_POINT ( 'NONE',  ( 6.735557395310442615E-15, 8.000000000000000000, 55.00000000000000000 ) ) ;
#1008 = ORIENTED_EDGE ( 'NONE', *, *, #456, .T. ) ;
#1009 = EDGE_CURVE ( 'NONE', #1422, #1137, #139, .T. ) ;
#1010 = CARTESIAN_POINT ( 'NONE',  ( 0.000000000000000000, -6.000000000000000000, -23.00000000000000000 ) ) ;
#1011 = APPLICATION_PROTOCOL_DEFINITION ( 'draft international standard', 'automotive_design', 1998, #989 ) ;
#1012 = LINE ( 'NONE', #882, #1115 ) ;
#1013 = ORIENTED_EDGE ( 'NONE', *, *, #351, .T. ) ;
#1014 = AXIS2_PLACEMENT_3D ( 'NONE', #880, #1334, #328 ) ;
#1015 = CIRCLE ( 'NONE', #289, 55.00000000000000000 ) ;
#1016 = CIRCLE ( 'NONE', #1063, 2.049999999999999822 ) ;
#1017 = CARTESIAN_POINT ( 'NONE',  ( -16.26345596729039400, -6.000000000000000000, -16.26345596729079190 ) ) ;
#1018 = AXIS2_PLACEMENT_3D ( 'NONE', #21, #253, #246 ) ;
#1019 = VECTOR ( 'NONE', #814, 1000.000000000000000 ) ;
#1020 = VERTEX_POINT ( 'NONE', #735 ) ;
#1021 = CARTESIAN_POINT ( 'NONE',  ( 16.26345596729062137, 8.000000000000000000, -18.31345596729056524 ) ) ;
#1022 = ORIENTED_EDGE ( 'NONE', *, *, #523, .T. ) ;
#1023 = ADVANCED_FACE ( 'NONE', ( #978 ), #1172, .F. ) ;
#1024 = ORIENTED_EDGE ( 'NONE', *, *, #706, .F. ) ;
#1025 = LINE ( 'NONE', #25, #530 ) ;
#1026 = EDGE_CURVE ( 'NONE', #1296, #358, #718, .T. ) ;
#1027 = EDGE_CURVE ( 'NONE', #1364, #883, #1041, .T. ) ;
#1028 = DIRECTION ( 'NONE',  ( 0.000000000000000000, 0.000000000000000000, 1.000000000000000000 ) ) ;
#1029 = ORIENTED_EDGE ( 'NONE', *, *, #815, .T. ) ;
#1030 = EDGE_CURVE ( 'NONE', #559, #134, #660, .T. ) ;
#1031 = CARTESIAN_POINT ( 'NONE',  ( 16.26345596729062137, 8.000000000000000000, -16.26345596729056808 ) ) ;
#1032 = DIRECTION ( 'NONE',  ( -0.000000000000000000, 1.000000000000000000, -0.000000000000000000 ) ) ;
#1033 = CARTESIAN_POINT ( 'NONE',  ( 17.22075445642907709, 8.000000000000000000, -44.07457896300788747 ) ) ;
#1034 = CARTESIAN_POINT ( 'NONE',  ( 16.26345596729062137, 8.000000000000000000, -16.26345596729056808 ) ) ;
#1035 = CIRCLE ( 'NONE', #1110, 2.049999999999996270 ) ;
#1036 = DIRECTION ( 'NONE',  ( 0.000000000000000000, -1.000000000000000000, 0.000000000000000000 ) ) ;
#1037 = CIRCLE ( 'NONE', #406, 2.499999999999995115 ) ;
#1038 = ORIENTED_EDGE ( 'NONE', *, *, #826, .T. ) ;
#1039 = VECTOR ( 'NONE', #350, 1000.000000000000000 ) ;
#1040 = ADVANCED_FACE ( 'NONE', ( #1222 ), #438, .F. ) ;
#1041 = CIRCLE ( 'NONE', #224, 2.499999999999995115 ) ;
#1042 = DIRECTION ( 'NONE',  ( 0.000000000000000000, 1.000000000000000000, 0.000000000000000000 ) ) ;
#1043 = ORIENTED_EDGE ( 'NONE', *, *, #485, .F. ) ;
#1044 = CARTESIAN_POINT ( 'NONE',  ( 41.57457896300807221, 8.000000000000000000, 14.72075445642864366 ) ) ;
#1045 = DIRECTION ( 'NONE',  ( 0.000000000000000000, 0.000000000000000000, 1.000000000000000000 ) ) ;
#1046 = ORIENTED_EDGE ( 'NONE', *, *, #24, .T. ) ;
#1047 = DIRECTION ( 'NONE',  ( 0.000000000000000000, 0.000000000000000000, 1.000000000000000000 ) ) ;
#1048 = DIRECTION ( 'NONE',  ( 0.000000000000000000, 0.000000000000000000, 1.000000000000000000 ) ) ;
#1049 = VERTEX_POINT ( 'NONE', #899 ) ;
#1050 = DIRECTION ( 'NONE',  ( -0.000000000000000000, 1.000000000000000000, -0.000000000000000000 ) ) ;
#1051 = FACE_BOUND ( 'NONE', #336, .T. ) ;
#1052 = ORIENTED_EDGE ( 'NONE', *, *, #459, .T. ) ;
#1053 = EDGE_CURVE ( 'NONE', #1112, #453, #687, .T. ) ;
#1054 = DIRECTION ( 'NONE',  ( -0.000000000000000000, 1.000000000000000000, -0.000000000000000000 ) ) ;
#1055 = VERTEX_POINT ( 'NONE', #1021 ) ;
#1056 = SURFACE_STYLE_USAGE ( .BOTH. , #1397 ) ;
#1057 = CARTESIAN_POINT ( 'NONE',  ( 41.57457896300807221, 0.000000000000000000, 14.72075445642864366 ) ) ;
#1058 = VECTOR ( 'NONE', #151, 1000.000000000000000 ) ;
#1059 = FACE_BOUND ( 'NONE', #167, .T. ) ;
#1060 = CYLINDRICAL_SURFACE ( 'NONE', #473, 2.049999999999996270 ) ;
#1061 = AXIS2_PLACEMENT_3D ( 'NONE', #1169, #1269, #1048 ) ;
#1062 = VERTEX_POINT ( 'NONE', #344 ) ;
#1063 = AXIS2_PLACEMENT_3D ( 'NONE', #795, #458, #696 ) ;
#1064 = DIRECTION ( 'NONE',  ( 0.000000000000000000, 0.000000000000000000, -1.000000000000000000 ) ) ;
#1065 = CIRCLE ( 'NONE', #197, 2.049999999999996270 ) ;
#1066 = VERTEX_POINT ( 'NONE', #548 ) ;
#1067 = CYLINDRICAL_SURFACE ( 'NONE', #690, 2.499999999999995115 ) ;
#1068 = ORIENTED_EDGE ( 'NONE', *, *, #770, .T. ) ;
#1069 = EDGE_CURVE ( 'NONE', #134, #6, #383, .T. ) ;
#1070 = FACE_OUTER_BOUND ( 'NONE', #160, .T. ) ;
#1071 = ORIENTED_EDGE ( 'NONE', *, *, #609, .F. ) ;
#1072 = ORIENTED_EDGE ( 'NONE', *, *, #1267, .F. ) ;
#1073 = CARTESIAN_POINT ( 'NONE',  ( 41.57457896300807221, 8.000000000000000000, 14.72075445642864366 ) ) ;
#1074 = CARTESIAN_POINT ( 'NONE',  ( -16.26345596729039400, 8.000000000000000000, -16.26345596729079190 ) ) ;
#1075 = CARTESIAN_POINT ( 'NONE',  ( -41.57457896300795142, 8.000000000000000000, -14.72075445642893143 ) ) ;
#1076 = EDGE_CURVE ( 'NONE', #1422, #1055, #325, .T. ) ;
#1077 = ORIENTED_EDGE ( 'NONE', *, *, #90, .F. ) ;
#1078 = EDGE_CURVE ( 'NONE', #741, #39, #1012, .T. ) ;
#1079 = CARTESIAN_POINT ( 'NONE',  ( -16.26345596729039400, 8.000000000000000000, -14.21345596729079475 ) ) ;
#1080 = CARTESIAN_POINT ( 'NONE',  ( -17.22075445642908065, 0.000000000000000000, -41.57457896300788747 ) ) ;
#1081 = ORIENTED_EDGE ( 'NONE', *, *, #464, .T. ) ;
#1082 = DIRECTION ( 'NONE',  ( 0.000000000000000000, 0.000000000000000000, 1.000000000000000000 ) ) ;
#1083 = ORIENTED_EDGE ( 'NONE', *, *, #618, .F. ) ;
#1084 = CARTESIAN_POINT ( 'NONE',  ( 17.22075445642936486, 8.000000000000000000, 39.07457896300776667 ) ) ;
#1085 = ORIENTED_EDGE ( 'NONE', *, *, #685, .F. ) ;
#1086 = EDGE_CURVE ( 'NONE', #251, #626, #478, .T. ) ;
#1087 = DIRECTION ( 'NONE',  ( -0.000000000000000000, 1.000000000000000000, -0.000000000000000000 ) ) ;
#1088 = AXIS2_PLACEMENT_3D ( 'NONE', #513, #281, #33 ) ;
#1089 = CIRCLE ( 'NONE', #449, 27.00000000000000000 ) ;
#1090 = ORIENTED_EDGE ( 'NONE', *, *, #996, .T. ) ;
#1091 = VECTOR ( 'NONE', #434, 1000.000000000000000 ) ;
#1092 = AXIS2_PLACEMENT_3D ( 'NONE', #324, #1342, #543 ) ;
#1093 = DIRECTION ( 'NONE',  ( 0.000000000000000000, 0.000000000000000000, -1.000000000000000000 ) ) ;
#1094 = FACE_OUTER_BOUND ( 'NONE', #1262, .T. ) ;
#1095 = FACE_OUTER_BOUND ( 'NONE', #287, .T. ) ;
#1096 = ORIENTED_EDGE ( 'NONE', *, *, #1339, .T. ) ;
#1097 = ADVANCED_FACE ( 'NONE', ( #206 ), #1337, .F. ) ;
#1098 = CARTESIAN_POINT ( 'NONE',  ( 6.735557395310442615E-15, 8.000000000000000000, 55.00000000000000000 ) ) ;
#1099 = DIRECTION ( 'NONE',  ( -0.000000000000000000, 1.000000000000000000, -0.000000000000000000 ) ) ;
#1100 = FILL_AREA_STYLE ('',( #655 ) ) ;
#1101 = ORIENTED_EDGE ( 'NONE', *, *, #1131, .T. ) ;
#1102 = CARTESIAN_POINT ( 'NONE',  ( -23.00000000000000000, 8.000000000000000000, 2.049999999999755129 ) ) ;
#1103 = EDGE_LOOP ( 'NONE', ( #178, #669 ) ) ;
#1104 = SHAPE_DEFINITION_REPRESENTATION ( #667, #1383 ) ;
#1105 = DIRECTION ( 'NONE',  ( 0.000000000000000000, 0.000000000000000000, 1.000000000000000000 ) ) ;
#1106 = ADVANCED_FACE ( 'NONE', ( #213 ), #1129, .F. ) ;
#1107 = EDGE_LOOP ( 'NONE', ( #271, #752 ) ) ;
#1108 = DIRECTION ( 'NONE',  ( 0.000000000000000000, 0.000000000000000000, 1.000000000000000000 ) ) ;
#1109 = ORIENTED_EDGE ( 'NONE', *, *, #1348, .F. ) ;
#1110 = AXIS2_PLACEMENT_3D ( 'NONE', #1375, #673, #1004 ) ;
#1111 = CARTESIAN_POINT ( 'NONE',  ( -17.22075445642908065, 8.000000000000000000, -41.57457896300788747 ) ) ;
#1112 = VERTEX_POINT ( 'NONE', #558 ) ;
#1113 = AXIS2_PLACEMENT_3D ( 'NONE', #974, #1197, #97 ) ;
#1114 = AXIS2_PLACEMENT_3D ( 'NONE', #1315, #1191, #1425 ) ;
#1115 = VECTOR ( 'NONE', #222, 1000.000000000000000 ) ;
#1116 = DIRECTION ( 'NONE',  ( -0.000000000000000000, 1.000000000000000000, -0.000000000000000000 ) ) ;
#1117 = AXIS2_PLACEMENT_3D ( 'NONE', #314, #755, #1295 ) ;
#1118 = LINE ( 'NONE', #984, #619 ) ;
#1119 = FACE_OUTER_BOUND ( 'NONE', #1201, .T. ) ;
#1120 = VERTEX_POINT ( 'NONE', #1007 ) ;
#1121 = CARTESIAN_POINT ( 'NONE',  ( 41.57457896300770983, 8.000000000000000000, -14.72075445642951408 ) ) ;
#1122 = CYLINDRICAL_SURFACE ( 'NONE', #997, 2.049999999999996270 ) ;
#1123 = ORIENTED_EDGE ( 'NONE', *, *, #1210, .T. ) ;
#1124 = LINE ( 'NONE', #110, #1039 ) ;
#1125 = ADVANCED_FACE ( 'NONE', ( #1119 ), #348, .F. ) ;
#1126 =( NAMED_UNIT ( * ) SI_UNIT ( $, .STERADIAN. ) SOLID_ANGLE_UNIT ( ) );
#1127 = ORIENTED_EDGE ( 'NONE', *, *, #492, .F. ) ;
#1128 = ADVANCED_FACE ( 'NONE', ( #682 ), #1122, .F. ) ;
#1129 = CYLINDRICAL_SURFACE ( 'NONE', #802, 2.499999999999995115 ) ;
#1130 = ORIENTED_EDGE ( 'NONE', *, *, #906, .T. ) ;
#1131 = EDGE_CURVE ( 'NONE', #796, #537, #1305, .T. ) ;
#1132 = AXIS2_PLACEMENT_3D ( 'NONE', #413, #1099, #617 ) ;
#1133 = CIRCLE ( 'NONE', #1061, 2.499999999999998668 ) ;
#1134 = AXIS2_PLACEMENT_3D ( 'NONE', #895, #480, #365 ) ;
#1135 = CARTESIAN_POINT ( 'NONE',  ( -17.22075445642907709, 8.000000000000000000, 44.07457896300788747 ) ) ;
#1136 = EDGE_CURVE ( 'NONE', #1137, #844, #886, .T. ) ;
#1137 = VERTEX_POINT ( 'NONE', #335 ) ;
#1138 = CARTESIAN_POINT ( 'NONE',  ( 23.00000000000000000, 8.000000000000000000, 8.030407079339205455E-14 ) ) ;
#1139 = VERTEX_POINT ( 'NONE', #564 ) ;
#1140 = DIRECTION ( 'NONE',  ( -0.000000000000000000, 1.000000000000000000, -0.000000000000000000 ) ) ;
#1141 = ORIENTED_EDGE ( 'NONE', *, *, #243, .T. ) ;
#1142 = CARTESIAN_POINT ( 'NONE',  ( -23.00000000000000000, 8.000000000000000000, -2.409122123801762394E-13 ) ) ;
#1143 = DIRECTION ( 'NONE',  ( 0.000000000000000000, 0.000000000000000000, 1.000000000000000000 ) ) ;
#1144 = FACE_OUTER_BOUND ( 'NONE', #1444, .T. ) ;
#1145 = CARTESIAN_POINT ( 'NONE',  ( 16.26345596729050769, 8.000000000000000000, 16.26345596729067822 ) ) ;
#1146 = ORIENTED_EDGE ( 'NONE', *, *, #308, .T. ) ;
#1147 = LINE ( 'NONE', #1033, #1019 ) ;
#1148 = ORIENTED_EDGE ( 'NONE', *, *, #817, .T. ) ;
#1149 = VECTOR ( 'NONE', #290, 1000.000000000000000 ) ;
#1150 = FACE_OUTER_BOUND ( 'NONE', #1002, .T. ) ;
#1151 = VECTOR ( 'NONE', #771, 1000.000000000000000 ) ;
#1152 = CIRCLE ( 'NONE', #78, 2.049999999999996270 ) ;
#1153 = CYLINDRICAL_SURFACE ( 'NONE', #940, 2.049999999999996270 ) ;
#1154 = EDGE_LOOP ( 'NONE', ( #1071, #683 ) ) ;
#1155 = CIRCLE ( 'NONE', #81, 2.049999999999996270 ) ;
#1156 = LINE ( 'NONE', #1248, #454 ) ;
#1157 = DIRECTION ( 'NONE',  ( -0.000000000000000000, 1.000000000000000000, -0.000000000000000000 ) ) ;
#1158 = ORIENTED_EDGE ( 'NONE', *, *, #492, .T. ) ;
#1159 = CARTESIAN_POINT ( 'NONE',  ( -41.57457896300795142, 8.000000000000000000, -17.22075445642893143 ) ) ;
#1160 = DIRECTION ( 'NONE',  ( 0.000000000000000000, 0.000000000000000000, 1.000000000000000000 ) ) ;
#1161 = ORIENTED_EDGE ( 'NONE', *, *, #541, .T. ) ;
#1162 = DIRECTION ( 'NONE',  ( 0.000000000000000000, 0.000000000000000000, 1.000000000000000000 ) ) ;
#1163 = ORIENTED_EDGE ( 'NONE', *, *, #702, .F. ) ;
#1164 = FACE_OUTER_BOUND ( 'NONE', #437, .T. ) ;
#1165 = FACE_BOUND ( 'NONE', #633, .T. ) ;
#1166 = ORIENTED_EDGE ( 'NONE', *, *, #194, .F. ) ;
#1167 = CARTESIAN_POINT ( 'NONE',  ( -17.22075445642907709, 8.000000000000000000, 39.07457896300789457 ) ) ;
#1168 = EDGE_CURVE ( 'NONE', #614, #56, #1147, .T. ) ;
#1169 = CARTESIAN_POINT ( 'NONE',  ( -41.57457896300795142, 0.000000000000000000, -17.22075445642893143 ) ) ;
#1170 = ORIENTED_EDGE ( 'NONE', *, *, #1076, .F. ) ;
#1171 = EDGE_CURVE ( 'NONE', #1394, #1438, #130, .T. ) ;
#1172 = CYLINDRICAL_SURFACE ( 'NONE', #1430, 2.049999999999996270 ) ;
#1173 = DIRECTION ( 'NONE',  ( -0.000000000000000000, 1.000000000000000000, -0.000000000000000000 ) ) ;
#1174 = VECTOR ( 'NONE', #1173, 1000.000000000000000 ) ;
#1175 = DIRECTION ( 'NONE',  ( 0.000000000000000000, 0.000000000000000000, 1.000000000000000000 ) ) ;
#1176 = CIRCLE ( 'NONE', #76, 2.499999999999995115 ) ;
#1177 = EDGE_LOOP ( 'NONE', ( #839, #565, #1420, #1310 ) ) ;
#1178 = AXIS2_PLACEMENT_3D ( 'NONE', #162, #483, #502 ) ;
#1179 = FACE_BOUND ( 'NONE', #184, .T. ) ;
#1180 = CARTESIAN_POINT ( 'NONE',  ( -41.57457896300783062, 8.000000000000000000, 17.22075445642922276 ) ) ;
#1181 = AXIS2_PLACEMENT_3D ( 'NONE', #1074, #845, #86 ) ;
#1182 = ORIENTED_EDGE ( 'NONE', *, *, #1308, .F. ) ;
#1183 = FACE_BOUND ( 'NONE', #1249, .T. ) ;
#1184 = CARTESIAN_POINT ( 'NONE',  ( 17.22075445642936486, 0.000000000000000000, 39.07457896300776667 ) ) ;
#1185 = EDGE_LOOP ( 'NONE', ( #744, #1355, #545, #1077 ) ) ;
#1186 = DIRECTION ( 'NONE',  ( -0.000000000000000000, 1.000000000000000000, -0.000000000000000000 ) ) ;
#1187 = FACE_OUTER_BOUND ( 'NONE', #1270, .T. ) ;
#1188 = ORIENTED_EDGE ( 'NONE', *, *, #957, .F. ) ;
#1189 = ADVANCED_FACE ( 'NONE', ( #804 ), #606, .F. ) ;
#1190 = CARTESIAN_POINT ( 'NONE',  ( -17.22075445642907709, 8.000000000000000000, 41.57457896300788747 ) ) ;
#1191 = DIRECTION ( 'NONE',  ( -0.000000000000000000, 1.000000000000000000, -0.000000000000000000 ) ) ;
#1192 = ORIENTED_EDGE ( 'NONE', *, *, #198, .T. ) ;
#1193 = DIRECTION ( 'NONE',  ( -0.000000000000000000, 1.000000000000000000, -0.000000000000000000 ) ) ;
#1194 = LINE ( 'NONE', #641, #1346 ) ;
#1195 = ORIENTED_EDGE ( 'NONE', *, *, #1396, .F. ) ;
#1196 = ADVANCED_FACE ( 'NONE', ( #1368 ), #360, .F. ) ;
#1197 = DIRECTION ( 'NONE',  ( -0.000000000000000000, 1.000000000000000000, -0.000000000000000000 ) ) ;
#1198 = LINE ( 'NONE', #181, #1304 ) ;
#1199 = DIRECTION ( 'NONE',  ( 0.000000000000000000, 0.000000000000000000, 1.000000000000000000 ) ) ;
#1200 = VECTOR ( 'NONE', #586, 1000.000000000000000 ) ;
#1201 = EDGE_LOOP ( 'NONE', ( #1321, #435, #112, #279 ) ) ;
#1202 = CARTESIAN_POINT ( 'NONE',  ( -16.26345596729039400, -6.000000000000000000, -14.21345596729079652 ) ) ;
#1203 = CIRCLE ( 'NONE', #318, 2.499999999999995115 ) ;
#1204 = DIRECTION ( 'NONE',  ( 0.000000000000000000, 1.000000000000000000, 0.000000000000000000 ) ) ;
#1205 = CIRCLE ( 'NONE', #594, 2.049999999999996270 ) ;
#1206 = CARTESIAN_POINT ( 'NONE',  ( -23.00000000000000000, 8.000000000000000000, 2.049999999999755129 ) ) ;
#1207 = ORIENTED_EDGE ( 'NONE', *, *, #523, .F. ) ;
#1208 = VECTOR ( 'NONE', #35, 1000.000000000000000 ) ;
#1209 = AXIS2_PLACEMENT_3D ( 'NONE', #1347, #677, #111 ) ;
#1210 = EDGE_CURVE ( 'NONE', #664, #596, #1156, .T. ) ;
#1211 = CARTESIAN_POINT ( 'NONE',  ( 0.000000000000000000, 8.000000000000000000, 0.000000000000000000 ) ) ;
#1212 = DIRECTION ( 'NONE',  ( 0.000000000000000000, 0.000000000000000000, 1.000000000000000000 ) ) ;
#1213 = LINE ( 'NONE', #173, #642 ) ;
#1214 = DIRECTION ( 'NONE',  ( 0.000000000000000000, 0.000000000000000000, 1.000000000000000000 ) ) ;
#1215 = CARTESIAN_POINT ( 'NONE',  ( -23.00000000000000000, -6.000000000000000000, -2.409122123801762394E-13 ) ) ;
#1216 = PRODUCT ( 'YM080 Hub', 'YM080 Hub', '', ( #1000 ) ) ;
#1217 = CARTESIAN_POINT ( 'NONE',  ( -41.57457896300795142, 8.000000000000000000, -17.22075445642893143 ) ) ;
#1218 = ORIENTED_EDGE ( 'NONE', *, *, #980, .F. ) ;
#1219 = CARTESIAN_POINT ( 'NONE',  ( 17.22075445642907709, 0.000000000000000000, -41.57457896300788747 ) ) ;
#1220 = CARTESIAN_POINT ( 'NONE',  ( 17.22075445642907709, 8.000000000000000000, -44.07457896300788747 ) ) ;
#1221 = FACE_BOUND ( 'NONE', #805, .T. ) ;
#1222 = FACE_OUTER_BOUND ( 'NONE', #94, .T. ) ;
#1223 = ORIENTED_EDGE ( 'NONE', *, *, #230, .T. ) ;
#1224 = EDGE_CURVE ( 'NONE', #527, #612, #850, .T. ) ;
#1225 = CARTESIAN_POINT ( 'NONE',  ( -16.26345596729073151, -6.000000000000000000, 18.31345596729044800 ) ) ;
#1226 = EDGE_CURVE ( 'NONE', #559, #759, #386, .T. ) ;
#1227 = AXIS2_PLACEMENT_3D ( 'NONE', #525, #855, #847 ) ;
#1228 = CARTESIAN_POINT ( 'NONE',  ( 41.57457896300807221, 8.000000000000000000, 17.22075445642864011 ) ) ;
#1229 = ORIENTED_EDGE ( 'NONE', *, *, #702, .T. ) ;
#1230 = EDGE_CURVE ( 'NONE', #941, #12, #323, .T. ) ;
#1231 = CIRCLE ( 'NONE', #1426, 2.500000000000002220 ) ;
#1232 = VECTOR ( 'NONE', #1354, 1000.000000000000000 ) ;
#1233 = FACE_BOUND ( 'NONE', #825, .T. ) ;
#1234 = AXIS2_PLACEMENT_3D ( 'NONE', #1453, #1356, #462 ) ;
#1235 = CARTESIAN_POINT ( 'NONE',  ( -17.22075445642908065, 0.000000000000000000, -41.57457896300788747 ) ) ;
#1236 = DIRECTION ( 'NONE',  ( -0.000000000000000000, 1.000000000000000000, -0.000000000000000000 ) ) ;
#1237 = EDGE_LOOP ( 'NONE', ( #511, #556 ) ) ;
#1238 = ADVANCED_FACE ( 'NONE', ( #910 ), #366, .T. ) ;
#1239 = CARTESIAN_POINT ( 'NONE',  ( 16.26345596729050769, -6.000000000000000000, 18.31345596729067537 ) ) ;
#1240 = EDGE_CURVE ( 'NONE', #709, #453, #973, .T. ) ;
#1241 = DIRECTION ( 'NONE',  ( 0.000000000000000000, 0.000000000000000000, 1.000000000000000000 ) ) ;
#1242 = EDGE_LOOP ( 'NONE', ( #27, #713 ) ) ;
#1243 = DIRECTION ( 'NONE',  ( 0.000000000000000000, 0.000000000000000000, 1.000000000000000000 ) ) ;
#1244 = ADVANCED_FACE ( 'NONE', ( #260 ), #589, .T. ) ;
#1245 = ORIENTED_EDGE ( 'NONE', *, *, #415, .F. ) ;
#1246 = CARTESIAN_POINT ( 'NONE',  ( 41.57457896300770983, 0.000000000000000000, -17.22075445642951053 ) ) ;
#1247 = EDGE_LOOP ( 'NONE', ( #82, #1166 ) ) ;
#1248 = CARTESIAN_POINT ( 'NONE',  ( 17.22075445642907709, 8.000000000000000000, -39.07457896300789457 ) ) ;
#1249 = EDGE_LOOP ( 'NONE', ( #704, #993 ) ) ;
#1250 = AXIS2_PLACEMENT_3D ( 'NONE', #244, #469, #1243 ) ;
#1251 = VECTOR ( 'NONE', #922, 1000.000000000000000 ) ;
#1252 = CARTESIAN_POINT ( 'NONE',  ( 16.26345596729062137, 8.000000000000000000, -14.21345596729056737 ) ) ;
#1253 = VECTOR ( 'NONE', #277, 1000.000000000000000 ) ;
#1254 = EDGE_LOOP ( 'NONE', ( #1170, #1442, #909, #1068 ) ) ;
#1255 = EDGE_CURVE ( 'NONE', #1369, #1289, #650, .T. ) ;
#1256 = CARTESIAN_POINT ( 'NONE',  ( -16.26345596729073151, -6.000000000000000000, 16.26345596729045084 ) ) ;
#1257 = EDGE_LOOP ( 'NONE', ( #938, #1161 ) ) ;
#1258 = CYLINDRICAL_SURFACE ( 'NONE', #1018, 2.499999999999995115 ) ;
#1259 = CARTESIAN_POINT ( 'NONE',  ( -17.22075445642907709, 0.000000000000000000, 39.07457896300789457 ) ) ;
#1260 = ORIENTED_EDGE ( 'NONE', *, *, #444, .F. ) ;
#1261 = CARTESIAN_POINT ( 'NONE',  ( 17.22075445642936486, 0.000000000000000000, 41.57457896300777378 ) ) ;
#1262 = EDGE_LOOP ( 'NONE', ( #769, #1146, #1038, #574 ) ) ;
#1263 = DIRECTION ( 'NONE',  ( 0.000000000000000000, 0.000000000000000000, 1.000000000000000000 ) ) ;
#1264 = CARTESIAN_POINT ( 'NONE',  ( 3.306546357697853733E-15, 0.000000000000000000, -27.00000000000000000 ) ) ;
#1265 = FACE_OUTER_BOUND ( 'NONE', #264, .T. ) ;
#1266 = ORIENTED_EDGE ( 'NONE', *, *, #40, .T. ) ;
#1267 = EDGE_CURVE ( 'NONE', #821, #918, #1155, .T. ) ;
#1268 = DIRECTION ( 'NONE',  ( 0.000000000000000000, 0.000000000000000000, -1.000000000000000000 ) ) ;
#1269 = DIRECTION ( 'NONE',  ( 0.000000000000000000, 1.000000000000000000, 0.000000000000000000 ) ) ;
#1270 = EDGE_LOOP ( 'NONE', ( #509, #936, #155, #798 ) ) ;
#1271 = CIRCLE ( 'NONE', #1370, 17.50000000000000355 ) ;
#1272 = DIRECTION ( 'NONE',  ( 0.000000000000000000, 0.000000000000000000, 1.000000000000000000 ) ) ;
#1273 = VECTOR ( 'NONE', #952, 1000.000000000000000 ) ;
#1274 = AXIS2_PLACEMENT_3D ( 'NONE', #45, #604, #166 ) ;
#1275 = PLANE ( 'NONE',  #101 ) ;
#1276 =( GEOMETRIC_REPRESENTATION_CONTEXT ( 3 ) GLOBAL_UNCERTAINTY_ASSIGNED_CONTEXT ( ( #369 ) ) GLOBAL_UNIT_ASSIGNED_CONTEXT ( ( #140, #512, #1290 ) ) REPRESENTATION_CONTEXT ( 'NONE', 'WORKASPACE' ) );
#1277 = ORIENTED_EDGE ( 'NONE', *, *, #1288, .F. ) ;
#1278 = AXIS2_PLACEMENT_3D ( 'NONE', #495, #1362, #582 ) ;
#1279 = CARTESIAN_POINT ( 'NONE',  ( 0.000000000000000000, -6.000000000000000000, 0.000000000000000000 ) ) ;
#1280 = CIRCLE ( 'NONE', #652, 27.00000000000000000 ) ;
#1281 = ORIENTED_EDGE ( 'NONE', *, *, #89, .T. ) ;
#1282 = CYLINDRICAL_SURFACE ( 'NONE', #405, 2.049999999999996270 ) ;
#1283 = LINE ( 'NONE', #963, #572 ) ;
#1284 = EDGE_CURVE ( 'NONE', #1049, #99, #54, .T. ) ;
#1285 = DIRECTION ( 'NONE',  ( -0.000000000000000000, 1.000000000000000000, -0.000000000000000000 ) ) ;
#1286 = EDGE_LOOP ( 'NONE', ( #1407, #634, #602, #1266 ) ) ;
#1287 = FACE_BOUND ( 'NONE', #170, .T. ) ;
#1288 = EDGE_CURVE ( 'NONE', #1427, #119, #241, .T. ) ;
#1289 = VERTEX_POINT ( 'NONE', #1392 ) ;
#1290 =( NAMED_UNIT ( * ) SI_UNIT ( $, .STERADIAN. ) SOLID_ANGLE_UNIT ( ) );
#1291 = DIRECTION ( 'NONE',  ( -0.000000000000000000, 1.000000000000000000, -0.000000000000000000 ) ) ;
#1292 = DIRECTION ( 'NONE',  ( 0.000000000000000000, 1.000000000000000000, 0.000000000000000000 ) ) ;
#1293 = PRODUCT_DEFINITION ( 'UNKNOWN', '', #200, #712 ) ;
#1294 = ORIENTED_EDGE ( 'NONE', *, *, #256, .T. ) ;
#1295 = DIRECTION ( 'NONE',  ( 0.000000000000000000, 0.000000000000000000, 1.000000000000000000 ) ) ;
#1296 = VERTEX_POINT ( 'NONE', #481 ) ;
#1297 = AXIS2_PLACEMENT_3D ( 'NONE', #587, #1032, #923 ) ;
#1298 = FACE_BOUND ( 'NONE', #174, .T. ) ;
#1299 = CARTESIAN_POINT ( 'NONE',  ( 0.000000000000000000, 8.000000000000000000, 0.000000000000000000 ) ) ;
#1300 = AXIS2_PLACEMENT_3D ( 'NONE', #387, #1292, #931 ) ;
#1301 = ORIENTED_EDGE ( 'NONE', *, *, #957, .T. ) ;
#1302 = AXIS2_PLACEMENT_3D ( 'NONE', #1365, #684, #4 ) ;
#1304 = VECTOR ( 'NONE', #1324, 1000.000000000000000 ) ;
#1303 = FACE_BOUND ( 'NONE', #549, .T. ) ;
#1305 = CIRCLE ( 'NONE', #761, 2.049999999999996270 ) ;
#1306 =( GEOMETRIC_REPRESENTATION_CONTEXT ( 3 ) GLOBAL_UNCERTAINTY_ASSIGNED_CONTEXT ( ( #237 ) ) GLOBAL_UNIT_ASSIGNED_CONTEXT ( ( #205, #211, #1126 ) ) REPRESENTATION_CONTEXT ( 'NONE', 'WORKASPACE' ) );
#1307 = ORIENTED_EDGE ( 'NONE', *, *, #1288, .T. ) ;
#1308 = EDGE_CURVE ( 'NONE', #1112, #986, #533, .T. ) ;
#1309 = CARTESIAN_POINT ( 'NONE',  ( -41.57457896300795142, 0.000000000000000000, -14.72075445642893143 ) ) ;
#1310 = ORIENTED_EDGE ( 'NONE', *, *, #1396, .T. ) ;
#1311 = FACE_BOUND ( 'NONE', #1237, .T. ) ;
#1312 = DIRECTION ( 'NONE',  ( 0.000000000000000000, 0.000000000000000000, 1.000000000000000000 ) ) ;
#1313 = ORIENTED_EDGE ( 'NONE', *, *, #1026, .T. ) ;
#1314 = CARTESIAN_POINT ( 'NONE',  ( 0.000000000000000000, -6.000000000000000000, 27.00000000000000000 ) ) ;
#1315 = CARTESIAN_POINT ( 'NONE',  ( 17.22075445642907709, 8.000000000000000000, -41.57457896300788747 ) ) ;
#1316 = CARTESIAN_POINT ( 'NONE',  ( -17.22075445642908065, 0.000000000000000000, -39.07457896300789457 ) ) ;
#1317 = VERTEX_POINT ( 'NONE', #1384 ) ;
#1318 = CYLINDRICAL_SURFACE ( 'NONE', #1117, 17.50000000000000355 ) ;
#1319 = LINE ( 'NONE', #654, #1273 ) ;
#1320 = PRESENTATION_STYLE_ASSIGNMENT (( #1056 ) ) ;
#1321 = ORIENTED_EDGE ( 'NONE', *, *, #680, .F. ) ;
#1322 = EDGE_CURVE ( 'NONE', #85, #1387, #878, .T. ) ;
#1323 = DIRECTION ( 'NONE',  ( 0.000000000000000000, 0.000000000000000000, 1.000000000000000000 ) ) ;
#1324 = DIRECTION ( 'NONE',  ( -0.000000000000000000, 1.000000000000000000, -0.000000000000000000 ) ) ;
#1325 = AXIS2_PLACEMENT_3D ( 'NONE', #534, #312, #1199 ) ;
#1326 = VERTEX_POINT ( 'NONE', #797 ) ;
#1327 = CIRCLE ( 'NONE', #50, 2.500000000000002220 ) ;
#1328 = VECTOR ( 'NONE', #391, 1000.000000000000000 ) ;
#1329 = CARTESIAN_POINT ( 'NONE',  ( 16.26345596729050769, 8.000000000000000000, 16.26345596729067822 ) ) ;
#1330 = ORIENTED_EDGE ( 'NONE', *, *, #243, .F. ) ;
#1331 = AXIS2_PLACEMENT_3D ( 'NONE', #1261, #250, #466 ) ;
#1332 = VECTOR ( 'NONE', #749, 1000.000000000000000 ) ;
#1333 = CARTESIAN_POINT ( 'NONE',  ( 17.22075445642907709, 0.000000000000000000, -39.07457896300789457 ) ) ;
#1334 = DIRECTION ( 'NONE',  ( -0.000000000000000000, 1.000000000000000000, -0.000000000000000000 ) ) ;
#1335 = EDGE_LOOP ( 'NONE', ( #562, #414 ) ) ;
#1336 = EDGE_CURVE ( 'NONE', #1139, #579, #1065, .T. ) ;
#1337 = CYLINDRICAL_SURFACE ( 'NONE', #1209, 2.499999999999995115 ) ;
#1338 = ORIENTED_EDGE ( 'NONE', *, *, #464, .F. ) ;
#1339 = EDGE_CURVE ( 'NONE', #1066, #201, #175, .T. ) ;
#1340 = CARTESIAN_POINT ( 'NONE',  ( 2.510525938252070734E-16, -6.000000000000000000, -25.04999999999999716 ) ) ;
#1341 = ORIENTED_EDGE ( 'NONE', *, *, #308, .F. ) ;
#1342 = DIRECTION ( 'NONE',  ( 0.000000000000000000, 0.000000000000000000, 1.000000000000000000 ) ) ;
#1343 = DIRECTION ( 'NONE',  ( -0.000000000000000000, 1.000000000000000000, -0.000000000000000000 ) ) ;
#1344 = ORIENTED_EDGE ( 'NONE', *, *, #987, .T. ) ;
#1345 = DIRECTION ( 'NONE',  ( -0.000000000000000000, 1.000000000000000000, -0.000000000000000000 ) ) ;
#1346 = VECTOR ( 'NONE', #536, 1000.000000000000000 ) ;
#1347 = CARTESIAN_POINT ( 'NONE',  ( 17.22075445642907709, 8.000000000000000000, -41.57457896300788747 ) ) ;
#1348 = EDGE_CURVE ( 'NONE', #515, #588, #623, .T. ) ;
#1349 = EDGE_LOOP ( 'NONE', ( #354, #20, #122, #148 ) ) ;
#1350 = AXIS2_PLACEMENT_3D ( 'NONE', #747, #981, #647 ) ;
#1351 = CARTESIAN_POINT ( 'NONE',  ( 16.26345596729050769, 8.000000000000000000, 16.26345596729067822 ) ) ;
#1352 = CIRCLE ( 'NONE', #674, 2.049999999999996270 ) ;
#1353 = ADVANCED_FACE ( 'NONE', ( #1179, #1303, #507, #629, #1311, #1287, #1404, #64, #653, #168 ), #524, .F. ) ;
#1354 = DIRECTION ( 'NONE',  ( -0.000000000000000000, 1.000000000000000000, -0.000000000000000000 ) ) ;
#1355 = ORIENTED_EDGE ( 'NONE', *, *, #680, .T. ) ;
#1356 = DIRECTION ( 'NONE',  ( -0.000000000000000000, 1.000000000000000000, -0.000000000000000000 ) ) ;
#1357 = ORIENTED_EDGE ( 'NONE', *, *, #962, .F. ) ;
#1358 = DIRECTION ( 'NONE',  ( -0.000000000000000000, 1.000000000000000000, -0.000000000000000000 ) ) ;
#1359 = CARTESIAN_POINT ( 'NONE',  ( 41.57457896300770983, 8.000000000000000000, -14.72075445642951408 ) ) ;
#1360 = DIRECTION ( 'NONE',  ( 0.000000000000000000, 0.000000000000000000, 1.000000000000000000 ) ) ;
#1361 = ORIENTED_EDGE ( 'NONE', *, *, #685, .T. ) ;
#1362 = DIRECTION ( 'NONE',  ( -0.000000000000000000, 1.000000000000000000, -0.000000000000000000 ) ) ;
#1363 = VERTEX_POINT ( 'NONE', #739 ) ;
#1364 = VERTEX_POINT ( 'NONE', #1435 ) ;
#1365 = CARTESIAN_POINT ( 'NONE',  ( 0.000000000000000000, 8.000000000000000000, 23.00000000000000000 ) ) ;
#1366 = CARTESIAN_POINT ( 'NONE',  ( 16.26345596729050769, 8.000000000000000000, 16.26345596729067822 ) ) ;
#1367 = EDGE_LOOP ( 'NONE', ( #913, #307, #1029, #69 ) ) ;
#1368 = FACE_OUTER_BOUND ( 'NONE', #1418, .T. ) ;
#1369 = VERTEX_POINT ( 'NONE', #1202 ) ;
#1370 = AXIS2_PLACEMENT_3D ( 'NONE', #397, #1204, #1312 ) ;
#1371 = CIRCLE ( 'NONE', #10, 2.499999999999995115 ) ;
#1372 = CIRCLE ( 'NONE', #321, 2.049999999999996270 ) ;
#1373 = CIRCLE ( 'NONE', #136, 2.499999999999995115 ) ;
#1374 = DIRECTION ( 'NONE',  ( -0.000000000000000000, 1.000000000000000000, -0.000000000000000000 ) ) ;
#1375 = CARTESIAN_POINT ( 'NONE',  ( 0.000000000000000000, -6.000000000000000000, -23.00000000000000000 ) ) ;
#1376 = ORIENTED_EDGE ( 'NONE', *, *, #708, .T. ) ;
#1377 = DIRECTION ( 'NONE',  ( 0.000000000000000000, 0.000000000000000000, 1.000000000000000000 ) ) ;
#1378 = ORIENTED_EDGE ( 'NONE', *, *, #1053, .F. ) ;
#1379 = DIRECTION ( 'NONE',  ( -0.000000000000000000, 1.000000000000000000, -0.000000000000000000 ) ) ;
#1380 = EDGE_CURVE ( 'NONE', #453, #709, #557, .T. ) ;
#1381 = DIRECTION ( 'NONE',  ( -0.000000000000000000, 1.000000000000000000, -0.000000000000000000 ) ) ;
#1382 = VERTEX_POINT ( 'NONE', #1167 ) ;
#1383 = ADVANCED_BREP_SHAPE_REPRESENTATION ( 'YM080 Hub', ( #950, #1092 ), #1306 ) ;
#1384 = CARTESIAN_POINT ( 'NONE',  ( 0.000000000000000000, -6.000000000000000000, 27.00000000000000000 ) ) ;
#1385 = EDGE_CURVE ( 'NONE', #1289, #588, #1429, .T. ) ;
#1386 = CARTESIAN_POINT ( 'NONE',  ( 0.000000000000000000, 8.000000000000000000, -23.00000000000000000 ) ) ;
#1387 = VERTEX_POINT ( 'NONE', #182 ) ;
#1388 = CARTESIAN_POINT ( 'NONE',  ( 17.22075445642936486, 0.000000000000000000, 44.07457896300777378 ) ) ;
#1389 = DIRECTION ( 'NONE',  ( 0.000000000000000000, 0.000000000000000000, 1.000000000000000000 ) ) ;
#1390 = FACE_BOUND ( 'NONE', #1247, .T. ) ;
#1391 = ORIENTED_EDGE ( 'NONE', *, *, #1339, .F. ) ;
#1392 = CARTESIAN_POINT ( 'NONE',  ( -16.26345596729039400, -6.000000000000000000, -18.31345596729078906 ) ) ;
#1393 = CARTESIAN_POINT ( 'NONE',  ( 41.57457896300770983, 8.000000000000000000, -17.22075445642951053 ) ) ;
#1394 = VERTEX_POINT ( 'NONE', #389 ) ;
#1395 = VECTOR ( 'NONE', #1157, 1000.000000000000000 ) ;
#1396 = EDGE_CURVE ( 'NONE', #872, #9, #143, .T. ) ;
#1397 = SURFACE_SIDE_STYLE ('',( #87 ) ) ;
#1398 = AXIS2_PLACEMENT_3D ( 'NONE', #1215, #665, #563 ) ;
#1399 = DIRECTION ( 'NONE',  ( 0.000000000000000000, 0.000000000000000000, 1.000000000000000000 ) ) ;
#1400 = CIRCLE ( 'NONE', #1134, 2.500000000000002220 ) ;
#1401 = ADVANCED_FACE ( 'NONE', ( #860 ), #396, .F. ) ;
#1402 = FACE_OUTER_BOUND ( 'NONE', #1257, .T. ) ;
#1403 = ORIENTED_EDGE ( 'NONE', *, *, #1086, .T. ) ;
#1404 = FACE_BOUND ( 'NONE', #932, .T. ) ;
#1405 = CIRCLE ( 'NONE', #479, 2.499999999999995115 ) ;
#1406 = EDGE_CURVE ( 'NONE', #404, #119, #1280, .T. ) ;
#1407 = ORIENTED_EDGE ( 'NONE', *, *, #357, .F. ) ;
#1408 = DIRECTION ( 'NONE',  ( -0.000000000000000000, 1.000000000000000000, -0.000000000000000000 ) ) ;
#1409 = CARTESIAN_POINT ( 'NONE',  ( -17.22075445642908065, 8.000000000000000000, -39.07457896300789457 ) ) ;
#1410 = DIRECTION ( 'NONE',  ( 0.000000000000000000, 0.000000000000000000, 1.000000000000000000 ) ) ;
#1411 = ORIENTED_EDGE ( 'NONE', *, *, #723, .F. ) ;
#1412 = DIRECTION ( 'NONE',  ( 0.000000000000000000, 1.000000000000000000, 0.000000000000000000 ) ) ;
#1413 = FACE_OUTER_BOUND ( 'NONE', #777, .T. ) ;
#1414 = ORIENTED_EDGE ( 'NONE', *, *, #1284, .T. ) ;
#1415 = DIRECTION ( 'NONE',  ( -0.000000000000000000, -1.000000000000000000, -0.000000000000000000 ) ) ;
#1416 = CARTESIAN_POINT ( 'NONE',  ( 16.26345596729050769, -6.000000000000000000, 14.21345596729068106 ) ) ;
#1417 = EDGE_CURVE ( 'NONE', #1382, #207, #1405, .T. ) ;
#1418 = EDGE_LOOP ( 'NONE', ( #66, #316, #627, #377 ) ) ;
#1419 = DIRECTION ( 'NONE',  ( -0.000000000000000000, 1.000000000000000000, -0.000000000000000000 ) ) ;
#1420 = ORIENTED_EDGE ( 'NONE', *, *, #865, .T. ) ;
#1421 = CYLINDRICAL_SURFACE ( 'NONE', #298, 27.00000000000000000 ) ;
#1422 = VERTEX_POINT ( 'NONE', #959 ) ;
#1423 = AXIS2_PLACEMENT_3D ( 'NONE', #278, #733, #261 ) ;
#1424 = FACE_OUTER_BOUND ( 'NONE', #1254, .T. ) ;
#1425 = DIRECTION ( 'NONE',  ( 0.000000000000000000, 0.000000000000000000, 1.000000000000000000 ) ) ;
#1426 = AXIS2_PLACEMENT_3D ( 'NONE', #227, #436, #1323 ) ;
#1427 = VERTEX_POINT ( 'NONE', #57 ) ;
#1428 = AXIS2_PLACEMENT_3D ( 'NONE', #1246, #236, #689 ) ;
#1429 = LINE ( 'NONE', #412, #1332 ) ;
#1430 = AXIS2_PLACEMENT_3D ( 'NONE', #1437, #421, #330 ) ;
#1431 = EDGE_LOOP ( 'NONE', ( #1022, #583 ) ) ;
#1432 = FACE_OUTER_BOUND ( 'NONE', #276, .T. ) ;
#1433 = ORIENTED_EDGE ( 'NONE', *, *, #541, .F. ) ;
#1434 = ADVANCED_FACE ( 'NONE', ( #159 ), #1421, .T. ) ;
#1435 = CARTESIAN_POINT ( 'NONE',  ( -17.22075445642908065, 8.000000000000000000, -44.07457896300788747 ) ) ;
#1436 = DIRECTION ( 'NONE',  ( -0.000000000000000000, 1.000000000000000000, -0.000000000000000000 ) ) ;
#1437 = CARTESIAN_POINT ( 'NONE',  ( -16.26345596729073151, 8.000000000000000000, 16.26345596729045084 ) ) ;
#1438 = VERTEX_POINT ( 'NONE', #976 ) ;
#1439 = CARTESIAN_POINT ( 'NONE',  ( 0.000000000000000000, -6.000000000000000000, 0.000000000000000000 ) ) ;
#1440 = ORIENTED_EDGE ( 'NONE', *, *, #149, .T. ) ;
#1441 = DIRECTION ( 'NONE',  ( -0.000000000000000000, 1.000000000000000000, -0.000000000000000000 ) ) ;
#1442 = ORIENTED_EDGE ( 'NONE', *, *, #129, .F. ) ;
#1443 = FACE_OUTER_BOUND ( 'NONE', #700, .T. ) ;
#1444 = EDGE_LOOP ( 'NONE', ( #1378, #1127, #631, #124 ) ) ;
#1445 = ADVANCED_FACE ( 'NONE', ( #419 ), #1318, .F. ) ;
#1446 = DIRECTION ( 'NONE',  ( 0.000000000000000000, -1.000000000000000000, 0.000000000000000000 ) ) ;
#1447 = DIRECTION ( 'NONE',  ( -0.000000000000000000, 1.000000000000000000, -0.000000000000000000 ) ) ;
#1448 = EDGE_CURVE ( 'NONE', #1120, #303, #195, .T. ) ;
#1449 = AXIS2_PLACEMENT_3D ( 'NONE', #1386, #468, #701 ) ;
#1450 = EDGE_LOOP ( 'NONE', ( #738, #1052 ) ) ;
#1451 = CIRCLE ( 'NONE', #1300, 2.499999999999995115 ) ;
#1452 = AXIS2_PLACEMENT_3D ( 'NONE', #905, #799, #703 ) ;
#1453 = CARTESIAN_POINT ( 'NONE',  ( -16.26345596729073151, 8.000000000000000000, 16.26345596729045084 ) ) ;
#1454 = ORIENTED_EDGE ( 'NONE', *, *, #1385, .T. ) ;
#1455 = AXIS2_PLACEMENT_3D ( 'NONE', #285, #1412, #732 ) ;
#1456 = EDGE_CURVE ( 'NONE', #233, #1363, #268, .T. ) ;
#1457 = CARTESIAN_POINT ( 'NONE',  ( 17.22075445642936486, 8.000000000000000000, 39.07457896300776667 ) ) ;
#1458 = FACE_BOUND ( 'NONE', #235, .T. ) ;
#1459 = DIRECTION ( 'NONE',  ( 0.000000000000000000, 0.000000000000000000, 1.000000000000000000 ) ) ;
#1460 = EDGE_LOOP ( 'NONE', ( #569, #1245, #1361, #1281 ) ) ;
#1461 = CARTESIAN_POINT ( 'NONE',  ( -41.57457896300795142, 8.000000000000000000, -17.22075445642893143 ) ) ;
#1462 = CARTESIAN_POINT ( 'NONE',  ( -17.22075445642907709, 8.000000000000000000, 44.07457896300788747 ) ) ;
#1463 = ORIENTED_EDGE ( 'NONE', *, *, #441, .T. ) ;
ENDSEC;
END-ISO-10303-21;
