ISO-10303-21;
HEADER;
FILE_DESCRIPTION (( 'STEP AP214' ),
    '1' );
FILE_NAME ('YM080 Mount.STEP',
    '2026-01-31T06:53:19',
    ( '' ),
    ( '' ),
    'SwSTEP 2.0',
    'SolidWorks 2026',
    '' );
FILE_SCHEMA (( 'AUTOMOTIVE_DESIGN' ));
ENDSEC;

DATA;
#1 = CIRCLE ( 'NONE', #230, 1.549999999999995826 ) ;
#2 = LINE ( 'NONE', #1038, #58 ) ;
#3 = ORIENTED_EDGE ( 'NONE', *, *, #1560, .T. ) ;
#4 = DIRECTION ( 'NONE',  ( -0.000000000000000000, 1.000000000000000000, -0.000000000000000000 ) ) ;
#5 = ADVANCED_FACE ( 'NONE', ( #837 ), #1737, .F. ) ;
#6 = DIRECTION ( 'NONE',  ( 0.000000000000000000, 0.000000000000000000, 1.000000000000000000 ) ) ;
#7 = CIRCLE ( 'NONE', #1663, 1.549999999999999378 ) ;
#8 = DIRECTION ( 'NONE',  ( 0.000000000000000000, 0.000000000000000000, 1.000000000000000000 ) ) ;
#9 = CIRCLE ( 'NONE', #237, 3.049999999999997158 ) ;
#10 = ORIENTED_EDGE ( 'NONE', *, *, #854, .F. ) ;
#11 = AXIS2_PLACEMENT_3D ( 'NONE', #1733, #1201, #1342 ) ;
#12 = CIRCLE ( 'NONE', #1067, 3.049999999999997158 ) ;
#13 = FACE_BOUND ( 'NONE', #1481, .T. ) ;
#14 = CARTESIAN_POINT ( 'NONE',  ( 32.04293994002439661, 0.000000000000000000, 16.94999999999970441 ) ) ;
#15 = VERTEX_POINT ( 'NONE', #1207 ) ;
#16 = DIRECTION ( 'NONE',  ( -0.000000000000000000, 1.000000000000000000, -0.000000000000000000 ) ) ;
#17 = EDGE_CURVE ( 'NONE', #566, #1557, #203, .T. ) ;
#18 = CARTESIAN_POINT ( 'NONE',  ( 37.00000000000000000, 0.000000000000000000, -1.550000000000383293 ) ) ;
#19 = CARTESIAN_POINT ( 'NONE',  ( -60.00000000000001421, 0.000000000000000000, -55.00000000000000711 ) ) ;
#20 = ORIENTED_EDGE ( 'NONE', *, *, #500, .F. ) ;
#21 = CYLINDRICAL_SURFACE ( 'NONE', #1354, 3.049999999999997158 ) ;
#22 = CARTESIAN_POINT ( 'NONE',  ( -18.49999999999981171, 6.000000000000000000, 30.49293994002433550 ) ) ;
#23 = EDGE_LOOP ( 'NONE', ( #678, #313 ) ) ;
#24 = DIRECTION ( 'NONE',  ( -0.000000000000000000, 1.000000000000000000, -0.000000000000000000 ) ) ;
#25 = DIRECTION ( 'NONE',  ( -0.000000000000000000, 1.000000000000000000, -0.000000000000000000 ) ) ;
#26 = DIRECTION ( 'NONE',  ( 0.000000000000000000, 0.000000000000000000, 1.000000000000000000 ) ) ;
#27 = EDGE_CURVE ( 'NONE', #1076, #752, #1405, .T. ) ;
#28 = CARTESIAN_POINT ( 'NONE',  ( 1.898202538678399431E-16, 0.000000000000000000, -38.54999999999999716 ) ) ;
#29 = ORIENTED_EDGE ( 'NONE', *, *, #253, .T. ) ;
#30 = SURFACE_STYLE_FILL_AREA ( #1652 ) ;
#31 = DIRECTION ( 'NONE',  ( -0.000000000000000000, 1.000000000000000000, -0.000000000000000000 ) ) ;
#32 = CARTESIAN_POINT ( 'NONE',  ( 32.04293994002401291, 6.000000000000000000, -18.50000000000037303 ) ) ;
#33 = CIRCLE ( 'NONE', #765, 3.049999999999997158 ) ;
#34 = ORIENTED_EDGE ( 'NONE', *, *, #609, .T. ) ;
#35 = LINE ( 'NONE', #19, #1573 ) ;
#36 = LINE ( 'NONE', #1508, #1294 ) ;
#37 = CIRCLE ( 'NONE', #486, 1.549999999999995826 ) ;
#38 = EDGE_LOOP ( 'NONE', ( #1085, #536, #1618, #946 ) ) ;
#39 = CIRCLE ( 'NONE', #1524, 1.549999999999995826 ) ;
#40 = EDGE_CURVE ( 'NONE', #1305, #1020, #1579, .T. ) ;
#41 = CIRCLE ( 'NONE', #1383, 1.549999999999995826 ) ;
#42 = CARTESIAN_POINT ( 'NONE',  ( 0.000000000000000000, 6.000000000000000000, -37.00000000000000000 ) ) ;
#43 = CARTESIAN_POINT ( 'NONE',  ( 52.49999999999999289, 6.000000000000000000, 18.04999999999999005 ) ) ;
#44 = DIRECTION ( 'NONE',  ( -0.000000000000000000, 1.000000000000000000, -0.000000000000000000 ) ) ;
#45 = EDGE_LOOP ( 'NONE', ( #1590, #233, #396, #892 ) ) ;
#46 = CARTESIAN_POINT ( 'NONE',  ( 52.49999999999999289, 6.000000000000000000, 48.04999999999999005 ) ) ;
#47 = EDGE_CURVE ( 'NONE', #15, #1427, #658, .T. ) ;
#48 = CARTESIAN_POINT ( 'NONE',  ( -52.49999999999999289, 0.000000000000000000, -11.95000000000000995 ) ) ;
#49 = DIRECTION ( 'NONE',  ( 0.000000000000000000, 0.000000000000000000, 1.000000000000000000 ) ) ;
#50 = CARTESIAN_POINT ( 'NONE',  ( -52.49999999999999289, 6.000000000000000000, 44.99999999999999289 ) ) ;
#51 = VERTEX_POINT ( 'NONE', #830 ) ;
#52 = EDGE_LOOP ( 'NONE', ( #937, #215 ) ) ;
#53 = DIRECTION ( 'NONE',  ( 0.000000000000000000, 0.000000000000000000, 1.000000000000000000 ) ) ;
#54 = ADVANCED_FACE ( 'NONE', ( #956 ), #131, .F. ) ;
#55 = DIRECTION ( 'NONE',  ( -0.000000000000000000, 1.000000000000000000, -0.000000000000000000 ) ) ;
#56 = ADVANCED_FACE ( 'NONE', ( #574 ), #809, .F. ) ;
#57 = DIRECTION ( 'NONE',  ( -0.000000000000000000, 1.000000000000000000, -0.000000000000000000 ) ) ;
#58 = VECTOR ( 'NONE', #749, 1000.000000000000000 ) ;
#59 = DIRECTION ( 'NONE',  ( 1.000000000000000000, 0.000000000000000000, 0.000000000000000000 ) ) ;
#60 = ORIENTED_EDGE ( 'NONE', *, *, #1732, .F. ) ;
#61 = CIRCLE ( 'NONE', #1041, 1.549999999999995826 ) ;
#62 = ORIENTED_EDGE ( 'NONE', *, *, #581, .F. ) ;
#63 = DIRECTION ( 'NONE',  ( -0.000000000000000000, 1.000000000000000000, -0.000000000000000000 ) ) ;
#64 = AXIS2_PLACEMENT_3D ( 'NONE', #1445, #518, #111 ) ;
#65 = AXIS2_PLACEMENT_3D ( 'NONE', #1065, #1630, #1329 ) ;
#66 = DIRECTION ( 'NONE',  ( -0.000000000000000000, 1.000000000000000000, -0.000000000000000000 ) ) ;
#67 = AXIS2_PLACEMENT_3D ( 'NONE', #641, #763, #1303 ) ;
#68 = CARTESIAN_POINT ( 'NONE',  ( -32.04293994002427581, 0.000000000000000000, -18.49999999999992539 ) ) ;
#69 = EDGE_CURVE ( 'NONE', #1421, #134, #432, .T. ) ;
#70 = FACE_OUTER_BOUND ( 'NONE', #819, .T. ) ;
#71 = ORIENTED_EDGE ( 'NONE', *, *, #521, .F. ) ;
#72 = EDGE_LOOP ( 'NONE', ( #257, #1328, #1166, #993 ) ) ;
#73 = DIRECTION ( 'NONE',  ( -0.000000000000000000, 1.000000000000000000, -0.000000000000000000 ) ) ;
#74 = DIRECTION ( 'NONE',  ( -0.000000000000000000, 1.000000000000000000, -0.000000000000000000 ) ) ;
#75 = ORIENTED_EDGE ( 'NONE', *, *, #974, .T. ) ;
#76 = CARTESIAN_POINT ( 'NONE',  ( 52.49999999999999289, 6.000000000000000000, -15.00000000000000711 ) ) ;
#77 = CARTESIAN_POINT ( 'NONE',  ( -52.49999999999999289, 0.000000000000000000, -48.05000000000000426 ) ) ;
#78 = DIRECTION ( 'NONE',  ( 0.000000000000000000, 0.000000000000000000, 1.000000000000000000 ) ) ;
#79 = ORIENTED_EDGE ( 'NONE', *, *, #542, .F. ) ;
#80 = EDGE_CURVE ( 'NONE', #1315, #1122, #1359, .T. ) ;
#81 = VERTEX_POINT ( 'NONE', #18 ) ;
#82 = CARTESIAN_POINT ( 'NONE',  ( -52.49999999999999289, 6.000000000000000000, 14.99999999999999289 ) ) ;
#83 = CYLINDRICAL_SURFACE ( 'NONE', #490, 3.049999999999997158 ) ;
#84 = ORIENTED_EDGE ( 'NONE', *, *, #1228, .T. ) ;
#85 = CYLINDRICAL_SURFACE ( 'NONE', #1128, 3.049999999999997158 ) ;
#86 = CARTESIAN_POINT ( 'NONE',  ( -37.00000000000000000, 6.000000000000000000, -1.549999999999870148 ) ) ;
#87 = ORIENTED_EDGE ( 'NONE', *, *, #112, .F. ) ;
#88 = CIRCLE ( 'NONE', #791, 3.049999999999997158 ) ;
#89 = ORIENTED_EDGE ( 'NONE', *, *, #1099, .T. ) ;
#90 = DIRECTION ( 'NONE',  ( -0.000000000000000000, 1.000000000000000000, -0.000000000000000000 ) ) ;
#91 = ADVANCED_FACE ( 'NONE', ( #1095 ), #1105, .F. ) ;
#92 = DIRECTION ( 'NONE',  ( -0.000000000000000000, 1.000000000000000000, -0.000000000000000000 ) ) ;
#93 = VECTOR ( 'NONE', #171, 1000.000000000000000 ) ;
#94 = VERTEX_POINT ( 'NONE', #1644 ) ;
#95 = CARTESIAN_POINT ( 'NONE',  ( 52.49999999999999289, 0.000000000000000000, -45.00000000000000711 ) ) ;
#96 = CIRCLE ( 'NONE', #1074, 1.550000000000002709 ) ;
#97 = AXIS2_PLACEMENT_3D ( 'NONE', #864, #1532, #1395 ) ;
#98 = ORIENTED_EDGE ( 'NONE', *, *, #47, .F. ) ;
#99 = EDGE_LOOP ( 'NONE', ( #1597, #346 ) ) ;
#100 = CARTESIAN_POINT ( 'NONE',  ( -32.04293994002427581, 6.000000000000000000, -16.94999999999992824 ) ) ;
#101 = DIRECTION ( 'NONE',  ( 0.000000000000000000, 0.000000000000000000, 1.000000000000000000 ) ) ;
#102 = ADVANCED_FACE ( 'NONE', ( #975 ), #312, .F. ) ;
#103 = ORIENTED_EDGE ( 'NONE', *, *, #1560, .F. ) ;
#104 = DIRECTION ( 'NONE',  ( 0.000000000000000000, 1.000000000000000000, 0.000000000000000000 ) ) ;
#105 = ORIENTED_EDGE ( 'NONE', *, *, #1396, .T. ) ;
#106 = ORIENTED_EDGE ( 'NONE', *, *, #1033, .F. ) ;
#107 = DIRECTION ( 'NONE',  ( 0.000000000000000000, 0.000000000000000000, 1.000000000000000000 ) ) ;
#108 = ADVANCED_FACE ( 'NONE', ( #1068, #1604, #405, #941, #1338, #1527, #867, #329, #449, #982, #1398, #343, #584, #715, #483, #183, #335, #730, #1515, #876, #725, #1006 ), #1656, .T. ) ;
#109 = CARTESIAN_POINT ( 'NONE',  ( 52.49999999999999289, 0.000000000000000000, -41.95000000000000995 ) ) ;
#110 = ORIENTED_EDGE ( 'NONE', *, *, #708, .T. ) ;
#111 = DIRECTION ( 'NONE',  ( 0.000000000000000000, 0.000000000000000000, 1.000000000000000000 ) ) ;
#112 = EDGE_CURVE ( 'NONE', #1551, #1464, #541, .T. ) ;
#113 = ORIENTED_EDGE ( 'NONE', *, *, #1289, .F. ) ;
#114 = ORIENTED_EDGE ( 'NONE', *, *, #1530, .F. ) ;
#115 = CIRCLE ( 'NONE', #318, 1.550000000000002709 ) ;
#116 = VECTOR ( 'NONE', #682, 1000.000000000000000 ) ;
#117 = DIRECTION ( 'NONE',  ( 0.000000000000000000, 0.000000000000000000, 1.000000000000000000 ) ) ;
#118 = CIRCLE ( 'NONE', #656, 1.549999999999995826 ) ;
#119 = CARTESIAN_POINT ( 'NONE',  ( 52.49999999999999289, 6.000000000000000000, 44.99999999999999289 ) ) ;
#120 = ORIENTED_EDGE ( 'NONE', *, *, #974, .F. ) ;
#121 = CARTESIAN_POINT ( 'NONE',  ( 32.04293994002401291, 6.000000000000000000, -16.95000000000037943 ) ) ;
#122 = CIRCLE ( 'NONE', #989, 1.550000000000002709 ) ;
#123 = ORIENTED_EDGE ( 'NONE', *, *, #1583, .T. ) ;
#124 = ADVANCED_FACE ( 'NONE', ( #738 ), #1253, .F. ) ;
#125 = VECTOR ( 'NONE', #92, 1000.000000000000000 ) ;
#126 = ORIENTED_EDGE ( 'NONE', *, *, #835, .F. ) ;
#127 = DIRECTION ( 'NONE',  ( -0.000000000000000000, 1.000000000000000000, -0.000000000000000000 ) ) ;
#128 = DIRECTION ( 'NONE',  ( -0.000000000000000000, 1.000000000000000000, -0.000000000000000000 ) ) ;
#129 = ORIENTED_EDGE ( 'NONE', *, *, #874, .T. ) ;
#130 = CARTESIAN_POINT ( 'NONE',  ( 4.102566777143633774E-15, 6.000000000000000000, -33.50000000000000000 ) ) ;
#131 = CYLINDRICAL_SURFACE ( 'NONE', #1523, 1.549999999999995826 ) ;
#132 = CARTESIAN_POINT ( 'NONE',  ( -18.50000000000003553, 0.000000000000000000, -30.49293994002420405 ) ) ;
#133 = EDGE_CURVE ( 'NONE', #912, #1224, #7, .T. ) ;
#134 = VERTEX_POINT ( 'NONE', #1391 ) ;
#135 = EDGE_CURVE ( 'NONE', #1557, #566, #963, .T. ) ;
#136 = DIRECTION ( 'NONE',  ( -0.000000000000000000, 1.000000000000000000, -0.000000000000000000 ) ) ;
#137 = CARTESIAN_POINT ( 'NONE',  ( -18.50000000000003553, 6.000000000000000000, -33.59293994002420192 ) ) ;
#138 = EDGE_LOOP ( 'NONE', ( #613, #1687, #1052, #386 ) ) ;
#139 = DIRECTION ( 'NONE',  ( -1.000000000000000000, 0.000000000000000000, 1.261617073437677999E-16 ) ) ;
#140 = CARTESIAN_POINT ( 'NONE',  ( 52.49999999999999289, 0.000000000000000000, -45.00000000000000711 ) ) ;
#141 = CARTESIAN_POINT ( 'NONE',  ( -37.00000000000000000, 0.000000000000000000, 1.550000000000125056 ) ) ;
#142 = ORIENTED_EDGE ( 'NONE', *, *, #588, .F. ) ;
#143 = DIRECTION ( 'NONE',  ( 1.000000000000000000, 0.000000000000000000, 0.000000000000000000 ) ) ;
#144 = EDGE_CURVE ( 'NONE', #1567, #649, #1547, .T. ) ;
#145 = CIRCLE ( 'NONE', #370, 1.549999999999995826 ) ;
#146 = LINE ( 'NONE', #978, #173 ) ;
#147 = ORIENTED_EDGE ( 'NONE', *, *, #425, .T. ) ;
#148 = CIRCLE ( 'NONE', #1124, 1.549999999999999378 ) ;
#149 = CARTESIAN_POINT ( 'NONE',  ( 37.00000000000000000, 6.000000000000000000, -1.550000000000386846 ) ) ;
#150 = DIRECTION ( 'NONE',  ( -0.000000000000000000, 1.000000000000000000, -0.000000000000000000 ) ) ;
#151 = AXIS2_PLACEMENT_3D ( 'NONE', #606, #589, #1674 ) ;
#152 = DIRECTION ( 'NONE',  ( -0.000000000000000000, 1.000000000000000000, -0.000000000000000000 ) ) ;
#153 = AXIS2_PLACEMENT_3D ( 'NONE', #756, #1451, #1026 ) ;
#154 = CIRCLE ( 'NONE', #1019, 1.549999999999999378 ) ;
#155 = CARTESIAN_POINT ( 'NONE',  ( 59.99999999999998579, 0.000000000000000000, -55.00000000000000711 ) ) ;
#156 = DIRECTION ( 'NONE',  ( -0.000000000000000000, 1.000000000000000000, -0.000000000000000000 ) ) ;
#157 = EDGE_CURVE ( 'NONE', #202, #1336, #904, .T. ) ;
#158 = VERTEX_POINT ( 'NONE', #598 ) ;
#159 = CARTESIAN_POINT ( 'NONE',  ( 32.04293994002439661, 6.000000000000000000, 20.04999999999969518 ) ) ;
#160 = ORIENTED_EDGE ( 'NONE', *, *, #439, .F. ) ;
#161 = CARTESIAN_POINT ( 'NONE',  ( 0.000000000000000000, 0.000000000000000000, 0.000000000000000000 ) ) ;
#162 = VERTEX_POINT ( 'NONE', #1540 ) ;
#163 = CARTESIAN_POINT ( 'NONE',  ( -32.04293994002427581, 0.000000000000000000, -20.04999999999992610 ) ) ;
#164 = CARTESIAN_POINT ( 'NONE',  ( -32.04293994002427581, 6.000000000000000000, -20.04999999999992610 ) ) ;
#165 = DIRECTION ( 'NONE',  ( -0.000000000000000000, 1.000000000000000000, -0.000000000000000000 ) ) ;
#166 = CARTESIAN_POINT ( 'NONE',  ( 18.49999999999959144, 6.000000000000000000, -32.04293994002446766 ) ) ;
#167 = CARTESIAN_POINT ( 'NONE',  ( -37.00000000000000000, 6.000000000000000000, 1.291848095371959215E-13 ) ) ;
#168 = EDGE_CURVE ( 'NONE', #1034, #311, #1351, .T. ) ;
#169 = DIRECTION ( 'NONE',  ( -0.000000000000000000, 1.000000000000000000, -0.000000000000000000 ) ) ;
#170 = CARTESIAN_POINT ( 'NONE',  ( -32.04293994002427581, 6.000000000000000000, -20.04999999999992610 ) ) ;
#171 = DIRECTION ( 'NONE',  ( -0.000000000000000000, 1.000000000000000000, -0.000000000000000000 ) ) ;
#172 = VECTOR ( 'NONE', #787, 1000.000000000000000 ) ;
#173 = VECTOR ( 'NONE', #552, 1000.000000000000000 ) ;
#174 = ORIENTED_EDGE ( 'NONE', *, *, #1099, .F. ) ;
#175 = DIRECTION ( 'NONE',  ( 0.000000000000000000, 0.000000000000000000, 1.000000000000000000 ) ) ;
#176 = AXIS2_PLACEMENT_3D ( 'NONE', #1016, #1552, #175 ) ;
#177 = EDGE_CURVE ( 'NONE', #662, #1272, #1409, .T. ) ;
#178 = CIRCLE ( 'NONE', #1606, 33.50000000000000000 ) ;
#179 =( NAMED_UNIT ( * ) SI_UNIT ( $, .STERADIAN. ) SOLID_ANGLE_UNIT ( ) );
#180 = VECTOR ( 'NONE', #63, 1000.000000000000000 ) ;
#181 = DIRECTION ( 'NONE',  ( -0.000000000000000000, 1.000000000000000000, -0.000000000000000000 ) ) ;
#182 = DIRECTION ( 'NONE',  ( -0.000000000000000000, 1.000000000000000000, -0.000000000000000000 ) ) ;
#183 = FACE_BOUND ( 'NONE', #1615, .T. ) ;
#184 = UNCERTAINTY_MEASURE_WITH_UNIT (LENGTH_MEASURE( 1.000000000000000082E-05 ), #1156, 'distance_accuracy_value', 'NONE');
#185 = DIRECTION ( 'NONE',  ( 0.000000000000000000, 0.000000000000000000, 1.000000000000000000 ) ) ;
#186 = ORIENTED_EDGE ( 'NONE', *, *, #373, .T. ) ;
#187 = EDGE_CURVE ( 'NONE', #1148, #1272, #1690, .T. ) ;
#188 = ORIENTED_EDGE ( 'NONE', *, *, #1089, .F. ) ;
#189 = CARTESIAN_POINT ( 'NONE',  ( 52.49999999999999289, 0.000000000000000000, -11.95000000000000995 ) ) ;
#190 = EDGE_CURVE ( 'NONE', #368, #1422, #1072, .T. ) ;
#191 = CARTESIAN_POINT ( 'NONE',  ( 37.00000000000000000, 6.000000000000000000, 1.549999999999615241 ) ) ;
#192 = DIRECTION ( 'NONE',  ( -0.000000000000000000, 1.000000000000000000, -0.000000000000000000 ) ) ;
#193 = DIRECTION ( 'NONE',  ( -0.000000000000000000, 1.000000000000000000, -0.000000000000000000 ) ) ;
#194 = EDGE_LOOP ( 'NONE', ( #1394, #1469, #363, #513 ) ) ;
#195 = VERTEX_POINT ( 'NONE', #1246 ) ;
#196 = CARTESIAN_POINT ( 'NONE',  ( 37.00000000000000000, 0.000000000000000000, 1.549999999999608358 ) ) ;
#197 = CARTESIAN_POINT ( 'NONE',  ( -32.04293994002427581, 6.000000000000000000, -16.94999999999992824 ) ) ;
#198 = EDGE_CURVE ( 'NONE', #287, #1039, #37, .T. ) ;
#199 = DIRECTION ( 'NONE',  ( -0.000000000000000000, 1.000000000000000000, -0.000000000000000000 ) ) ;
#200 = AXIS2_PLACEMENT_3D ( 'NONE', #1188, #1586, #648 ) ;
#201 = DIRECTION ( 'NONE',  ( -0.000000000000000000, 1.000000000000000000, -0.000000000000000000 ) ) ;
#202 = VERTEX_POINT ( 'NONE', #1172 ) ;
#203 = CIRCLE ( 'NONE', #430, 3.049999999999997158 ) ;
#204 = EDGE_LOOP ( 'NONE', ( #798, #147 ) ) ;
#205 = DIRECTION ( 'NONE',  ( -1.261617073437677999E-16, -0.000000000000000000, -1.000000000000000000 ) ) ;
#206 = CIRCLE ( 'NONE', #64, 1.549999999999995826 ) ;
#207 = AXIS2_PLACEMENT_3D ( 'NONE', #1665, #44, #1252 ) ;
#208 = CARTESIAN_POINT ( 'NONE',  ( 32.04293994002401291, 6.000000000000000000, -20.05000000000037019 ) ) ;
#209 = VECTOR ( 'NONE', #309, 1000.000000000000000 ) ;
#210 = EDGE_CURVE ( 'NONE', #1020, #654, #1178, .T. ) ;
#211 = ORIENTED_EDGE ( 'NONE', *, *, #960, .F. ) ;
#212 = CARTESIAN_POINT ( 'NONE',  ( 52.49999999999999289, 6.000000000000000000, 14.99999999999999289 ) ) ;
#213 = DIRECTION ( 'NONE',  ( -0.000000000000000000, 1.000000000000000000, -0.000000000000000000 ) ) ;
#214 = ORIENTED_EDGE ( 'NONE', *, *, #1162, .T. ) ;
#215 = ORIENTED_EDGE ( 'NONE', *, *, #1341, .T. ) ;
#216 = DIRECTION ( 'NONE',  ( -0.000000000000000000, 1.000000000000000000, -0.000000000000000000 ) ) ;
#217 = CARTESIAN_POINT ( 'NONE',  ( -37.00000000000000000, 0.000000000000000000, -1.549999999999866596 ) ) ;
#218 = EDGE_LOOP ( 'NONE', ( #714, #528, #481, #742 ) ) ;
#219 = CARTESIAN_POINT ( 'NONE',  ( -18.50000000000003553, 0.000000000000000000, -33.59293994002420192 ) ) ;
#220 = CARTESIAN_POINT ( 'NONE',  ( 0.000000000000000000, 6.000000000000000000, -37.00000000000000000 ) ) ;
#221 = ORIENTED_EDGE ( 'NONE', *, *, #632, .T. ) ;
#222 = EDGE_CURVE ( 'NONE', #1450, #395, #206, .T. ) ;
#223 = EDGE_LOOP ( 'NONE', ( #463, #879, #1237, #931 ) ) ;
#224 = CARTESIAN_POINT ( 'NONE',  ( 32.04293994002439661, 6.000000000000000000, 20.04999999999969518 ) ) ;
#225 = DIRECTION ( 'NONE',  ( 0.000000000000000000, 0.000000000000000000, 1.000000000000000000 ) ) ;
#226 = ORIENTED_EDGE ( 'NONE', *, *, #720, .F. ) ;
#227 = CARTESIAN_POINT ( 'NONE',  ( -32.04293994002414792, 6.000000000000000000, 18.50000000000015277 ) ) ;
#228 = DIRECTION ( 'NONE',  ( 1.000000000000000000, 0.000000000000000000, 0.000000000000000000 ) ) ;
#229 = EDGE_LOOP ( 'NONE', ( #298, #755, #338, #1087 ) ) ;
#230 = AXIS2_PLACEMENT_3D ( 'NONE', #968, #305, #838 ) ;
#231 = EDGE_CURVE ( 'NONE', #981, #733, #1267, .T. ) ;
#232 = AXIS2_PLACEMENT_3D ( 'NONE', #607, #860, #1392 ) ;
#233 = ORIENTED_EDGE ( 'NONE', *, *, #1002, .T. ) ;
#234 = DIRECTION ( 'NONE',  ( -0.000000000000000000, 1.000000000000000000, -0.000000000000000000 ) ) ;
#235 = AXIS2_PLACEMENT_3D ( 'NONE', #534, #150, #1226 ) ;
#236 = DIRECTION ( 'NONE',  ( -0.000000000000000000, 1.000000000000000000, -0.000000000000000000 ) ) ;
#237 = AXIS2_PLACEMENT_3D ( 'NONE', #1622, #165, #1470 ) ;
#238 = EDGE_LOOP ( 'NONE', ( #718, #1417, #1712, #126 ) ) ;
#239 = DIRECTION ( 'NONE',  ( -0.000000000000000000, 1.000000000000000000, -0.000000000000000000 ) ) ;
#240 = VECTOR ( 'NONE', #1423, 1000.000000000000000 ) ;
#241 =( NAMED_UNIT ( * ) SI_UNIT ( $, .STERADIAN. ) SOLID_ANGLE_UNIT ( ) );
#242 = EDGE_LOOP ( 'NONE', ( #1678, #1247, #1261, #174 ) ) ;
#243 = ORIENTED_EDGE ( 'NONE', *, *, #1333, .T. ) ;
#244 = FACE_OUTER_BOUND ( 'NONE', #45, .T. ) ;
#245 = EDGE_CURVE ( 'NONE', #585, #785, #848, .T. ) ;
#246 = DIRECTION ( 'NONE',  ( 0.000000000000000000, 0.000000000000000000, 1.000000000000000000 ) ) ;
#247 = ORIENTED_EDGE ( 'NONE', *, *, #687, .T. ) ;
#248 = DIRECTION ( 'NONE',  ( 0.000000000000000000, 0.000000000000000000, 1.000000000000000000 ) ) ;
#249 = ORIENTED_EDGE ( 'NONE', *, *, #47, .T. ) ;
#250 = EDGE_LOOP ( 'NONE', ( #275, #254 ) ) ;
#251 = CARTESIAN_POINT ( 'NONE',  ( -52.49999999999999289, 6.000000000000000000, 14.99999999999999289 ) ) ;
#252 = LINE ( 'NONE', #677, #1713 ) ;
#253 = EDGE_CURVE ( 'NONE', #408, #487, #1379, .T. ) ;
#254 = ORIENTED_EDGE ( 'NONE', *, *, #231, .T. ) ;
#255 = DIRECTION ( 'NONE',  ( 0.000000000000000000, 0.000000000000000000, 1.000000000000000000 ) ) ;
#256 = ORIENTED_EDGE ( 'NONE', *, *, #1583, .F. ) ;
#257 = ORIENTED_EDGE ( 'NONE', *, *, #1202, .F. ) ;
#258 = AXIS2_PLACEMENT_3D ( 'NONE', #1069, #1291, #535 ) ;
#259 = LINE ( 'NONE', #289, #380 ) ;
#260 = FACE_OUTER_BOUND ( 'NONE', #229, .T. ) ;
#261 = AXIS2_PLACEMENT_3D ( 'NONE', #140, #564, #1507 ) ;
#262 = EDGE_LOOP ( 'NONE', ( #382, #123, #920, #903 ) ) ;
#263 = DIRECTION ( 'NONE',  ( 0.000000000000000000, 0.000000000000000000, 1.000000000000000000 ) ) ;
#264 = AXIS2_PLACEMENT_3D ( 'NONE', #1736, #955, #705 ) ;
#265 = ADVANCED_FACE ( 'NONE', ( #1320 ), #766, .F. ) ;
#266 = AXIS2_PLACEMENT_3D ( 'NONE', #251, #236, #117 ) ;
#267 = VERTEX_POINT ( 'NONE', #1718 ) ;
#268 = DIRECTION ( 'NONE',  ( 0.000000000000000000, 0.000000000000000000, 1.000000000000000000 ) ) ;
#269 = EDGE_CURVE ( 'NONE', #494, #1460, #1550, .T. ) ;
#270 = CIRCLE ( 'NONE', #1696, 1.549999999999995826 ) ;
#271 = ORIENTED_EDGE ( 'NONE', *, *, #1150, .F. ) ;
#272 = LINE ( 'NONE', #1361, #371 ) ;
#273 = FACE_OUTER_BOUND ( 'NONE', #1193, .T. ) ;
#274 = DIRECTION ( 'NONE',  ( -0.000000000000000000, 1.000000000000000000, -0.000000000000000000 ) ) ;
#275 = ORIENTED_EDGE ( 'NONE', *, *, #1441, .T. ) ;
#276 = FACE_OUTER_BOUND ( 'NONE', #138, .T. ) ;
#277 = DIRECTION ( 'NONE',  ( -0.000000000000000000, 1.000000000000000000, -0.000000000000000000 ) ) ;
#278 = CYLINDRICAL_SURFACE ( 'NONE', #397, 3.049999999999997158 ) ;
#279 = ORIENTED_EDGE ( 'NONE', *, *, #1054, .F. ) ;
#280 = EDGE_CURVE ( 'NONE', #497, #1315, #1588, .T. ) ;
#281 = CARTESIAN_POINT ( 'NONE',  ( -52.49999999999999289, 6.000000000000000000, -15.00000000000000711 ) ) ;
#282 = CARTESIAN_POINT ( 'NONE',  ( 0.000000000000000000, 0.000000000000000000, 0.000000000000000000 ) ) ;
#283 = EDGE_LOOP ( 'NONE', ( #1519, #1177 ) ) ;
#284 = DIRECTION ( 'NONE',  ( -0.000000000000000000, 1.000000000000000000, -0.000000000000000000 ) ) ;
#285 = CARTESIAN_POINT ( 'NONE',  ( 0.000000000000000000, 6.000000000000000000, 37.00000000000000000 ) ) ;
#286 = CARTESIAN_POINT ( 'NONE',  ( 32.04293994002439661, 0.000000000000000000, 18.49999999999970157 ) ) ;
#287 = VERTEX_POINT ( 'NONE', #121 ) ;
#288 = EDGE_CURVE ( 'NONE', #627, #1625, #403, .T. ) ;
#289 = CARTESIAN_POINT ( 'NONE',  ( 0.000000000000000000, 6.000000000000000000, -35.45000000000000284 ) ) ;
#290 = CIRCLE ( 'NONE', #456, 1.549999999999999378 ) ;
#291 = DIRECTION ( 'NONE',  ( -0.000000000000000000, 1.000000000000000000, -0.000000000000000000 ) ) ;
#292 = EDGE_LOOP ( 'NONE', ( #114, #1001, #674, #337 ) ) ;
#293 = CARTESIAN_POINT ( 'NONE',  ( -18.50000000000003553, 6.000000000000000000, -32.04293994002420476 ) ) ;
#294 = ORIENTED_EDGE ( 'NONE', *, *, #190, .F. ) ;
#295 = AXIS2_PLACEMENT_3D ( 'NONE', #1259, #353, #1682 ) ;
#296 = CYLINDRICAL_SURFACE ( 'NONE', #1517, 1.549999999999999378 ) ;
#297 = AXIS2_PLACEMENT_3D ( 'NONE', #474, #66, #455 ) ;
#298 = ORIENTED_EDGE ( 'NONE', *, *, #567, .F. ) ;
#299 = AXIS2_PLACEMENT_3D ( 'NONE', #1256, #169, #53 ) ;
#300 = DIRECTION ( 'NONE',  ( -0.000000000000000000, 1.000000000000000000, -0.000000000000000000 ) ) ;
#301 = CARTESIAN_POINT ( 'NONE',  ( -32.04293994002427581, 6.000000000000000000, -18.49999999999992539 ) ) ;
#302 = CARTESIAN_POINT ( 'NONE',  ( 52.49999999999999289, 6.000000000000000000, -15.00000000000000711 ) ) ;
#303 = EDGE_CURVE ( 'NONE', #81, #969, #39, .T. ) ;
#304 = DIRECTION ( 'NONE',  ( 0.000000000000000000, 0.000000000000000000, 1.000000000000000000 ) ) ;
#305 = DIRECTION ( 'NONE',  ( -0.000000000000000000, 1.000000000000000000, -0.000000000000000000 ) ) ;
#306 = ORIENTED_EDGE ( 'NONE', *, *, #980, .F. ) ;
#307 = CARTESIAN_POINT ( 'NONE',  ( 37.00000000000000000, 0.000000000000000000, -3.875544286115878151E-13 ) ) ;
#308 = DIRECTION ( 'NONE',  ( 0.000000000000000000, 0.000000000000000000, 1.000000000000000000 ) ) ;
#309 = DIRECTION ( 'NONE',  ( -0.000000000000000000, 1.000000000000000000, -0.000000000000000000 ) ) ;
#310 = EDGE_CURVE ( 'NONE', #1299, #1699, #1595, .T. ) ;
#311 = VERTEX_POINT ( 'NONE', #219 ) ;
#312 = CYLINDRICAL_SURFACE ( 'NONE', #740, 3.049999999999997158 ) ;
#313 = ORIENTED_EDGE ( 'NONE', *, *, #133, .T. ) ;
#314 = DIRECTION ( 'NONE',  ( -0.000000000000000000, 1.000000000000000000, -0.000000000000000000 ) ) ;
#315 = CARTESIAN_POINT ( 'NONE',  ( 18.50000000000026290, 0.000000000000000000, 33.59293994002407402 ) ) ;
#316 = CARTESIAN_POINT ( 'NONE',  ( 52.49999999999999289, 0.000000000000000000, -18.05000000000000426 ) ) ;
#317 = VECTOR ( 'NONE', #1208, 1000.000000000000000 ) ;
#318 = AXIS2_PLACEMENT_3D ( 'NONE', #1620, #31, #582 ) ;
#319 = DIRECTION ( 'NONE',  ( -0.000000000000000000, 1.000000000000000000, -0.000000000000000000 ) ) ;
#320 = EDGE_CURVE ( 'NONE', #1020, #1305, #1297, .T. ) ;
#321 = CARTESIAN_POINT ( 'NONE',  ( 18.49999999999959144, 6.000000000000000000, -32.04293994002446766 ) ) ;
#322 = EDGE_LOOP ( 'NONE', ( #1650, #1485, #1273, #249 ) ) ;
#323 = AXIS2_PLACEMENT_3D ( 'NONE', #638, #1568, #248 ) ;
#324 = EDGE_LOOP ( 'NONE', ( #709, #768 ) ) ;
#325 = VECTOR ( 'NONE', #1117, 1000.000000000000000 ) ;
#326 = SURFACE_STYLE_USAGE ( .BOTH. , #445 ) ;
#327 = VECTOR ( 'NONE', #205, 1000.000000000000000 ) ;
#328 = CARTESIAN_POINT ( 'NONE',  ( 4.102566777143633774E-15, 0.000000000000000000, -33.50000000000000000 ) ) ;
#329 = FACE_BOUND ( 'NONE', #1671, .T. ) ;
#330 = DIRECTION ( 'NONE',  ( -0.000000000000000000, 1.000000000000000000, -0.000000000000000000 ) ) ;
#331 = ORIENTED_EDGE ( 'NONE', *, *, #1482, .F. ) ;
#332 = ADVANCED_FACE ( 'NONE', ( #1032 ), #379, .F. ) ;
#333 = VERTEX_POINT ( 'NONE', #502 ) ;
#334 = LINE ( 'NONE', #998, #325 ) ;
#335 = FACE_BOUND ( 'NONE', #1098, .T. ) ;
#336 = CARTESIAN_POINT ( 'NONE',  ( -52.49999999999999289, 6.000000000000000000, 44.99999999999999289 ) ) ;
#337 = ORIENTED_EDGE ( 'NONE', *, *, #1011, .T. ) ;
#338 = ORIENTED_EDGE ( 'NONE', *, *, #994, .T. ) ;
#339 = FACE_OUTER_BOUND ( 'NONE', #629, .T. ) ;
#340 = EDGE_CURVE ( 'NONE', #792, #1571, #1325, .T. ) ;
#341 = DIRECTION ( 'NONE',  ( 0.000000000000000000, 0.000000000000000000, 1.000000000000000000 ) ) ;
#342 = AXIS2_PLACEMENT_3D ( 'NONE', #1235, #557, #1220 ) ;
#343 = FACE_BOUND ( 'NONE', #1440, .T. ) ;
#344 =( GEOMETRIC_REPRESENTATION_CONTEXT ( 3 ) GLOBAL_UNCERTAINTY_ASSIGNED_CONTEXT ( ( #184 ) ) GLOBAL_UNIT_ASSIGNED_CONTEXT ( ( #1156, #653, #241 ) ) REPRESENTATION_CONTEXT ( 'NONE', 'WORKASPACE' ) );
#345 = DIRECTION ( 'NONE',  ( -0.000000000000000000, 1.000000000000000000, -0.000000000000000000 ) ) ;
#346 = ORIENTED_EDGE ( 'NONE', *, *, #1054, .T. ) ;
#347 = EDGE_LOOP ( 'NONE', ( #1400, #843, #452, #10 ) ) ;
#348 = DIRECTION ( 'NONE',  ( -0.000000000000000000, 1.000000000000000000, -0.000000000000000000 ) ) ;
#349 = AXIS2_PLACEMENT_3D ( 'NONE', #360, #387, #777 ) ;
#350 = DIRECTION ( 'NONE',  ( -0.000000000000000000, 1.000000000000000000, -0.000000000000000000 ) ) ;
#351 = AXIS2_PLACEMENT_3D ( 'NONE', #1161, #1142, #499 ) ;
#352 = ORIENTED_EDGE ( 'NONE', *, *, #245, .T. ) ;
#353 = DIRECTION ( 'NONE',  ( -0.000000000000000000, 1.000000000000000000, -0.000000000000000000 ) ) ;
#354 = CYLINDRICAL_SURFACE ( 'NONE', #902, 3.049999999999997158 ) ;
#355 = ORIENTED_EDGE ( 'NONE', *, *, #812, .F. ) ;
#356 = ORIENTED_EDGE ( 'NONE', *, *, #177, .T. ) ;
#357 = DIRECTION ( 'NONE',  ( 0.000000000000000000, 0.000000000000000000, 1.000000000000000000 ) ) ;
#358 = LINE ( 'NONE', #491, #1214 ) ;
#359 = ORIENTED_EDGE ( 'NONE', *, *, #1617, .T. ) ;
#360 = CARTESIAN_POINT ( 'NONE',  ( 0.000000000000000000, 0.000000000000000000, 0.000000000000000000 ) ) ;
#361 = ADVANCED_FACE ( 'NONE', ( #1286 ), #85, .F. ) ;
#362 = ORIENTED_EDGE ( 'NONE', *, *, #642, .T. ) ;
#363 = ORIENTED_EDGE ( 'NONE', *, *, #1689, .T. ) ;
#364 = LINE ( 'NONE', #1546, #240 ) ;
#365 = LINE ( 'NONE', #1030, #125 ) ;
#366 = ORIENTED_EDGE ( 'NONE', *, *, #895, .T. ) ;
#367 = CARTESIAN_POINT ( 'NONE',  ( -52.49999999999999289, 6.000000000000000000, 14.99999999999999289 ) ) ;
#368 = VERTEX_POINT ( 'NONE', #1190 ) ;
#369 = EDGE_CURVE ( 'NONE', #672, #333, #376, .T. ) ;
#370 = AXIS2_PLACEMENT_3D ( 'NONE', #926, #936, #507 ) ;
#371 = VECTOR ( 'NONE', #435, 1000.000000000000000 ) ;
#372 = ORIENTED_EDGE ( 'NONE', *, *, #1677, .F. ) ;
#373 = EDGE_CURVE ( 'NONE', #1113, #470, #829, .T. ) ;
#374 = CARTESIAN_POINT ( 'NONE',  ( 32.04293994002401291, 6.000000000000000000, -20.05000000000037019 ) ) ;
#375 = LINE ( 'NONE', #891, #1104 ) ;
#376 = CIRCLE ( 'NONE', #323, 3.049999999999997158 ) ;
#377 = CYLINDRICAL_SURFACE ( 'NONE', #1487, 3.049999999999997158 ) ;
#378 = ORIENTED_EDGE ( 'NONE', *, *, #1139, .T. ) ;
#379 = PLANE ( 'NONE',  #153 ) ;
#380 = VECTOR ( 'NONE', #523, 1000.000000000000000 ) ;
#381 = ORIENTED_EDGE ( 'NONE', *, *, #980, .T. ) ;
#382 = ORIENTED_EDGE ( 'NONE', *, *, #1139, .F. ) ;
#383 = EDGE_CURVE ( 'NONE', #662, #906, #1693, .T. ) ;
#384 = CYLINDRICAL_SURFACE ( 'NONE', #604, 1.549999999999995826 ) ;
#385 = CARTESIAN_POINT ( 'NONE',  ( 0.000000000000000000, 0.000000000000000000, -37.00000000000000000 ) ) ;
#386 = ORIENTED_EDGE ( 'NONE', *, *, #1702, .T. ) ;
#387 = DIRECTION ( 'NONE',  ( 0.000000000000000000, 1.000000000000000000, 0.000000000000000000 ) ) ;
#388 = EDGE_LOOP ( 'NONE', ( #1509, #1709, #1388, #451 ) ) ;
#389 = ORIENTED_EDGE ( 'NONE', *, *, #1304, .T. ) ;
#390 = FACE_BOUND ( 'NONE', #784, .T. ) ;
#391 = EDGE_CURVE ( 'NONE', #1272, #1148, #691, .T. ) ;
#392 = DIRECTION ( 'NONE',  ( 0.000000000000000000, 0.000000000000000000, 1.000000000000000000 ) ) ;
#393 = ORIENTED_EDGE ( 'NONE', *, *, #1011, .F. ) ;
#394 = CARTESIAN_POINT ( 'NONE',  ( 32.04293994002439661, 6.000000000000000000, 16.94999999999970441 ) ) ;
#395 = VERTEX_POINT ( 'NONE', #412 ) ;
#396 = ORIENTED_EDGE ( 'NONE', *, *, #27, .T. ) ;
#397 = AXIS2_PLACEMENT_3D ( 'NONE', #810, #681, #942 ) ;
#398 = FACE_BOUND ( 'NONE', #1008, .T. ) ;
#399 = DIRECTION ( 'NONE',  ( -0.000000000000000000, 1.000000000000000000, -0.000000000000000000 ) ) ;
#400 = AXIS2_PLACEMENT_3D ( 'NONE', #227, #495, #255 ) ;
#401 = ORIENTED_EDGE ( 'NONE', *, *, #1396, .F. ) ;
#402 = CARTESIAN_POINT ( 'NONE',  ( -52.49999999999999289, 0.000000000000000000, 11.94999999999999574 ) ) ;
#403 = CIRCLE ( 'NONE', #349, 33.50000000000000000 ) ;
#404 = EDGE_CURVE ( 'NONE', #81, #51, #938, .T. ) ;
#405 = FACE_BOUND ( 'NONE', #760, .T. ) ;
#406 = CARTESIAN_POINT ( 'NONE',  ( -52.49999999999999289, 6.000000000000000000, -41.95000000000000995 ) ) ;
#407 = CIRCLE ( 'NONE', #1245, 3.049999999999997158 ) ;
#408 = VERTEX_POINT ( 'NONE', #130 ) ;
#409 = FACE_BOUND ( 'NONE', #99, .T. ) ;
#410 = CARTESIAN_POINT ( 'NONE',  ( -52.49999999999999289, 6.000000000000000000, 11.94999999999999574 ) ) ;
#411 = ORIENTED_EDGE ( 'NONE', *, *, #1289, .T. ) ;
#412 = CARTESIAN_POINT ( 'NONE',  ( 18.50000000000026290, 0.000000000000000000, 30.49293994002407970 ) ) ;
#413 = EDGE_LOOP ( 'NONE', ( #142, #1569, #247, #1514 ) ) ;
#414 = DIRECTION ( 'NONE',  ( -0.000000000000000000, 1.000000000000000000, -0.000000000000000000 ) ) ;
#415 = EDGE_CURVE ( 'NONE', #553, #577, #544, .T. ) ;
#416 = EDGE_LOOP ( 'NONE', ( #665, #1529, #1121, #1035 ) ) ;
#417 = FACE_BOUND ( 'NONE', #1676, .T. ) ;
#418 = DIRECTION ( 'NONE',  ( -0.000000000000000000, 1.000000000000000000, -0.000000000000000000 ) ) ;
#419 = ORIENTED_EDGE ( 'NONE', *, *, #133, .F. ) ;
#420 = DIRECTION ( 'NONE',  ( 0.000000000000000000, 0.000000000000000000, 1.000000000000000000 ) ) ;
#421 = DIRECTION ( 'NONE',  ( -0.000000000000000000, 1.000000000000000000, -0.000000000000000000 ) ) ;
#422 = FACE_OUTER_BOUND ( 'NONE', #815, .T. ) ;
#423 = PRODUCT_RELATED_PRODUCT_CATEGORY ( 'part', '', ( #1168 ) ) ;
#424 = EDGE_LOOP ( 'NONE', ( #1659, #1629 ) ) ;
#425 = EDGE_CURVE ( 'NONE', #1217, #162, #1352, .T. ) ;
#426 = FACE_BOUND ( 'NONE', #1471, .T. ) ;
#427 = CYLINDRICAL_SURFACE ( 'NONE', #1715, 1.549999999999999378 ) ;
#428 = CIRCLE ( 'NONE', #1433, 1.549999999999995826 ) ;
#429 = CARTESIAN_POINT ( 'NONE',  ( 52.49999999999999289, 6.000000000000000000, 41.94999999999999574 ) ) ;
#430 = AXIS2_PLACEMENT_3D ( 'NONE', #442, #706, #304 ) ;
#431 = DIRECTION ( 'NONE',  ( 0.000000000000000000, 0.000000000000000000, 1.000000000000000000 ) ) ;
#432 = CIRCLE ( 'NONE', #235, 1.549999999999999378 ) ;
#433 = CARTESIAN_POINT ( 'NONE',  ( 52.49999999999999289, 6.000000000000000000, -18.05000000000000426 ) ) ;
#434 = AXIS2_PLACEMENT_3D ( 'NONE', #1218, #1357, #690 ) ;
#435 = DIRECTION ( 'NONE',  ( -0.000000000000000000, 1.000000000000000000, -0.000000000000000000 ) ) ;
#436 = ORIENTED_EDGE ( 'NONE', *, *, #1358, .T. ) ;
#437 = CIRCLE ( 'NONE', #546, 1.549999999999999378 ) ;
#438 = DIRECTION ( 'NONE',  ( -0.000000000000000000, 1.000000000000000000, -0.000000000000000000 ) ) ;
#439 = EDGE_CURVE ( 'NONE', #267, #1324, #122, .T. ) ;
#440 = DIRECTION ( 'NONE',  ( 0.000000000000000000, 0.000000000000000000, 1.000000000000000000 ) ) ;
#441 = LINE ( 'NONE', #328, #660 ) ;
#442 = CARTESIAN_POINT ( 'NONE',  ( -52.49999999999999289, 6.000000000000000000, 44.99999999999999289 ) ) ;
#443 = FACE_OUTER_BOUND ( 'NONE', #413, .T. ) ;
#444 = VERTEX_POINT ( 'NONE', #159 ) ;
#445 = SURFACE_SIDE_STYLE ('',( #30 ) ) ;
#446 = CARTESIAN_POINT ( 'NONE',  ( 32.04293994002401291, 6.000000000000000000, -16.95000000000037943 ) ) ;
#447 = EDGE_CURVE ( 'NONE', #1571, #520, #533, .T. ) ;
#448 = CARTESIAN_POINT ( 'NONE',  ( 52.49999999999999289, 6.000000000000000000, -48.05000000000000426 ) ) ;
#449 = FACE_BOUND ( 'NONE', #1221, .T. ) ;
#450 = CARTESIAN_POINT ( 'NONE',  ( 0.000000000000000000, 6.000000000000000000, 37.00000000000000000 ) ) ;
#451 = ORIENTED_EDGE ( 'NONE', *, *, #1045, .F. ) ;
#452 = ORIENTED_EDGE ( 'NONE', *, *, #1062, .T. ) ;
#453 = DIRECTION ( 'NONE',  ( -0.000000000000000000, 1.000000000000000000, -0.000000000000000000 ) ) ;
#454 = CYLINDRICAL_SURFACE ( 'NONE', #685, 33.50000000000000000 ) ;
#455 = DIRECTION ( 'NONE',  ( 0.000000000000000000, 0.000000000000000000, 1.000000000000000000 ) ) ;
#456 = AXIS2_PLACEMENT_3D ( 'NONE', #1443, #797, #392 ) ;
#457 = VECTOR ( 'NONE', #59, 1000.000000000000000 ) ;
#458 = DIRECTION ( 'NONE',  ( 0.000000000000000000, 0.000000000000000000, 1.000000000000000000 ) ) ;
#459 = ADVANCED_FACE ( 'NONE', ( #1458 ), #1086, .F. ) ;
#460 = CARTESIAN_POINT ( 'NONE',  ( -18.50000000000003553, 6.000000000000000000, -33.59293994002420192 ) ) ;
#461 = VERTEX_POINT ( 'NONE', #402 ) ;
#462 = AXIS2_PLACEMENT_3D ( 'NONE', #293, #24, #1077 ) ;
#463 = ORIENTED_EDGE ( 'NONE', *, *, #415, .T. ) ;
#464 = AXIS2_PLACEMENT_3D ( 'NONE', #952, #300, #935 ) ;
#465 =( NAMED_UNIT ( * ) PLANE_ANGLE_UNIT ( ) SI_UNIT ( $, .RADIAN. ) );
#466 = LINE ( 'NONE', #208, #1103 ) ;
#467 = ORIENTED_EDGE ( 'NONE', *, *, #1538, .T. ) ;
#468 = DIRECTION ( 'NONE',  ( -0.000000000000000000, 1.000000000000000000, -0.000000000000000000 ) ) ;
#469 = FACE_OUTER_BOUND ( 'NONE', #416, .T. ) ;
#470 = VERTEX_POINT ( 'NONE', #429 ) ;
#471 = ADVANCED_FACE ( 'NONE', ( #276 ), #1225, .F. ) ;
#472 = ORIENTED_EDGE ( 'NONE', *, *, #642, .F. ) ;
#473 = CARTESIAN_POINT ( 'NONE',  ( 32.04293994002439661, 6.000000000000000000, 18.49999999999970157 ) ) ;
#474 = CARTESIAN_POINT ( 'NONE',  ( -52.49999999999999289, 0.000000000000000000, -45.00000000000000711 ) ) ;
#475 = CYLINDRICAL_SURFACE ( 'NONE', #1660, 3.049999999999997158 ) ;
#476 = VERTEX_POINT ( 'NONE', #1365 ) ;
#477 = ORIENTED_EDGE ( 'NONE', *, *, #581, .T. ) ;
#478 = LINE ( 'NONE', #488, #317 ) ;
#479 = EDGE_CURVE ( 'NONE', #726, #654, #9, .T. ) ;
#480 = FACE_OUTER_BOUND ( 'NONE', #1298, .T. ) ;
#481 = ORIENTED_EDGE ( 'NONE', *, *, #1482, .T. ) ;
#482 = AXIS2_PLACEMENT_3D ( 'NONE', #161, #1500, #1081 ) ;
#483 = FACE_BOUND ( 'NONE', #1589, .T. ) ;
#484 = DIRECTION ( 'NONE',  ( 0.000000000000000000, 0.000000000000000000, 1.000000000000000000 ) ) ;
#485 = ORIENTED_EDGE ( 'NONE', *, *, #1281, .T. ) ;
#486 = AXIS2_PLACEMENT_3D ( 'NONE', #1112, #901, #1313 ) ;
#487 = VERTEX_POINT ( 'NONE', #572 ) ;
#488 = CARTESIAN_POINT ( 'NONE',  ( -18.50000000000003553, 6.000000000000000000, -30.49293994002420405 ) ) ;
#489 = AXIS2_PLACEMENT_3D ( 'NONE', #302, #284, #836 ) ;
#490 = AXIS2_PLACEMENT_3D ( 'NONE', #1152, #127, #1483 ) ;
#491 = CARTESIAN_POINT ( 'NONE',  ( 37.00000000000000000, 6.000000000000000000, 1.549999999999611910 ) ) ;
#492 = EDGE_CURVE ( 'NONE', #487, #408, #934, .T. ) ;
#493 = AXIS2_PLACEMENT_3D ( 'NONE', #630, #234, #357 ) ;
#494 = VERTEX_POINT ( 'NONE', #828 ) ;
#495 = DIRECTION ( 'NONE',  ( -0.000000000000000000, 1.000000000000000000, -0.000000000000000000 ) ) ;
#496 = EDGE_LOOP ( 'NONE', ( #279, #366, #884, #472 ) ) ;
#497 = VERTEX_POINT ( 'NONE', #1233 ) ;
#498 = CARTESIAN_POINT ( 'NONE',  ( -32.04293994002414792, 0.000000000000000000, 20.05000000000014992 ) ) ;
#499 = DIRECTION ( 'NONE',  ( 0.000000000000000000, 0.000000000000000000, 1.000000000000000000 ) ) ;
#500 = EDGE_CURVE ( 'NONE', #646, #51, #1242, .T. ) ;
#501 = EDGE_LOOP ( 'NONE', ( #603, #666, #741, #923 ) ) ;
#502 = CARTESIAN_POINT ( 'NONE',  ( -52.49999999999999289, 6.000000000000000000, -48.05000000000000426 ) ) ;
#503 = ADVANCED_FACE ( 'NONE', ( #1102 ), #1613, .F. ) ;
#504 = ORIENTED_EDGE ( 'NONE', *, *, #1002, .F. ) ;
#505 = DIRECTION ( 'NONE',  ( -1.000000000000000000, 0.000000000000000000, -0.000000000000000000 ) ) ;
#506 = DIRECTION ( 'NONE',  ( -0.000000000000000000, 1.000000000000000000, -0.000000000000000000 ) ) ;
#507 = DIRECTION ( 'NONE',  ( 0.000000000000000000, 0.000000000000000000, 1.000000000000000000 ) ) ;
#508 = VERTEX_POINT ( 'NONE', #1197 ) ;
#509 = DIRECTION ( 'NONE',  ( 0.000000000000000000, 0.000000000000000000, 1.000000000000000000 ) ) ;
#510 = APPLICATION_PROTOCOL_DEFINITION ( 'draft international standard', 'automotive_design', 1998, #1649 ) ;
#511 = ORIENTED_EDGE ( 'NONE', *, *, #1311, .T. ) ;
#512 = EDGE_CURVE ( 'NONE', #1625, #627, #178, .T. ) ;
#513 = ORIENTED_EDGE ( 'NONE', *, *, #708, .F. ) ;
#514 = CARTESIAN_POINT ( 'NONE',  ( -52.49999999999999289, 6.000000000000000000, -41.95000000000000995 ) ) ;
#515 = VECTOR ( 'NONE', #182, 1000.000000000000000 ) ;
#516 = CYLINDRICAL_SURFACE ( 'NONE', #930, 1.549999999999999378 ) ;
#517 = VERTEX_POINT ( 'NONE', #799 ) ;
#518 = DIRECTION ( 'NONE',  ( -0.000000000000000000, 1.000000000000000000, -0.000000000000000000 ) ) ;
#519 = AXIS2_PLACEMENT_3D ( 'NONE', #1591, #1363, #695 ) ;
#520 = VERTEX_POINT ( 'NONE', #1603 ) ;
#521 = EDGE_CURVE ( 'NONE', #1305, #726, #1337, .T. ) ;
#522 = ORIENTED_EDGE ( 'NONE', *, *, #1513, .F. ) ;
#523 = DIRECTION ( 'NONE',  ( -0.000000000000000000, 1.000000000000000000, -0.000000000000000000 ) ) ;
#524 = DIRECTION ( 'NONE',  ( 0.000000000000000000, 0.000000000000000000, 1.000000000000000000 ) ) ;
#525 = EDGE_LOOP ( 'NONE', ( #527, #1280, #1438, #1276 ) ) ;
#526 = CARTESIAN_POINT ( 'NONE',  ( -18.49999999999981171, 0.000000000000000000, 32.04293994002433266 ) ) ;
#527 = ORIENTED_EDGE ( 'NONE', *, *, #231, .F. ) ;
#528 = ORIENTED_EDGE ( 'NONE', *, *, #1281, .F. ) ;
#529 = FACE_BOUND ( 'NONE', #23, .T. ) ;
#530 = EDGE_CURVE ( 'NONE', #1224, #1031, #973, .T. ) ;
#531 = CARTESIAN_POINT ( 'NONE',  ( 52.49999999999999289, 6.000000000000000000, -15.00000000000000711 ) ) ;
#532 = EDGE_LOOP ( 'NONE', ( #559, #1393, #782, #1133 ) ) ;
#533 = LINE ( 'NONE', #394, #716 ) ;
#534 = CARTESIAN_POINT ( 'NONE',  ( 18.49999999999959144, 0.000000000000000000, -32.04293994002446766 ) ) ;
#535 = DIRECTION ( 'NONE',  ( 0.000000000000000000, 0.000000000000000000, 1.000000000000000000 ) ) ;
#536 = ORIENTED_EDGE ( 'NONE', *, *, #1024, .F. ) ;
#537 = CIRCLE ( 'NONE', #595, 3.049999999999997158 ) ;
#538 = AXIS2_PLACEMENT_3D ( 'NONE', #1343, #1497, #308 ) ;
#539 = CARTESIAN_POINT ( 'NONE',  ( 0.000000000000000000, 0.000000000000000000, 0.000000000000000000 ) ) ;
#540 = FACE_OUTER_BOUND ( 'NONE', #1064, .T. ) ;
#541 = CIRCLE ( 'NONE', #1637, 3.049999999999997158 ) ;
#542 = EDGE_CURVE ( 'NONE', #311, #1034, #1639, .T. ) ;
#543 = ORIENTED_EDGE ( 'NONE', *, *, #927, .F. ) ;
#544 = LINE ( 'NONE', #1498, #631 ) ;
#545 = VECTOR ( 'NONE', #554, 1000.000000000000000 ) ;
#546 = AXIS2_PLACEMENT_3D ( 'NONE', #1707, #1048, #1574 ) ;
#547 = DIRECTION ( 'NONE',  ( -0.000000000000000000, 1.000000000000000000, -0.000000000000000000 ) ) ;
#548 = CARTESIAN_POINT ( 'NONE',  ( -52.49999999999999289, 0.000000000000000000, 14.99999999999999289 ) ) ;
#549 = VECTOR ( 'NONE', #569, 1000.000000000000000 ) ;
#550 = ORIENTED_EDGE ( 'NONE', *, *, #245, .F. ) ;
#551 = FACE_BOUND ( 'NONE', #617, .T. ) ;
#552 = DIRECTION ( 'NONE',  ( -0.000000000000000000, -1.000000000000000000, -0.000000000000000000 ) ) ;
#553 = VERTEX_POINT ( 'NONE', #1257 ) ;
#554 = DIRECTION ( 'NONE',  ( -0.000000000000000000, 1.000000000000000000, -0.000000000000000000 ) ) ;
#555 = ADVANCED_FACE ( 'NONE', ( #866 ), #1135, .F. ) ;
#556 = DIRECTION ( 'NONE',  ( 0.000000000000000000, 0.000000000000000000, 1.000000000000000000 ) ) ;
#557 = DIRECTION ( 'NONE',  ( -0.000000000000000000, 1.000000000000000000, -0.000000000000000000 ) ) ;
#558 = EDGE_CURVE ( 'NONE', #1367, #1090, #576, .T. ) ;
#559 = ORIENTED_EDGE ( 'NONE', *, *, #210, .F. ) ;
#560 = LINE ( 'NONE', #822, #1554 ) ;
#561 = DIRECTION ( 'NONE',  ( -0.000000000000000000, 1.000000000000000000, -0.000000000000000000 ) ) ;
#562 = ORIENTED_EDGE ( 'NONE', *, *, #479, .F. ) ;
#563 = DIRECTION ( 'NONE',  ( -0.000000000000000000, 1.000000000000000000, -0.000000000000000000 ) ) ;
#564 = DIRECTION ( 'NONE',  ( -0.000000000000000000, 1.000000000000000000, -0.000000000000000000 ) ) ;
#565 = CYLINDRICAL_SURFACE ( 'NONE', #342, 1.549999999999999378 ) ;
#566 = VERTEX_POINT ( 'NONE', #1533 ) ;
#567 = EDGE_CURVE ( 'NONE', #981, #1460, #1525, .T. ) ;
#568 = CIRCLE ( 'NONE', #820, 1.550000000000002709 ) ;
#569 = DIRECTION ( 'NONE',  ( -0.000000000000000000, 1.000000000000000000, -0.000000000000000000 ) ) ;
#570 = AXIS2_PLACEMENT_3D ( 'NONE', #1180, #1697, #228 ) ;
#571 = FACE_OUTER_BOUND ( 'NONE', #778, .T. ) ;
#572 = CARTESIAN_POINT ( 'NONE',  ( 0.000000000000000000, 6.000000000000000000, 33.50000000000000000 ) ) ;
#573 = AXIS2_PLACEMENT_3D ( 'NONE', #849, #192, #1119 ) ;
#574 = FACE_OUTER_BOUND ( 'NONE', #262, .T. ) ;
#575 = DIRECTION ( 'NONE',  ( -0.000000000000000000, 1.000000000000000000, -0.000000000000000000 ) ) ;
#576 = CIRCLE ( 'NONE', #297, 3.049999999999997158 ) ;
#577 = VERTEX_POINT ( 'NONE', #587 ) ;
#578 = VECTOR ( 'NONE', #676, 1000.000000000000000 ) ;
#579 = EDGE_CURVE ( 'NONE', #906, #662, #1721, .T. ) ;
#580 = LINE ( 'NONE', #1264, #180 ) ;
#581 = EDGE_CURVE ( 'NONE', #752, #1076, #1185, .T. ) ;
#582 = DIRECTION ( 'NONE',  ( 0.000000000000000000, 0.000000000000000000, 1.000000000000000000 ) ) ;
#583 = CARTESIAN_POINT ( 'NONE',  ( -52.49999999999999289, 0.000000000000000000, -18.05000000000000426 ) ) ;
#584 = FACE_BOUND ( 'NONE', #804, .T. ) ;
#585 = VERTEX_POINT ( 'NONE', #987 ) ;
#586 = LINE ( 'NONE', #170, #1520 ) ;
#587 = CARTESIAN_POINT ( 'NONE',  ( -60.00000000000000000, 0.000000000000000000, 54.99999999999999289 ) ) ;
#588 = EDGE_CURVE ( 'NONE', #1625, #408, #441, .T. ) ;
#589 = DIRECTION ( 'NONE',  ( -0.000000000000000000, 1.000000000000000000, -0.000000000000000000 ) ) ;
#590 = PRODUCT_DEFINITION_CONTEXT ( 'detailed design', #1165, 'design' ) ;
#591 = CARTESIAN_POINT ( 'NONE',  ( 52.49999999999999289, 6.000000000000000000, -15.00000000000000711 ) ) ;
#592 = VERTEX_POINT ( 'NONE', #612 ) ;
#593 = EDGE_LOOP ( 'NONE', ( #619, #160 ) ) ;
#594 = CARTESIAN_POINT ( 'NONE',  ( 18.50000000000026290, 6.000000000000000000, 32.04293994002407686 ) ) ;
#595 = AXIS2_PLACEMENT_3D ( 'NONE', #548, #831, #949 ) ;
#596 = ADVANCED_FACE ( 'NONE', ( #873 ), #1372, .F. ) ;
#597 = AXIS2_PLACEMENT_3D ( 'NONE', #321, #213, #78 ) ;
#598 = CARTESIAN_POINT ( 'NONE',  ( -60.00000000000000000, 6.000000000000000000, 54.99999999999999289 ) ) ;
#599 = DIRECTION ( 'NONE',  ( -0.000000000000000000, 1.000000000000000000, -0.000000000000000000 ) ) ;
#600 = AXIS2_PLACEMENT_3D ( 'NONE', #76, #614, #1144 ) ;
#601 = ORIENTED_EDGE ( 'NONE', *, *, #404, .F. ) ;
#602 = AXIS2_PLACEMENT_3D ( 'NONE', #1005, #1539, #605 ) ;
#603 = ORIENTED_EDGE ( 'NONE', *, *, #675, .F. ) ;
#604 = AXIS2_PLACEMENT_3D ( 'NONE', #1284, #506, #1037 ) ;
#605 = DIRECTION ( 'NONE',  ( 0.000000000000000000, 0.000000000000000000, 1.000000000000000000 ) ) ;
#606 = CARTESIAN_POINT ( 'NONE',  ( 52.49999999999999289, 0.000000000000000000, 14.99999999999999289 ) ) ;
#607 = CARTESIAN_POINT ( 'NONE',  ( -52.49999999999999289, 6.000000000000000000, -45.00000000000000711 ) ) ;
#608 = ORIENTED_EDGE ( 'NONE', *, *, #280, .F. ) ;
#609 = EDGE_CURVE ( 'NONE', #1612, #1039, #466, .T. ) ;
#610 = EDGE_LOOP ( 'NONE', ( #601, #1184, #110, #1196 ) ) ;
#611 = CARTESIAN_POINT ( 'NONE',  ( -32.04293994002414792, 6.000000000000000000, 20.05000000000014992 ) ) ;
#612 = CARTESIAN_POINT ( 'NONE',  ( -32.04293994002414792, 0.000000000000000000, 16.95000000000015206 ) ) ;
#613 = ORIENTED_EDGE ( 'NONE', *, *, #1321, .F. ) ;
#614 = DIRECTION ( 'NONE',  ( -0.000000000000000000, 1.000000000000000000, -0.000000000000000000 ) ) ;
#615 = CYLINDRICAL_SURFACE ( 'NONE', #1097, 3.049999999999997158 ) ;
#616 = FACE_OUTER_BOUND ( 'NONE', #347, .T. ) ;
#617 = EDGE_LOOP ( 'NONE', ( #105, #1531 ) ) ;
#618 = ADVANCED_FACE ( 'NONE', ( #1506 ), #745, .F. ) ;
#619 = ORIENTED_EDGE ( 'NONE', *, *, #1670, .F. ) ;
#620 = CARTESIAN_POINT ( 'NONE',  ( -52.49999999999999289, 0.000000000000000000, -41.95000000000000995 ) ) ;
#621 = CYLINDRICAL_SURFACE ( 'NONE', #1641, 1.549999999999995826 ) ;
#622 = ADVANCED_BREP_SHAPE_REPRESENTATION ( 'YM080 Mount', ( #921, #570 ), #344 ) ;
#623 = EDGE_LOOP ( 'NONE', ( #1362, #1330 ) ) ;
#624 = DIRECTION ( 'NONE',  ( 0.000000000000000000, 0.000000000000000000, 1.000000000000000000 ) ) ;
#625 = AXIS2_PLACEMENT_3D ( 'NONE', #1271, #599, #992 ) ;
#626 = DIRECTION ( 'NONE',  ( 0.000000000000000000, 0.000000000000000000, 1.000000000000000000 ) ) ;
#627 = VERTEX_POINT ( 'NONE', #735 ) ;
#628 = AXIS2_PLACEMENT_3D ( 'NONE', #1155, #104, #1051 ) ;
#629 = EDGE_LOOP ( 'NONE', ( #1042, #1452, #1536, #869 ) ) ;
#630 = CARTESIAN_POINT ( 'NONE',  ( 52.49999999999999289, 0.000000000000000000, 14.99999999999999289 ) ) ;
#631 = VECTOR ( 'NONE', #947, 1000.000000000000000 ) ;
#632 = EDGE_CURVE ( 'NONE', #497, #94, #334, .T. ) ;
#633 = CIRCLE ( 'NONE', #67, 1.549999999999999378 ) ;
#634 = CARTESIAN_POINT ( 'NONE',  ( 52.49999999999999289, 6.000000000000000000, -41.95000000000000995 ) ) ;
#635 = EDGE_CURVE ( 'NONE', #1367, #333, #713, .T. ) ;
#636 = AXIS2_PLACEMENT_3D ( 'NONE', #977, #314, #845 ) ;
#637 = EDGE_LOOP ( 'NONE', ( #1025, #356, #702, #271 ) ) ;
#638 = CARTESIAN_POINT ( 'NONE',  ( -52.49999999999999289, 6.000000000000000000, -45.00000000000000711 ) ) ;
#639 = VERTEX_POINT ( 'NONE', #729 ) ;
#640 = DIRECTION ( 'NONE',  ( -0.000000000000000000, 1.000000000000000000, -0.000000000000000000 ) ) ;
#641 = CARTESIAN_POINT ( 'NONE',  ( -32.04293994002414792, 6.000000000000000000, 18.50000000000015277 ) ) ;
#642 = EDGE_CURVE ( 'NONE', #202, #1464, #1243, .T. ) ;
#643 = EDGE_LOOP ( 'NONE', ( #79, #801, #896, #988 ) ) ;
#644 = DIRECTION ( 'NONE',  ( 0.000000000000000000, 0.000000000000000000, 1.000000000000000000 ) ) ;
#645 = SHAPE_DEFINITION_REPRESENTATION ( #824, #622 ) ;
#646 = VERTEX_POINT ( 'NONE', #191 ) ;
#647 = DIRECTION ( 'NONE',  ( 0.000000000000000000, 0.000000000000000000, 1.000000000000000000 ) ) ;
#648 = DIRECTION ( 'NONE',  ( 0.000000000000000000, 0.000000000000000000, 1.000000000000000000 ) ) ;
#649 = VERTEX_POINT ( 'NONE', #583 ) ;
#650 = DIRECTION ( 'NONE',  ( -0.000000000000000000, 1.000000000000000000, -0.000000000000000000 ) ) ;
#651 = EDGE_CURVE ( 'NONE', #1681, #639, #154, .T. ) ;
#652 = AXIS2_PLACEMENT_3D ( 'NONE', #531, #806, #1335 ) ;
#653 =( NAMED_UNIT ( * ) PLANE_ANGLE_UNIT ( ) SI_UNIT ( $, .RADIAN. ) );
#654 = VERTEX_POINT ( 'NONE', #448 ) ;
#655 = AXIS2_PLACEMENT_3D ( 'NONE', #1203, #669, #1593 ) ;
#656 = AXIS2_PLACEMENT_3D ( 'NONE', #1642, #1232, #712 ) ;
#657 = VERTEX_POINT ( 'NONE', #1512 ) ;
#658 = CIRCLE ( 'NONE', #1211, 3.049999999999997158 ) ;
#659 = LINE ( 'NONE', #1598, #966 ) ;
#660 = VECTOR ( 'NONE', #1125, 1000.000000000000000 ) ;
#661 = DIRECTION ( 'NONE',  ( 1.261617073437677999E-16, 0.000000000000000000, 1.000000000000000000 ) ) ;
#662 = VERTEX_POINT ( 'NONE', #316 ) ;
#663 = DIRECTION ( 'NONE',  ( -0.000000000000000000, 1.000000000000000000, -0.000000000000000000 ) ) ;
#664 = MECHANICAL_DESIGN_GEOMETRIC_PRESENTATION_REPRESENTATION (  '', ( #1270 ), #1608 ) ;
#665 = ORIENTED_EDGE ( 'NONE', *, *, #558, .F. ) ;
#666 = ORIENTED_EDGE ( 'NONE', *, *, #1505, .F. ) ;
#667 = ADVANCED_FACE ( 'NONE', ( #847 ), #1701, .F. ) ;
#668 = CARTESIAN_POINT ( 'NONE',  ( -52.49999999999999289, 6.000000000000000000, 48.04999999999999005 ) ) ;
#669 = DIRECTION ( 'NONE',  ( -0.000000000000000000, 1.000000000000000000, -0.000000000000000000 ) ) ;
#670 = ORIENTED_EDGE ( 'NONE', *, *, #512, .T. ) ;
#671 = CARTESIAN_POINT ( 'NONE',  ( 59.99999999999998579, 6.000000000000000000, -55.00000000000000711 ) ) ;
#672 = VERTEX_POINT ( 'NONE', #514 ) ;
#673 = LINE ( 'NONE', #406, #1262 ) ;
#674 = ORIENTED_EDGE ( 'NONE', *, *, #530, .T. ) ;
#675 = EDGE_CURVE ( 'NONE', #1421, #368, #365, .T. ) ;
#676 = DIRECTION ( 'NONE',  ( -0.000000000000000000, 1.000000000000000000, -0.000000000000000000 ) ) ;
#677 = CARTESIAN_POINT ( 'NONE',  ( -60.00000000000000000, 6.000000000000000000, 54.99999999999999289 ) ) ;
#678 = ORIENTED_EDGE ( 'NONE', *, *, #737, .T. ) ;
#679 = DIRECTION ( 'NONE',  ( -0.000000000000000000, 1.000000000000000000, -0.000000000000000000 ) ) ;
#680 = DIRECTION ( 'NONE',  ( 0.000000000000000000, 0.000000000000000000, 1.000000000000000000 ) ) ;
#681 = DIRECTION ( 'NONE',  ( -0.000000000000000000, 1.000000000000000000, -0.000000000000000000 ) ) ;
#682 = DIRECTION ( 'NONE',  ( -0.000000000000000000, -1.000000000000000000, -0.000000000000000000 ) ) ;
#683 = ORIENTED_EDGE ( 'NONE', *, *, #1614, .F. ) ;
#684 = VECTOR ( 'NONE', #770, 1000.000000000000000 ) ;
#685 = AXIS2_PLACEMENT_3D ( 'NONE', #282, #814, #688 ) ;
#686 = DIRECTION ( 'NONE',  ( 0.000000000000000000, 0.000000000000000000, 1.000000000000000000 ) ) ;
#687 = EDGE_CURVE ( 'NONE', #627, #487, #1416, .T. ) ;
#688 = DIRECTION ( 'NONE',  ( 0.000000000000000000, 0.000000000000000000, 1.000000000000000000 ) ) ;
#689 = ORIENTED_EDGE ( 'NONE', *, *, #1118, .T. ) ;
#690 = DIRECTION ( 'NONE',  ( 0.000000000000000000, 0.000000000000000000, 1.000000000000000000 ) ) ;
#691 = CIRCLE ( 'NONE', #489, 3.049999999999997158 ) ;
#692 = AXIS2_PLACEMENT_3D ( 'NONE', #1390, #1643, #49 ) ;
#693 = CARTESIAN_POINT ( 'NONE',  ( -60.00000000000001421, 6.000000000000000000, -55.00000000000000711 ) ) ;
#694 = CARTESIAN_POINT ( 'NONE',  ( -52.49999999999999289, 6.000000000000000000, -18.05000000000000426 ) ) ;
#695 = DIRECTION ( 'NONE',  ( 0.000000000000000000, 0.000000000000000000, 1.000000000000000000 ) ) ;
#696 = DIRECTION ( 'NONE',  ( -0.000000000000000000, 1.000000000000000000, -0.000000000000000000 ) ) ;
#697 = ORIENTED_EDGE ( 'NONE', *, *, #198, .F. ) ;
#698 = CARTESIAN_POINT ( 'NONE',  ( 0.000000000000000000, 6.000000000000000000, 37.00000000000000000 ) ) ;
#699 = EDGE_CURVE ( 'NONE', #1299, #724, #41, .T. ) ;
#700 = CARTESIAN_POINT ( 'NONE',  ( -52.49999999999999289, 6.000000000000000000, -15.00000000000000711 ) ) ;
#701 = CARTESIAN_POINT ( 'NONE',  ( 52.49999999999999289, 0.000000000000000000, 44.99999999999999289 ) ) ;
#702 = ORIENTED_EDGE ( 'NONE', *, *, #391, .T. ) ;
#703 = CYLINDRICAL_SURFACE ( 'NONE', #1384, 1.549999999999995826 ) ;
#704 = CARTESIAN_POINT ( 'NONE',  ( -52.49999999999999289, 6.000000000000000000, 41.94999999999999574 ) ) ;
#705 = DIRECTION ( 'NONE',  ( 0.000000000000000000, 0.000000000000000000, 1.000000000000000000 ) ) ;
#706 = DIRECTION ( 'NONE',  ( -0.000000000000000000, 1.000000000000000000, -0.000000000000000000 ) ) ;
#707 = CARTESIAN_POINT ( 'NONE',  ( 1.898202538678395980E-16, 6.000000000000000000, -38.54999999999999716 ) ) ;
#708 = EDGE_CURVE ( 'NONE', #969, #646, #358, .T. ) ;
#709 = ORIENTED_EDGE ( 'NONE', *, *, #168, .T. ) ;
#710 = VECTOR ( 'NONE', #1456, 1000.000000000000000 ) ;
#711 = FILL_AREA_STYLE_COLOUR ( '', #717 ) ;
#712 = DIRECTION ( 'NONE',  ( 0.000000000000000000, 0.000000000000000000, 1.000000000000000000 ) ) ;
#713 = LINE ( 'NONE', #1275, #1439 ) ;
#714 = ORIENTED_EDGE ( 'NONE', *, *, #609, .F. ) ;
#715 = FACE_BOUND ( 'NONE', #593, .T. ) ;
#716 = VECTOR ( 'NONE', #16, 1000.000000000000000 ) ;
#717 = COLOUR_RGB ( '',0.7529411764705882248, 0.7529411764705882248, 0.7529411764705882248 ) ;
#718 = ORIENTED_EDGE ( 'NONE', *, *, #1116, .F. ) ;
#719 = VECTOR ( 'NONE', #1114, 1000.000000000000000 ) ;
#720 = EDGE_CURVE ( 'NONE', #1460, #494, #1158, .T. ) ;
#721 = CARTESIAN_POINT ( 'NONE',  ( -60.00000000000001421, 6.000000000000000000, -55.00000000000000711 ) ) ;
#722 = CYLINDRICAL_SURFACE ( 'NONE', #1179, 1.549999999999999378 ) ;
#723 = CARTESIAN_POINT ( 'NONE',  ( -37.00000000000000000, 6.000000000000000000, 1.291848095371959215E-13 ) ) ;
#724 = VERTEX_POINT ( 'NONE', #217 ) ;
#725 = FACE_BOUND ( 'NONE', #1027, .T. ) ;
#726 = VERTEX_POINT ( 'NONE', #634 ) ;
#727 = ORIENTED_EDGE ( 'NONE', *, *, #1495, .F. ) ;
#728 = ADVANCED_FACE ( 'NONE', ( #1585 ), #1691, .F. ) ;
#729 = CARTESIAN_POINT ( 'NONE',  ( -18.50000000000003553, 6.000000000000000000, -30.49293994002420405 ) ) ;
#730 = FACE_BOUND ( 'NONE', #954, .T. ) ;
#731 = CARTESIAN_POINT ( 'NONE',  ( -52.49999999999999289, 0.000000000000000000, -45.00000000000000711 ) ) ;
#732 = ORIENTED_EDGE ( 'NONE', *, *, #1366, .T. ) ;
#733 = VERTEX_POINT ( 'NONE', #898 ) ;
#734 = PRESENTATION_STYLE_ASSIGNMENT (( #326 ) ) ;
#735 = CARTESIAN_POINT ( 'NONE',  ( 0.000000000000000000, 0.000000000000000000, 33.50000000000000000 ) ) ;
#736 = AXIS2_PLACEMENT_3D ( 'NONE', #220, #1683, #484 ) ;
#737 = EDGE_CURVE ( 'NONE', #1224, #912, #437, .T. ) ;
#738 = FACE_OUTER_BOUND ( 'NONE', #1018, .T. ) ;
#739 = CARTESIAN_POINT ( 'NONE',  ( 0.000000000000000000, 0.000000000000000000, 38.54999999999999716 ) ) ;
#740 = AXIS2_PLACEMENT_3D ( 'NONE', #1623, #421, #841 ) ;
#741 = ORIENTED_EDGE ( 'NONE', *, *, #1045, .T. ) ;
#742 = ORIENTED_EDGE ( 'NONE', *, *, #198, .T. ) ;
#743 = AXIS2_PLACEMENT_3D ( 'NONE', #721, #1004, #985 ) ;
#744 = CARTESIAN_POINT ( 'NONE',  ( 52.49999999999999289, 6.000000000000000000, 44.99999999999999289 ) ) ;
#745 = CYLINDRICAL_SURFACE ( 'NONE', #692, 1.549999999999999378 ) ;
#746 = ORIENTED_EDGE ( 'NONE', *, *, #1513, .T. ) ;
#747 = CARTESIAN_POINT ( 'NONE',  ( 52.49999999999999289, 6.000000000000000000, -18.05000000000000426 ) ) ;
#748 = EDGE_CURVE ( 'NONE', #785, #585, #633, .T. ) ;
#749 = DIRECTION ( 'NONE',  ( -0.000000000000000000, 1.000000000000000000, -0.000000000000000000 ) ) ;
#750 = CYLINDRICAL_SURFACE ( 'NONE', #1239, 3.049999999999997158 ) ;
#751 = ORIENTED_EDGE ( 'NONE', *, *, #854, .T. ) ;
#752 = VERTEX_POINT ( 'NONE', #1023 ) ;
#753 = LINE ( 'NONE', #890, #1317 ) ;
#754 = DIRECTION ( 'NONE',  ( 0.000000000000000000, 0.000000000000000000, 1.000000000000000000 ) ) ;
#755 = ORIENTED_EDGE ( 'NONE', *, *, #1441, .F. ) ;
#756 = CARTESIAN_POINT ( 'NONE',  ( -60.00000000000001421, 6.000000000000000000, -55.00000000000000711 ) ) ;
#757 = DIRECTION ( 'NONE',  ( 0.000000000000000000, 0.000000000000000000, 1.000000000000000000 ) ) ;
#758 = ORIENTED_EDGE ( 'NONE', *, *, #1711, .F. ) ;
#759 = EDGE_CURVE ( 'NONE', #333, #672, #1723, .T. ) ;
#760 = EDGE_LOOP ( 'NONE', ( #1107, #355 ) ) ;
#761 = ADVANCED_FACE ( 'NONE', ( #1559 ), #384, .F. ) ;
#762 = DIRECTION ( 'NONE',  ( -0.000000000000000000, 1.000000000000000000, -0.000000000000000000 ) ) ;
#763 = DIRECTION ( 'NONE',  ( -0.000000000000000000, 1.000000000000000000, -0.000000000000000000 ) ) ;
#764 = EDGE_LOOP ( 'NONE', ( #543, #1596 ) ) ;
#765 = AXIS2_PLACEMENT_3D ( 'NONE', #701, #1106, #1227 ) ;
#766 = CYLINDRICAL_SURFACE ( 'NONE', #1664, 3.049999999999997158 ) ;
#767 = CIRCLE ( 'NONE', #1377, 3.049999999999997158 ) ;
#768 = ORIENTED_EDGE ( 'NONE', *, *, #542, .T. ) ;
#769 = ORIENTED_EDGE ( 'NONE', *, *, #27, .F. ) ;
#770 = DIRECTION ( 'NONE',  ( -0.000000000000000000, 1.000000000000000000, -0.000000000000000000 ) ) ;
#771 = AXIS2_PLACEMENT_3D ( 'NONE', #32, #679, #420 ) ;
#772 = EDGE_CURVE ( 'NONE', #461, #1427, #375, .T. ) ;
#773 = CIRCLE ( 'NONE', #519, 1.549999999999995826 ) ;
#774 = DIRECTION ( 'NONE',  ( -0.000000000000000000, 1.000000000000000000, -0.000000000000000000 ) ) ;
#775 = CIRCLE ( 'NONE', #97, 1.549999999999995826 ) ;
#776 = EDGE_LOOP ( 'NONE', ( #1263, #1138, #1174, #129 ) ) ;
#777 = DIRECTION ( 'NONE',  ( 0.000000000000000000, 0.000000000000000000, 1.000000000000000000 ) ) ;
#778 = EDGE_LOOP ( 'NONE', ( #1386, #1173, #214, #352 ) ) ;
#779 = DIRECTION ( 'NONE',  ( -0.000000000000000000, 1.000000000000000000, -0.000000000000000000 ) ) ;
#780 = ADVANCED_FACE ( 'NONE', ( #244 ), #621, .F. ) ;
#781 = DIRECTION ( 'NONE',  ( 0.000000000000000000, 0.000000000000000000, 1.000000000000000000 ) ) ;
#782 = ORIENTED_EDGE ( 'NONE', *, *, #521, .T. ) ;
#783 = CARTESIAN_POINT ( 'NONE',  ( 52.49999999999999289, 6.000000000000000000, 44.99999999999999289 ) ) ;
#784 = EDGE_LOOP ( 'NONE', ( #1154, #1198 ) ) ;
#785 = VERTEX_POINT ( 'NONE', #1316 ) ;
#786 = CARTESIAN_POINT ( 'NONE',  ( -52.49999999999999289, 6.000000000000000000, -45.00000000000000711 ) ) ;
#787 = DIRECTION ( 'NONE',  ( -0.000000000000000000, 1.000000000000000000, -0.000000000000000000 ) ) ;
#788 = EDGE_LOOP ( 'NONE', ( #211, #34, #3, #331 ) ) ;
#789 = CARTESIAN_POINT ( 'NONE',  ( 32.04293994002439661, 0.000000000000000000, 18.49999999999970157 ) ) ;
#790 = EDGE_CURVE ( 'NONE', #1594, #195, #909, .T. ) ;
#791 = AXIS2_PLACEMENT_3D ( 'NONE', #1160, #762, #268 ) ;
#792 = VERTEX_POINT ( 'NONE', #1680 ) ;
#793 = PRODUCT_DEFINITION_FORMATION_WITH_SPECIFIED_SOURCE ( 'ANY', '', #1168, .NOT_KNOWN. ) ;
#794 = ORIENTED_EDGE ( 'NONE', *, *, #303, .T. ) ;
#795 = VECTOR ( 'NONE', #1277, 1000.000000000000000 ) ;
#796 = DIRECTION ( 'NONE',  ( -0.000000000000000000, 1.000000000000000000, -0.000000000000000000 ) ) ;
#797 = DIRECTION ( 'NONE',  ( -0.000000000000000000, 1.000000000000000000, -0.000000000000000000 ) ) ;
#798 = ORIENTED_EDGE ( 'NONE', *, *, #1268, .T. ) ;
#799 = CARTESIAN_POINT ( 'NONE',  ( -52.49999999999999289, 0.000000000000000000, 48.04999999999999005 ) ) ;
#800 = AXIS2_PLACEMENT_3D ( 'NONE', #281, #925, #1494 ) ;
#801 = ORIENTED_EDGE ( 'NONE', *, *, #1321, .T. ) ;
#802 = DIRECTION ( 'NONE',  ( 0.000000000000000000, 0.000000000000000000, 1.000000000000000000 ) ) ;
#803 = ADVANCED_FACE ( 'NONE', ( #480 ), #1013, .F. ) ;
#804 = EDGE_LOOP ( 'NONE', ( #62, #769 ) ) ;
#805 = FACE_BOUND ( 'NONE', #1204, .T. ) ;
#806 = DIRECTION ( 'NONE',  ( -0.000000000000000000, 1.000000000000000000, -0.000000000000000000 ) ) ;
#807 = ORIENTED_EDGE ( 'NONE', *, *, #1033, .T. ) ;
#808 = DIRECTION ( 'NONE',  ( 1.261617073437677999E-16, 0.000000000000000000, 1.000000000000000000 ) ) ;
#809 = CYLINDRICAL_SURFACE ( 'NONE', #1323, 3.049999999999997158 ) ;
#810 = CARTESIAN_POINT ( 'NONE',  ( 52.49999999999999289, 6.000000000000000000, 14.99999999999999289 ) ) ;
#811 = ADVANCED_FACE ( 'NONE', ( #882 ), #83, .F. ) ;
#812 = EDGE_CURVE ( 'NONE', #1200, #1476, #1130, .T. ) ;
#813 = FACE_OUTER_BOUND ( 'NONE', #532, .T. ) ;
#814 = DIRECTION ( 'NONE',  ( -0.000000000000000000, 1.000000000000000000, -0.000000000000000000 ) ) ;
#815 = EDGE_LOOP ( 'NONE', ( #1535, #401, #751, #1159 ) ) ;
#816 = DIRECTION ( 'NONE',  ( 0.000000000000000000, 0.000000000000000000, 1.000000000000000000 ) ) ;
#817 = DIRECTION ( 'NONE',  ( -0.000000000000000000, 1.000000000000000000, -0.000000000000000000 ) ) ;
#818 = CYLINDRICAL_SURFACE ( 'NONE', #482, 33.50000000000000000 ) ;
#819 = EDGE_LOOP ( 'NONE', ( #1413, #1705, #1157, #1651 ) ) ;
#820 = AXIS2_PLACEMENT_3D ( 'NONE', #167, #575, #1645 ) ;
#821 = CIRCLE ( 'NONE', #625, 1.550000000000002709 ) ;
#822 = CARTESIAN_POINT ( 'NONE',  ( -60.00000000000000000, 6.000000000000000000, 54.99999999999999289 ) ) ;
#823 = ADVANCED_FACE ( 'NONE', ( #813 ), #21, .F. ) ;
#824 = PRODUCT_DEFINITION_SHAPE ( 'NONE', 'NONE',  #971 ) ;
#825 = FACE_OUTER_BOUND ( 'NONE', #292, .T. ) ;
#826 = VECTOR ( 'NONE', #1435, 1000.000000000000000 ) ;
#827 = ORIENTED_EDGE ( 'NONE', *, *, #588, .T. ) ;
#828 = CARTESIAN_POINT ( 'NONE',  ( -18.49999999999981171, 6.000000000000000000, 33.59293994002433692 ) ) ;
#829 = CIRCLE ( 'NONE', #1463, 3.049999999999997158 ) ;
#830 = CARTESIAN_POINT ( 'NONE',  ( 37.00000000000000000, 6.000000000000000000, -1.550000000000390177 ) ) ;
#831 = DIRECTION ( 'NONE',  ( -0.000000000000000000, 1.000000000000000000, -0.000000000000000000 ) ) ;
#832 = EDGE_LOOP ( 'NONE', ( #1694, #794 ) ) ;
#833 = FACE_OUTER_BOUND ( 'NONE', #1735, .T. ) ;
#834 = DIRECTION ( 'NONE',  ( -0.000000000000000000, 1.000000000000000000, -0.000000000000000000 ) ) ;
#835 = EDGE_CURVE ( 'NONE', #517, #566, #1467, .T. ) ;
#836 = DIRECTION ( 'NONE',  ( 0.000000000000000000, 0.000000000000000000, 1.000000000000000000 ) ) ;
#837 = FACE_OUTER_BOUND ( 'NONE', #388, .T. ) ;
#838 = DIRECTION ( 'NONE',  ( 0.000000000000000000, 0.000000000000000000, 1.000000000000000000 ) ) ;
#839 = CARTESIAN_POINT ( 'NONE',  ( -37.00000000000000000, 6.000000000000000000, 1.291848095371959215E-13 ) ) ;
#840 = CARTESIAN_POINT ( 'NONE',  ( 32.04293994002439661, 6.000000000000000000, 18.49999999999970157 ) ) ;
#841 = DIRECTION ( 'NONE',  ( 0.000000000000000000, 0.000000000000000000, 1.000000000000000000 ) ) ;
#842 = EDGE_CURVE ( 'NONE', #395, #1450, #773, .T. ) ;
#843 = ORIENTED_EDGE ( 'NONE', *, *, #1238, .T. ) ;
#844 = CIRCLE ( 'NONE', #900, 1.549999999999999378 ) ;
#845 = DIRECTION ( 'NONE',  ( 0.000000000000000000, 0.000000000000000000, 1.000000000000000000 ) ) ;
#846 = CARTESIAN_POINT ( 'NONE',  ( -52.49999999999999289, 6.000000000000000000, 18.04999999999999005 ) ) ;
#847 = FACE_OUTER_BOUND ( 'NONE', #322, .T. ) ;
#848 = CIRCLE ( 'NONE', #400, 1.549999999999999378 ) ;
#849 = CARTESIAN_POINT ( 'NONE',  ( -52.49999999999999289, 0.000000000000000000, -15.00000000000000711 ) ) ;
#850 = VECTOR ( 'NONE', #4, 1000.000000000000000 ) ;
#851 = CIRCLE ( 'NONE', #299, 3.049999999999997158 ) ;
#852 = DIRECTION ( 'NONE',  ( 0.000000000000000000, 0.000000000000000000, 1.000000000000000000 ) ) ;
#853 = EDGE_LOOP ( 'NONE', ( #1295, #827, #29, #1189 ) ) ;
#854 = EDGE_CURVE ( 'NONE', #195, #1376, #259, .T. ) ;
#855 = AXIS2_PLACEMENT_3D ( 'NONE', #307, #1503, #1662 ) ;
#856 = VERTEX_POINT ( 'NONE', #155 ) ;
#857 = CARTESIAN_POINT ( 'NONE',  ( 18.50000000000026290, 6.000000000000000000, 33.59293994002407402 ) ) ;
#858 = DIRECTION ( 'NONE',  ( -0.000000000000000000, 1.000000000000000000, -0.000000000000000000 ) ) ;
#859 = DIRECTION ( 'NONE',  ( 0.000000000000000000, 0.000000000000000000, 1.000000000000000000 ) ) ;
#860 = DIRECTION ( 'NONE',  ( -0.000000000000000000, 1.000000000000000000, -0.000000000000000000 ) ) ;
#861 = EDGE_LOOP ( 'NONE', ( #1009, #75, #1446, #306 ) ) ;
#862 = EDGE_CURVE ( 'NONE', #654, #726, #880, .T. ) ;
#863 = ORIENTED_EDGE ( 'NONE', *, *, #1614, .T. ) ;
#864 = CARTESIAN_POINT ( 'NONE',  ( 32.04293994002401291, 0.000000000000000000, -18.50000000000037303 ) ) ;
#865 = ADVANCED_FACE ( 'NONE', ( #273 ), #1187, .F. ) ;
#866 = FACE_OUTER_BOUND ( 'NONE', #242, .T. ) ;
#867 = FACE_BOUND ( 'NONE', #1457, .T. ) ;
#868 = DIRECTION ( 'NONE',  ( -0.000000000000000000, 1.000000000000000000, -0.000000000000000000 ) ) ;
#869 = ORIENTED_EDGE ( 'NONE', *, *, #1311, .F. ) ;
#870 = EDGE_LOOP ( 'NONE', ( #958, #87 ) ) ;
#871 = DIRECTION ( 'NONE',  ( 0.000000000000000000, 0.000000000000000000, 1.000000000000000000 ) ) ;
#872 = CIRCLE ( 'NONE', #959, 1.549999999999995826 ) ;
#873 = FACE_OUTER_BOUND ( 'NONE', #1255, .T. ) ;
#874 = EDGE_CURVE ( 'NONE', #158, #497, #560, .T. ) ;
#875 = VECTOR ( 'NONE', #418, 1000.000000000000000 ) ;
#876 = FACE_BOUND ( 'NONE', #764, .T. ) ;
#877 = DIRECTION ( 'NONE',  ( 0.000000000000000000, 0.000000000000000000, 1.000000000000000000 ) ) ;
#878 = EDGE_LOOP ( 'NONE', ( #697, #103 ) ) ;
#879 = ORIENTED_EDGE ( 'NONE', *, *, #1366, .F. ) ;
#880 = CIRCLE ( 'NONE', #11, 3.049999999999997158 ) ;
#881 = DIRECTION ( 'NONE',  ( 0.000000000000000000, 0.000000000000000000, 1.000000000000000000 ) ) ;
#882 = FACE_OUTER_BOUND ( 'NONE', #496, .T. ) ;
#883 = EDGE_CURVE ( 'NONE', #1476, #1200, #1047, .T. ) ;
#884 = ORIENTED_EDGE ( 'NONE', *, *, #112, .T. ) ;
#885 = DIRECTION ( 'NONE',  ( 0.000000000000000000, 0.000000000000000000, 1.000000000000000000 ) ) ;
#886 = ADVANCED_FACE ( 'NONE', ( #390, #1610, #1091, #398, #1334, #409, #13, #1627, #417, #1055, #1454, #426, #805, #1213, #1353, #1326, #961, #529, #1740, #551, #1061, #833 ), #1083, .F. ) ;
#887 = DIRECTION ( 'NONE',  ( 0.000000000000000000, 0.000000000000000000, 1.000000000000000000 ) ) ;
#888 = ORIENTED_EDGE ( 'NONE', *, *, #157, .F. ) ;
#889 = ORIENTED_EDGE ( 'NONE', *, *, #1549, .F. ) ;
#890 = CARTESIAN_POINT ( 'NONE',  ( -52.49999999999999289, 6.000000000000000000, 41.94999999999999574 ) ) ;
#891 = CARTESIAN_POINT ( 'NONE',  ( -52.49999999999999289, 6.000000000000000000, 11.94999999999999574 ) ) ;
#892 = ORIENTED_EDGE ( 'NONE', *, *, #940, .F. ) ;
#893 = CARTESIAN_POINT ( 'NONE',  ( 59.99999999999998579, 6.000000000000000000, -55.00000000000000711 ) ) ;
#894 = ORIENTED_EDGE ( 'NONE', *, *, #269, .F. ) ;
#895 = EDGE_CURVE ( 'NONE', #1336, #1551, #659, .T. ) ;
#896 = ORIENTED_EDGE ( 'NONE', *, *, #651, .T. ) ;
#897 = CARTESIAN_POINT ( 'NONE',  ( 0.000000000000000000, 6.000000000000000000, -37.00000000000000000 ) ) ;
#898 = CARTESIAN_POINT ( 'NONE',  ( -18.49999999999981171, 0.000000000000000000, 33.59293994002433692 ) ) ;
#899 = ORIENTED_EDGE ( 'NONE', *, *, #632, .F. ) ;
#900 = AXIS2_PLACEMENT_3D ( 'NONE', #1318, #399, #246 ) ;
#901 = DIRECTION ( 'NONE',  ( -0.000000000000000000, 1.000000000000000000, -0.000000000000000000 ) ) ;
#902 = AXIS2_PLACEMENT_3D ( 'NONE', #1146, #201, #852 ) ;
#903 = ORIENTED_EDGE ( 'NONE', *, *, #1358, .F. ) ;
#904 = CIRCLE ( 'NONE', #151, 3.049999999999997158 ) ;
#905 = ADVANCED_FACE ( 'NONE', ( #1619 ), #1537, .F. ) ;
#906 = VERTEX_POINT ( 'NONE', #189 ) ;
#907 = CARTESIAN_POINT ( 'NONE',  ( 18.50000000000026290, 6.000000000000000000, 30.49293994002407970 ) ) ;
#908 = VECTOR ( 'NONE', #1418, 1000.000000000000000 ) ;
#909 = CIRCLE ( 'NONE', #351, 1.549999999999995826 ) ;
#910 = DIRECTION ( 'NONE',  ( -0.000000000000000000, 1.000000000000000000, -0.000000000000000000 ) ) ;
#911 = DIRECTION ( 'NONE',  ( 0.000000000000000000, 0.000000000000000000, 1.000000000000000000 ) ) ;
#912 = VERTEX_POINT ( 'NONE', #163 ) ;
#913 = DIRECTION ( 'NONE',  ( 0.000000000000000000, 0.000000000000000000, 1.000000000000000000 ) ) ;
#914 = PRODUCT_CONTEXT ( 'NONE', #1649, 'mechanical' ) ;
#915 = ORIENTED_EDGE ( 'NONE', *, *, #579, .T. ) ;
#916 = EDGE_LOOP ( 'NONE', ( #1444, #378 ) ) ;
#917 = CARTESIAN_POINT ( 'NONE',  ( 18.50000000000026290, 6.000000000000000000, 32.04293994002407686 ) ) ;
#918 = EDGE_CURVE ( 'NONE', #1464, #1551, #851, .T. ) ;
#919 = LINE ( 'NONE', #137, #172 ) ;
#920 = ORIENTED_EDGE ( 'NONE', *, *, #812, .T. ) ;
#921 = MANIFOLD_SOLID_BREP ( 'Mirror1', #1043 ) ;
#922 = DIRECTION ( 'NONE',  ( 0.000000000000000000, 0.000000000000000000, 1.000000000000000000 ) ) ;
#923 = ORIENTED_EDGE ( 'NONE', *, *, #1711, .T. ) ;
#924 = ORIENTED_EDGE ( 'NONE', *, *, #918, .T. ) ;
#925 = DIRECTION ( 'NONE',  ( -0.000000000000000000, 1.000000000000000000, -0.000000000000000000 ) ) ;
#926 = CARTESIAN_POINT ( 'NONE',  ( 0.000000000000000000, 0.000000000000000000, 37.00000000000000000 ) ) ;
#927 = EDGE_CURVE ( 'NONE', #1376, #1698, #96, .T. ) ;
#928 = EDGE_LOOP ( 'NONE', ( #419, #1561, #389, #1003 ) ) ;
#929 = DIRECTION ( 'NONE',  ( 0.000000000000000000, 1.000000000000000000, 0.000000000000000000 ) ) ;
#930 = AXIS2_PLACEMENT_3D ( 'NONE', #1449, #274, #911 ) ;
#931 = ORIENTED_EDGE ( 'NONE', *, *, #1495, .T. ) ;
#932 = AXIS2_PLACEMENT_3D ( 'NONE', #1100, #181, #1653 ) ;
#933 = ORIENTED_EDGE ( 'NONE', *, *, #187, .F. ) ;
#934 = CIRCLE ( 'NONE', #264, 33.50000000000000000 ) ;
#935 = DIRECTION ( 'NONE',  ( 0.000000000000000000, 0.000000000000000000, 1.000000000000000000 ) ) ;
#936 = DIRECTION ( 'NONE',  ( -0.000000000000000000, 1.000000000000000000, -0.000000000000000000 ) ) ;
#937 = ORIENTED_EDGE ( 'NONE', *, *, #1741, .T. ) ;
#938 = LINE ( 'NONE', #149, #545 ) ;
#939 = CIRCLE ( 'NONE', #636, 1.549999999999999378 ) ;
#940 = EDGE_CURVE ( 'NONE', #1450, #752, #1522, .T. ) ;
#941 = FACE_BOUND ( 'NONE', #1230, .T. ) ;
#942 = DIRECTION ( 'NONE',  ( 0.000000000000000000, 0.000000000000000000, 1.000000000000000000 ) ) ;
#943 = ADVANCED_FACE ( 'NONE', ( #339 ), #703, .F. ) ;
#944 = DIRECTION ( 'NONE',  ( 0.000000000000000000, -0.000000000000000000, 1.000000000000000000 ) ) ;
#945 = FACE_OUTER_BOUND ( 'NONE', #38, .T. ) ;
#946 = ORIENTED_EDGE ( 'NONE', *, *, #17, .T. ) ;
#947 = DIRECTION ( 'NONE',  ( 1.261617073437677999E-16, 0.000000000000000000, 1.000000000000000000 ) ) ;
#948 = CARTESIAN_POINT ( 'NONE',  ( -18.50000000000003553, 6.000000000000000000, -32.04293994002420476 ) ) ;
#949 = DIRECTION ( 'NONE',  ( 0.000000000000000000, 0.000000000000000000, 1.000000000000000000 ) ) ;
#950 = ORIENTED_EDGE ( 'NONE', *, *, #1741, .F. ) ;
#951 = EDGE_CURVE ( 'NONE', #969, #81, #1466, .T. ) ;
#952 = CARTESIAN_POINT ( 'NONE',  ( -52.49999999999999289, 6.000000000000000000, -15.00000000000000711 ) ) ;
#953 = CARTESIAN_POINT ( 'NONE',  ( 18.49999999999959144, 0.000000000000000000, -32.04293994002446766 ) ) ;
#954 = EDGE_LOOP ( 'NONE', ( #393, #1053 ) ) ;
#955 = DIRECTION ( 'NONE',  ( 0.000000000000000000, 1.000000000000000000, 0.000000000000000000 ) ) ;
#956 = FACE_OUTER_BOUND ( 'NONE', #1288, .T. ) ;
#957 = CARTESIAN_POINT ( 'NONE',  ( 0.000000000000000000, 6.000000000000000000, -37.00000000000000000 ) ) ;
#958 = ORIENTED_EDGE ( 'NONE', *, *, #918, .F. ) ;
#959 = AXIS2_PLACEMENT_3D ( 'NONE', #385, #1576, #524 ) ;
#960 = EDGE_CURVE ( 'NONE', #1612, #476, #775, .T. ) ;
#961 = FACE_BOUND ( 'NONE', #623, .T. ) ;
#962 = DIRECTION ( 'NONE',  ( 0.000000000000000000, 0.000000000000000000, 1.000000000000000000 ) ) ;
#963 = CIRCLE ( 'NONE', #1461, 3.049999999999997158 ) ;
#964 = CARTESIAN_POINT ( 'NONE',  ( 0.000000000000000000, 0.000000000000000000, 0.000000000000000000 ) ) ;
#965 = AXIS2_PLACEMENT_3D ( 'NONE', #840, #55, #1654 ) ;
#966 = VECTOR ( 'NONE', #1474, 1000.000000000000000 ) ;
#967 = DIRECTION ( 'NONE',  ( -0.000000000000000000, 1.000000000000000000, -0.000000000000000000 ) ) ;
#968 = CARTESIAN_POINT ( 'NONE',  ( 32.04293994002401291, 0.000000000000000000, -18.50000000000037303 ) ) ;
#969 = VERTEX_POINT ( 'NONE', #196 ) ;
#970 = LINE ( 'NONE', #1370, #1078 ) ;
#971 = PRODUCT_DEFINITION ( 'UNKNOWN', '', #793, #590 ) ;
#972 = FACE_OUTER_BOUND ( 'NONE', #525, .T. ) ;
#973 = LINE ( 'NONE', #197, #93 ) ;
#974 = EDGE_CURVE ( 'NONE', #1217, #470, #580, .T. ) ;
#975 = FACE_OUTER_BOUND ( 'NONE', #1344, .T. ) ;
#976 = ORIENTED_EDGE ( 'NONE', *, *, #340, .F. ) ;
#977 = CARTESIAN_POINT ( 'NONE',  ( -32.04293994002427581, 6.000000000000000000, -18.49999999999992539 ) ) ;
#978 = CARTESIAN_POINT ( 'NONE',  ( -60.00000000000001421, 6.000000000000000000, -55.00000000000000711 ) ) ;
#979 = DIRECTION ( 'NONE',  ( -0.000000000000000000, 1.000000000000000000, -0.000000000000000000 ) ) ;
#980 = EDGE_CURVE ( 'NONE', #162, #1113, #1134, .T. ) ;
#981 = VERTEX_POINT ( 'NONE', #1672 ) ;
#982 = FACE_BOUND ( 'NONE', #878, .T. ) ;
#983 = ORIENTED_EDGE ( 'NONE', *, *, #80, .F. ) ;
#984 = EDGE_LOOP ( 'NONE', ( #1408, #1556, #1545, #71 ) ) ;
#985 = DIRECTION ( 'NONE',  ( 1.000000000000000000, 0.000000000000000000, -0.000000000000000000 ) ) ;
#986 = CARTESIAN_POINT ( 'NONE',  ( -52.49999999999999289, 6.000000000000000000, -11.95000000000000995 ) ) ;
#987 = CARTESIAN_POINT ( 'NONE',  ( -32.04293994002414792, 6.000000000000000000, 20.05000000000014992 ) ) ;
#988 = ORIENTED_EDGE ( 'NONE', *, *, #1170, .F. ) ;
#989 = AXIS2_PLACEMENT_3D ( 'NONE', #698, #1345, #1477 ) ;
#990 = EDGE_CURVE ( 'NONE', #520, #444, #270, .T. ) ;
#991 = AXIS2_PLACEMENT_3D ( 'NONE', #1175, #1566, #225 ) ;
#992 = DIRECTION ( 'NONE',  ( 0.000000000000000000, 0.000000000000000000, 1.000000000000000000 ) ) ;
#993 = ORIENTED_EDGE ( 'NONE', *, *, #1473, .F. ) ;
#994 = EDGE_CURVE ( 'NONE', #733, #494, #1510, .T. ) ;
#995 = VECTOR ( 'NONE', #453, 1000.000000000000000 ) ;
#996 = ORIENTED_EDGE ( 'NONE', *, *, #635, .F. ) ;
#997 = CARTESIAN_POINT ( 'NONE',  ( 0.000000000000000000, 6.000000000000000000, 37.00000000000000000 ) ) ;
#998 = CARTESIAN_POINT ( 'NONE',  ( 60.00000000000000000, 6.000000000000000000, 54.99999999999999289 ) ) ;
#999 = DIRECTION ( 'NONE',  ( 0.000000000000000000, 0.000000000000000000, 1.000000000000000000 ) ) ;
#1000 = DIRECTION ( 'NONE',  ( -0.000000000000000000, 1.000000000000000000, -0.000000000000000000 ) ) ;
#1001 = ORIENTED_EDGE ( 'NONE', *, *, #737, .F. ) ;
#1002 = EDGE_CURVE ( 'NONE', #395, #1076, #970, .T. ) ;
#1003 = ORIENTED_EDGE ( 'NONE', *, *, #530, .F. ) ;
#1004 = DIRECTION ( 'NONE',  ( 0.000000000000000000, 0.000000000000000000, 1.000000000000000000 ) ) ;
#1005 = CARTESIAN_POINT ( 'NONE',  ( -18.50000000000003553, 0.000000000000000000, -32.04293994002420476 ) ) ;
#1006 = FACE_OUTER_BOUND ( 'NONE', #776, .T. ) ;
#1007 = DIRECTION ( 'NONE',  ( 0.000000000000000000, 0.000000000000000000, 1.000000000000000000 ) ) ;
#1008 = EDGE_LOOP ( 'NONE', ( #863, #1607 ) ) ;
#1009 = ORIENTED_EDGE ( 'NONE', *, *, #425, .F. ) ;
#1010 = DIRECTION ( 'NONE',  ( -0.000000000000000000, 1.000000000000000000, -0.000000000000000000 ) ) ;
#1011 = EDGE_CURVE ( 'NONE', #1031, #1429, #939, .T. ) ;
#1012 = VECTOR ( 'NONE', #152, 1000.000000000000000 ) ;
#1013 = CYLINDRICAL_SURFACE ( 'NONE', #1411, 1.549999999999999378 ) ;
#1014 = CIRCLE ( 'NONE', #932, 1.549999999999995826 ) ;
#1015 = ORIENTED_EDGE ( 'NONE', *, *, #1592, .T. ) ;
#1016 = CARTESIAN_POINT ( 'NONE',  ( 18.49999999999959144, 6.000000000000000000, -32.04293994002446766 ) ) ;
#1017 = LINE ( 'NONE', #86, #1575 ) ;
#1018 = EDGE_LOOP ( 'NONE', ( #1314, #976, #89, #746 ) ) ;
#1019 = AXIS2_PLACEMENT_3D ( 'NONE', #1111, #1648, #1266 ) ;
#1020 = VERTEX_POINT ( 'NONE', #1565 ) ;
#1021 = VECTOR ( 'NONE', #1309, 1000.000000000000000 ) ;
#1022 = DIRECTION ( 'NONE',  ( 0.000000000000000000, 0.000000000000000000, 1.000000000000000000 ) ) ;
#1023 = CARTESIAN_POINT ( 'NONE',  ( 18.50000000000026290, 6.000000000000000000, 33.59293994002407402 ) ) ;
#1024 = EDGE_CURVE ( 'NONE', #517, #657, #407, .T. ) ;
#1025 = ORIENTED_EDGE ( 'NONE', *, *, #383, .F. ) ;
#1026 = DIRECTION ( 'NONE',  ( -1.261617073437677999E-16, 0.000000000000000000, -1.000000000000000000 ) ) ;
#1027 = EDGE_LOOP ( 'NONE', ( #1499, #1308 ) ) ;
#1028 = ORIENTED_EDGE ( 'NONE', *, *, #1268, .F. ) ;
#1029 = DIRECTION ( 'NONE',  ( -0.000000000000000000, 1.000000000000000000, -0.000000000000000000 ) ) ;
#1030 = CARTESIAN_POINT ( 'NONE',  ( 18.49999999999959144, 6.000000000000000000, -33.59293994002446482 ) ) ;
#1031 = VERTEX_POINT ( 'NONE', #100 ) ;
#1032 = FACE_OUTER_BOUND ( 'NONE', #223, .T. ) ;
#1033 = EDGE_CURVE ( 'NONE', #94, #856, #1572, .T. ) ;
#1034 = VERTEX_POINT ( 'NONE', #132 ) ;
#1035 = ORIENTED_EDGE ( 'NONE', *, *, #1118, .F. ) ;
#1036 = DIRECTION ( 'NONE',  ( 0.000000000000000000, 0.000000000000000000, 1.000000000000000000 ) ) ;
#1037 = DIRECTION ( 'NONE',  ( 0.000000000000000000, 0.000000000000000000, 1.000000000000000000 ) ) ;
#1038 = CARTESIAN_POINT ( 'NONE',  ( -52.49999999999999289, 6.000000000000000000, -11.95000000000000995 ) ) ;
#1039 = VERTEX_POINT ( 'NONE', #374 ) ;
#1040 = DIRECTION ( 'NONE',  ( -0.000000000000000000, 1.000000000000000000, -0.000000000000000000 ) ) ;
#1041 = AXIS2_PLACEMENT_3D ( 'NONE', #1287, #1555, #626 ) ;
#1042 = ORIENTED_EDGE ( 'NONE', *, *, #1341, .F. ) ;
#1043 = CLOSED_SHELL ( 'NONE', ( #1626, #265, #56, #1655, #1638, #811, #1419, #1387, #5, #761, #618, #555, #780, #943, #1448, #1258, #803, #1302, #91, #1725, #1570, #503, #905, #332, #1129, #108, #886, #1192, #1250, #471, #1516, #596, #1459, #1407, #54, #865, #124, #1216, #459, #728, #823, #1692, #1248, #1375, #102, #361, #667, #1428 ) ) ;
#1044 = ORIENTED_EDGE ( 'NONE', *, *, #748, .T. ) ;
#1045 = EDGE_CURVE ( 'NONE', #134, #1422, #364, .T. ) ;
#1046 = AXIS2_PLACEMENT_3D ( 'NONE', #671, #139, #808 ) ;
#1047 = CIRCLE ( 'NONE', #800, 3.049999999999997158 ) ;
#1048 = DIRECTION ( 'NONE',  ( -0.000000000000000000, 1.000000000000000000, -0.000000000000000000 ) ) ;
#1049 = LINE ( 'NONE', #1176, #1631 ) ;
#1050 = ORIENTED_EDGE ( 'NONE', *, *, #1066, .F. ) ;
#1051 = DIRECTION ( 'NONE',  ( 0.000000000000000000, 0.000000000000000000, 1.000000000000000000 ) ) ;
#1052 = ORIENTED_EDGE ( 'NONE', *, *, #1170, .T. ) ;
#1053 = ORIENTED_EDGE ( 'NONE', *, *, #1304, .F. ) ;
#1054 = EDGE_CURVE ( 'NONE', #1336, #202, #1609, .T. ) ;
#1055 = FACE_BOUND ( 'NONE', #1717, .T. ) ;
#1056 = CYLINDRICAL_SURFACE ( 'NONE', #655, 1.550000000000002709 ) ;
#1057 = ORIENTED_EDGE ( 'NONE', *, *, #373, .F. ) ;
#1058 = DIRECTION ( 'NONE',  ( -0.000000000000000000, 1.000000000000000000, -0.000000000000000000 ) ) ;
#1059 = VERTEX_POINT ( 'NONE', #498 ) ;
#1060 = ORIENTED_EDGE ( 'NONE', *, *, #1677, .T. ) ;
#1061 = FACE_BOUND ( 'NONE', #1722, .T. ) ;
#1062 = EDGE_CURVE ( 'NONE', #1698, #1376, #1300, .T. ) ;
#1063 = FACE_OUTER_BOUND ( 'NONE', #928, .T. ) ;
#1064 = EDGE_LOOP ( 'NONE', ( #120, #1028, #381, #186 ) ) ;
#1065 = CARTESIAN_POINT ( 'NONE',  ( 52.49999999999999289, 0.000000000000000000, -15.00000000000000711 ) ) ;
#1066 = EDGE_CURVE ( 'NONE', #470, #1113, #12, .T. ) ;
#1067 = AXIS2_PLACEMENT_3D ( 'NONE', #744, #1010, #1022 ) ;
#1068 = FACE_BOUND ( 'NONE', #1542, .T. ) ;
#1069 = CARTESIAN_POINT ( 'NONE',  ( -52.49999999999999289, 0.000000000000000000, 44.99999999999999289 ) ) ;
#1070 = CIRCLE ( 'NONE', #1602, 1.550000000000002709 ) ;
#1071 = ORIENTED_EDGE ( 'NONE', *, *, #144, .F. ) ;
#1072 = CIRCLE ( 'NONE', #176, 1.549999999999999378 ) ;
#1073 = DIRECTION ( 'NONE',  ( 0.000000000000000000, 1.000000000000000000, 0.000000000000000000 ) ) ;
#1074 = AXIS2_PLACEMENT_3D ( 'NONE', #42, #1646, #1640 ) ;
#1075 = CARTESIAN_POINT ( 'NONE',  ( 18.49999999999959144, 0.000000000000000000, -33.59293994002446482 ) ) ;
#1076 = VERTEX_POINT ( 'NONE', #907 ) ;
#1077 = DIRECTION ( 'NONE',  ( 0.000000000000000000, 0.000000000000000000, 1.000000000000000000 ) ) ;
#1078 = VECTOR ( 'NONE', #1108, 1000.000000000000000 ) ;
#1079 = EDGE_CURVE ( 'NONE', #657, #1557, #753, .T. ) ;
#1080 = DIRECTION ( 'NONE',  ( 0.000000000000000000, 0.000000000000000000, 1.000000000000000000 ) ) ;
#1081 = DIRECTION ( 'NONE',  ( 0.000000000000000000, 0.000000000000000000, 1.000000000000000000 ) ) ;
#1082 = VERTEX_POINT ( 'NONE', #1462 ) ;
#1083 = PLANE ( 'NONE',  #1186 ) ;
#1084 = DIRECTION ( 'NONE',  ( 0.000000000000000000, 0.000000000000000000, 1.000000000000000000 ) ) ;
#1085 = ORIENTED_EDGE ( 'NONE', *, *, #1079, .F. ) ;
#1086 = CYLINDRICAL_SURFACE ( 'NONE', #771, 1.549999999999995826 ) ;
#1087 = ORIENTED_EDGE ( 'NONE', *, *, #269, .T. ) ;
#1088 = FACE_OUTER_BOUND ( 'NONE', #1636, .T. ) ;
#1089 = EDGE_CURVE ( 'NONE', #1427, #15, #1455, .T. ) ;
#1090 = VERTEX_POINT ( 'NONE', #620 ) ;
#1091 = FACE_BOUND ( 'NONE', #916, .T. ) ;
#1092 = LINE ( 'NONE', #446, #1686 ) ;
#1093 = EDGE_LOOP ( 'NONE', ( #1057, #1050 ) ) ;
#1094 = DIRECTION ( 'NONE',  ( 0.000000000000000000, 0.000000000000000000, 1.000000000000000000 ) ) ;
#1095 = FACE_OUTER_BOUND ( 'NONE', #643, .T. ) ;
#1096 = DIRECTION ( 'NONE',  ( -0.000000000000000000, 1.000000000000000000, -0.000000000000000000 ) ) ;
#1097 = AXIS2_PLACEMENT_3D ( 'NONE', #1145, #1215, #440 ) ;
#1098 = EDGE_LOOP ( 'NONE', ( #1132, #113 ) ) ;
#1099 = EDGE_CURVE ( 'NONE', #792, #444, #1738, .T. ) ;
#1100 = CARTESIAN_POINT ( 'NONE',  ( 32.04293994002439661, 6.000000000000000000, 18.49999999999970157 ) ) ;
#1101 = AXIS2_PLACEMENT_3D ( 'NONE', #1632, #25, #431 ) ;
#1102 = FACE_OUTER_BOUND ( 'NONE', #1340, .T. ) ;
#1103 = VECTOR ( 'NONE', #858, 1000.000000000000000 ) ;
#1104 = VECTOR ( 'NONE', #910, 1000.000000000000000 ) ;
#1105 = CYLINDRICAL_SURFACE ( 'NONE', #1719, 1.549999999999999378 ) ;
#1106 = DIRECTION ( 'NONE',  ( -0.000000000000000000, 1.000000000000000000, -0.000000000000000000 ) ) ;
#1107 = ORIENTED_EDGE ( 'NONE', *, *, #883, .F. ) ;
#1108 = DIRECTION ( 'NONE',  ( -0.000000000000000000, 1.000000000000000000, -0.000000000000000000 ) ) ;
#1109 = EDGE_CURVE ( 'NONE', #1082, #461, #88, .T. ) ;
#1110 = DIRECTION ( 'NONE',  ( -0.000000000000000000, 1.000000000000000000, -0.000000000000000000 ) ) ;
#1111 = CARTESIAN_POINT ( 'NONE',  ( -18.50000000000003553, 6.000000000000000000, -32.04293994002420476 ) ) ;
#1112 = CARTESIAN_POINT ( 'NONE',  ( 32.04293994002401291, 6.000000000000000000, -18.50000000000037303 ) ) ;
#1113 = VERTEX_POINT ( 'NONE', #1274 ) ;
#1114 = DIRECTION ( 'NONE',  ( -0.000000000000000000, 1.000000000000000000, -0.000000000000000000 ) ) ;
#1115 = FACE_OUTER_BOUND ( 'NONE', #853, .T. ) ;
#1116 = EDGE_CURVE ( 'NONE', #657, #517, #1151, .T. ) ;
#1117 = DIRECTION ( 'NONE',  ( -0.000000000000000000, -1.000000000000000000, -0.000000000000000000 ) ) ;
#1118 = EDGE_CURVE ( 'NONE', #1090, #672, #673, .T. ) ;
#1119 = DIRECTION ( 'NONE',  ( 0.000000000000000000, 0.000000000000000000, 1.000000000000000000 ) ) ;
#1120 = CYLINDRICAL_SURFACE ( 'NONE', #232, 3.049999999999997158 ) ;
#1121 = ORIENTED_EDGE ( 'NONE', *, *, #759, .T. ) ;
#1122 = VERTEX_POINT ( 'NONE', #1167 ) ;
#1123 = DIRECTION ( 'NONE',  ( -0.000000000000000000, 1.000000000000000000, -0.000000000000000000 ) ) ;
#1124 = AXIS2_PLACEMENT_3D ( 'NONE', #1541, #345, #877 ) ;
#1125 = DIRECTION ( 'NONE',  ( -0.000000000000000000, 1.000000000000000000, -0.000000000000000000 ) ) ;
#1126 = AXIS2_PLACEMENT_3D ( 'NONE', #1127, #468, #999 ) ;
#1127 = CARTESIAN_POINT ( 'NONE',  ( -18.50000000000003553, 0.000000000000000000, -32.04293994002420476 ) ) ;
#1128 = AXIS2_PLACEMENT_3D ( 'NONE', #1710, #1040, #624 ) ;
#1129 = ADVANCED_FACE ( 'NONE', ( #1301 ), #1283, .F. ) ;
#1130 = CIRCLE ( 'NONE', #464, 3.049999999999997158 ) ;
#1131 = DIRECTION ( 'NONE',  ( 0.000000000000000000, 0.000000000000000000, 1.000000000000000000 ) ) ;
#1132 = ORIENTED_EDGE ( 'NONE', *, *, #1538, .F. ) ;
#1133 = ORIENTED_EDGE ( 'NONE', *, *, #479, .T. ) ;
#1134 = LINE ( 'NONE', #46, #719 ) ;
#1135 = CYLINDRICAL_SURFACE ( 'NONE', #965, 1.549999999999995826 ) ;
#1136 = DIRECTION ( 'NONE',  ( 0.000000000000000000, 1.000000000000000000, 0.000000000000000000 ) ) ;
#1137 = CARTESIAN_POINT ( 'NONE',  ( 32.04293994002401291, 0.000000000000000000, -20.05000000000037019 ) ) ;
#1138 = ORIENTED_EDGE ( 'NONE', *, *, #80, .T. ) ;
#1139 = EDGE_CURVE ( 'NONE', #649, #1567, #1543, .T. ) ;
#1140 = EDGE_LOOP ( 'NONE', ( #20, #1731 ) ) ;
#1141 = DIRECTION ( 'NONE',  ( -0.000000000000000000, 1.000000000000000000, -0.000000000000000000 ) ) ;
#1142 = DIRECTION ( 'NONE',  ( -0.000000000000000000, 1.000000000000000000, -0.000000000000000000 ) ) ;
#1143 = ORIENTED_EDGE ( 'NONE', *, *, #759, .F. ) ;
#1144 = DIRECTION ( 'NONE',  ( 0.000000000000000000, 0.000000000000000000, 1.000000000000000000 ) ) ;
#1145 = CARTESIAN_POINT ( 'NONE',  ( -52.49999999999999289, 6.000000000000000000, 44.99999999999999289 ) ) ;
#1146 = CARTESIAN_POINT ( 'NONE',  ( 52.49999999999999289, 6.000000000000000000, 44.99999999999999289 ) ) ;
#1147 = EDGE_LOOP ( 'NONE', ( #1478, #1369 ) ) ;
#1148 = VERTEX_POINT ( 'NONE', #1331 ) ;
#1149 = CARTESIAN_POINT ( 'NONE',  ( -52.49999999999999289, 0.000000000000000000, -15.00000000000000711 ) ) ;
#1150 = EDGE_CURVE ( 'NONE', #906, #1148, #1199, .T. ) ;
#1151 = CIRCLE ( 'NONE', #258, 3.049999999999997158 ) ;
#1152 = CARTESIAN_POINT ( 'NONE',  ( 52.49999999999999289, 6.000000000000000000, 14.99999999999999289 ) ) ;
#1153 = CIRCLE ( 'NONE', #1634, 1.549999999999999378 ) ;
#1154 = ORIENTED_EDGE ( 'NONE', *, *, #1024, .T. ) ;
#1155 = CARTESIAN_POINT ( 'NONE',  ( 0.000000000000000000, 6.000000000000000000, 0.000000000000000000 ) ) ;
#1156 =( LENGTH_UNIT ( ) NAMED_UNIT ( * ) SI_UNIT ( .MILLI., .METRE. ) );
#1157 = ORIENTED_EDGE ( 'NONE', *, *, #1150, .T. ) ;
#1158 = CIRCLE ( 'NONE', #1244, 1.550000000000002709 ) ;
#1159 = ORIENTED_EDGE ( 'NONE', *, *, #927, .T. ) ;
#1160 = CARTESIAN_POINT ( 'NONE',  ( -52.49999999999999289, 0.000000000000000000, 14.99999999999999289 ) ) ;
#1161 = CARTESIAN_POINT ( 'NONE',  ( 0.000000000000000000, 0.000000000000000000, -37.00000000000000000 ) ) ;
#1162 = EDGE_CURVE ( 'NONE', #1059, #585, #1558, .T. ) ;
#1163 = VERTEX_POINT ( 'NONE', #1679 ) ;
#1164 = DIRECTION ( 'NONE',  ( -0.000000000000000000, 1.000000000000000000, -0.000000000000000000 ) ) ;
#1165 = APPLICATION_CONTEXT ( 'automotive_design' ) ;
#1166 = ORIENTED_EDGE ( 'NONE', *, *, #1089, .T. ) ;
#1167 = CARTESIAN_POINT ( 'NONE',  ( -60.00000000000001421, 6.000000000000000000, -55.00000000000000711 ) ) ;
#1168 = PRODUCT ( 'YM080 Mount', 'YM080 Mount', '', ( #914 ) ) ;
#1169 = CARTESIAN_POINT ( 'NONE',  ( -18.49999999999981171, 6.000000000000000000, 32.04293994002433266 ) ) ;
#1170 = EDGE_CURVE ( 'NONE', #1034, #639, #478, .T. ) ;
#1171 = ORIENTED_EDGE ( 'NONE', *, *, #960, .T. ) ;
#1172 = CARTESIAN_POINT ( 'NONE',  ( 52.49999999999999289, 0.000000000000000000, 18.04999999999999005 ) ) ;
#1173 = ORIENTED_EDGE ( 'NONE', *, *, #1617, .F. ) ;
#1174 = ORIENTED_EDGE ( 'NONE', *, *, #1378, .T. ) ;
#1175 = CARTESIAN_POINT ( 'NONE',  ( 18.49999999999959144, 6.000000000000000000, -32.04293994002446766 ) ) ;
#1176 = CARTESIAN_POINT ( 'NONE',  ( -60.00000000000001421, 6.000000000000000000, -55.00000000000000711 ) ) ;
#1177 = ORIENTED_EDGE ( 'NONE', *, *, #320, .T. ) ;
#1178 = LINE ( 'NONE', #1562, #826 ) ;
#1179 = AXIS2_PLACEMENT_3D ( 'NONE', #301, #1355, #1504 ) ;
#1180 = CARTESIAN_POINT ( 'NONE',  ( 0.000000000000000000, 0.000000000000000000, 0.000000000000000000 ) ) ;
#1181 = ORIENTED_EDGE ( 'NONE', *, *, #369, .F. ) ;
#1182 = AXIS2_PLACEMENT_3D ( 'NONE', #166, #277, #680 ) ;
#1183 = EDGE_CURVE ( 'NONE', #1571, #792, #1431, .T. ) ;
#1184 = ORIENTED_EDGE ( 'NONE', *, *, #951, .F. ) ;
#1185 = CIRCLE ( 'NONE', #1410, 1.549999999999995826 ) ;
#1186 = AXIS2_PLACEMENT_3D ( 'NONE', #539, #1073, #944 ) ;
#1187 = CYLINDRICAL_SURFACE ( 'NONE', #1465, 1.549999999999995826 ) ;
#1188 = CARTESIAN_POINT ( 'NONE',  ( 52.49999999999999289, 6.000000000000000000, -45.00000000000000711 ) ) ;
#1189 = ORIENTED_EDGE ( 'NONE', *, *, #687, .F. ) ;
#1190 = CARTESIAN_POINT ( 'NONE',  ( 18.49999999999959144, 6.000000000000000000, -33.59293994002446482 ) ) ;
#1191 = ORIENTED_EDGE ( 'NONE', *, *, #1592, .F. ) ;
#1192 = ADVANCED_FACE ( 'NONE', ( #443 ), #818, .F. ) ;
#1193 = EDGE_LOOP ( 'NONE', ( #504, #1563, #1577, #477 ) ) ;
#1194 = DIRECTION ( 'NONE',  ( 0.000000000000000000, 0.000000000000000000, 1.000000000000000000 ) ) ;
#1195 = FACE_OUTER_BOUND ( 'NONE', #637, .T. ) ;
#1196 = ORIENTED_EDGE ( 'NONE', *, *, #500, .T. ) ;
#1197 = CARTESIAN_POINT ( 'NONE',  ( -37.00000000000000000, 6.000000000000000000, -1.549999999999873479 ) ) ;
#1198 = ORIENTED_EDGE ( 'NONE', *, *, #1116, .T. ) ;
#1199 = LINE ( 'NONE', #1403, #1657 ) ;
#1200 = VERTEX_POINT ( 'NONE', #694 ) ;
#1201 = DIRECTION ( 'NONE',  ( -0.000000000000000000, 1.000000000000000000, -0.000000000000000000 ) ) ;
#1202 = EDGE_CURVE ( 'NONE', #461, #1082, #537, .T. ) ;
#1203 = CARTESIAN_POINT ( 'NONE',  ( -18.49999999999981171, 6.000000000000000000, 32.04293994002433266 ) ) ;
#1204 = EDGE_LOOP ( 'NONE', ( #1319, #1373 ) ) ;
#1205 = CARTESIAN_POINT ( 'NONE',  ( 52.49999999999999289, 6.000000000000000000, -41.95000000000000995 ) ) ;
#1206 = AXIS2_PLACEMENT_3D ( 'NONE', #1149, #1688, #802 ) ;
#1207 = CARTESIAN_POINT ( 'NONE',  ( -52.49999999999999289, 6.000000000000000000, 18.04999999999999005 ) ) ;
#1208 = DIRECTION ( 'NONE',  ( -0.000000000000000000, 1.000000000000000000, -0.000000000000000000 ) ) ;
#1209 = VECTOR ( 'NONE', #1110, 1000.000000000000000 ) ;
#1210 = EDGE_LOOP ( 'NONE', ( #359, #243 ) ) ;
#1211 = AXIS2_PLACEMENT_3D ( 'NONE', #1347, #967, #6 ) ;
#1212 = AXIS2_PLACEMENT_3D ( 'NONE', #1486, #563, #1094 ) ;
#1213 = FACE_BOUND ( 'NONE', #52, .T. ) ;
#1214 = VECTOR ( 'NONE', #779, 1000.000000000000000 ) ;
#1215 = DIRECTION ( 'NONE',  ( -0.000000000000000000, 1.000000000000000000, -0.000000000000000000 ) ) ;
#1216 = ADVANCED_FACE ( 'NONE', ( #1633 ), #565, .F. ) ;
#1217 = VERTEX_POINT ( 'NONE', #1616 ) ;
#1218 = CARTESIAN_POINT ( 'NONE',  ( 52.49999999999999289, 0.000000000000000000, 44.99999999999999289 ) ) ;
#1219 = DIRECTION ( 'NONE',  ( -1.000000000000000000, -0.000000000000000000, -0.000000000000000000 ) ) ;
#1220 = DIRECTION ( 'NONE',  ( 0.000000000000000000, 0.000000000000000000, 1.000000000000000000 ) ) ;
#1221 = EDGE_LOOP ( 'NONE', ( #758, #294 ) ) ;
#1222 = CARTESIAN_POINT ( 'NONE',  ( 18.50000000000026290, 6.000000000000000000, 32.04293994002407686 ) ) ;
#1223 = CARTESIAN_POINT ( 'NONE',  ( -32.04293994002414792, 6.000000000000000000, 18.50000000000015277 ) ) ;
#1224 = VERTEX_POINT ( 'NONE', #1479 ) ;
#1225 = CYLINDRICAL_SURFACE ( 'NONE', #462, 1.549999999999999378 ) ;
#1226 = DIRECTION ( 'NONE',  ( 0.000000000000000000, 0.000000000000000000, 1.000000000000000000 ) ) ;
#1227 = DIRECTION ( 'NONE',  ( 0.000000000000000000, 0.000000000000000000, 1.000000000000000000 ) ) ;
#1228 = EDGE_CURVE ( 'NONE', #856, #553, #35, .T. ) ;
#1229 = LINE ( 'NONE', #1635, #116 ) ;
#1230 = EDGE_LOOP ( 'NONE', ( #1181, #1143 ) ) ;
#1231 = CARTESIAN_POINT ( 'NONE',  ( -18.49999999999981171, 6.000000000000000000, 33.59293994002433692 ) ) ;
#1232 = DIRECTION ( 'NONE',  ( -0.000000000000000000, 1.000000000000000000, -0.000000000000000000 ) ) ;
#1233 = CARTESIAN_POINT ( 'NONE',  ( 60.00000000000000000, 6.000000000000000000, 54.99999999999999289 ) ) ;
#1234 = DIRECTION ( 'NONE',  ( 0.000000000000000000, 0.000000000000000000, 1.000000000000000000 ) ) ;
#1235 = CARTESIAN_POINT ( 'NONE',  ( 37.00000000000000000, 6.000000000000000000, -3.875544286115878151E-13 ) ) ;
#1236 = AXIS2_PLACEMENT_3D ( 'NONE', #82, #348, #881 ) ;
#1237 = ORIENTED_EDGE ( 'NONE', *, *, #1378, .F. ) ;
#1238 = EDGE_CURVE ( 'NONE', #1594, #1698, #1348, .T. ) ;
#1239 = AXIS2_PLACEMENT_3D ( 'NONE', #336, #1000, #887 ) ;
#1240 = AXIS2_PLACEMENT_3D ( 'NONE', #1667, #1136, #1269 ) ;
#1241 = LINE ( 'NONE', #1628, #1209 ) ;
#1242 = CIRCLE ( 'NONE', #1212, 1.550000000000002709 ) ;
#1243 = LINE ( 'NONE', #1397, #209 ) ;
#1244 = AXIS2_PLACEMENT_3D ( 'NONE', #1169, #774, #647 ) ;
#1245 = AXIS2_PLACEMENT_3D ( 'NONE', #1430, #1029, #1036 ) ;
#1246 = CARTESIAN_POINT ( 'NONE',  ( 0.000000000000000000, 0.000000000000000000, -35.45000000000000284 ) ) ;
#1247 = ORIENTED_EDGE ( 'NONE', *, *, #447, .T. ) ;
#1248 = ADVANCED_FACE ( 'NONE', ( #1088 ), #278, .F. ) ;
#1249 = DIRECTION ( 'NONE',  ( 0.000000000000000000, 0.000000000000000000, 1.000000000000000000 ) ) ;
#1250 = ADVANCED_FACE ( 'NONE', ( #422 ), #1624, .F. ) ;
#1251 = CARTESIAN_POINT ( 'NONE',  ( 52.49999999999999289, 6.000000000000000000, 11.94999999999999574 ) ) ;
#1252 = DIRECTION ( 'NONE',  ( 0.000000000000000000, 0.000000000000000000, 1.000000000000000000 ) ) ;
#1253 = CYLINDRICAL_SURFACE ( 'NONE', #295, 1.549999999999995826 ) ;
#1254 = ORIENTED_EDGE ( 'NONE', *, *, #1333, .F. ) ;
#1255 = EDGE_LOOP ( 'NONE', ( #60, #1584, #1332, #467 ) ) ;
#1256 = CARTESIAN_POINT ( 'NONE',  ( 52.49999999999999289, 6.000000000000000000, 14.99999999999999289 ) ) ;
#1257 = CARTESIAN_POINT ( 'NONE',  ( -60.00000000000001421, 0.000000000000000000, -55.00000000000000711 ) ) ;
#1258 = ADVANCED_FACE ( 'NONE', ( #1339 ), #296, .F. ) ;
#1259 = CARTESIAN_POINT ( 'NONE',  ( 32.04293994002439661, 6.000000000000000000, 18.49999999999970157 ) ) ;
#1260 = CYLINDRICAL_SURFACE ( 'NONE', #736, 1.549999999999995826 ) ;
#1261 = ORIENTED_EDGE ( 'NONE', *, *, #990, .T. ) ;
#1262 = VECTOR ( 'NONE', #90, 1000.000000000000000 ) ;
#1263 = ORIENTED_EDGE ( 'NONE', *, *, #280, .T. ) ;
#1264 = CARTESIAN_POINT ( 'NONE',  ( 52.49999999999999289, 6.000000000000000000, 41.94999999999999574 ) ) ;
#1265 = AXIS2_PLACEMENT_3D ( 'NONE', #1668, #1534, #757 ) ;
#1266 = DIRECTION ( 'NONE',  ( 0.000000000000000000, 0.000000000000000000, 1.000000000000000000 ) ) ;
#1267 = CIRCLE ( 'NONE', #1492, 1.550000000000002709 ) ;
#1268 = EDGE_CURVE ( 'NONE', #162, #1217, #33, .T. ) ;
#1269 = DIRECTION ( 'NONE',  ( 0.000000000000000000, -0.000000000000000000, 1.000000000000000000 ) ) ;
#1270 = STYLED_ITEM ( 'NONE', ( #734 ), #921 ) ;
#1271 = CARTESIAN_POINT ( 'NONE',  ( 37.00000000000000000, 6.000000000000000000, -3.875544286115878151E-13 ) ) ;
#1272 = VERTEX_POINT ( 'NONE', #433 ) ;
#1273 = ORIENTED_EDGE ( 'NONE', *, *, #1473, .T. ) ;
#1274 = CARTESIAN_POINT ( 'NONE',  ( 52.49999999999999289, 6.000000000000000000, 48.04999999999999005 ) ) ;
#1275 = CARTESIAN_POINT ( 'NONE',  ( -52.49999999999999289, 6.000000000000000000, -48.05000000000000426 ) ) ;
#1276 = ORIENTED_EDGE ( 'NONE', *, *, #994, .F. ) ;
#1277 = DIRECTION ( 'NONE',  ( -0.000000000000000000, 1.000000000000000000, -0.000000000000000000 ) ) ;
#1278 = FACE_OUTER_BOUND ( 'NONE', #984, .T. ) ;
#1279 = FACE_OUTER_BOUND ( 'NONE', #861, .T. ) ;
#1280 = ORIENTED_EDGE ( 'NONE', *, *, #567, .T. ) ;
#1281 = EDGE_CURVE ( 'NONE', #476, #1612, #1, .T. ) ;
#1282 = ORIENTED_EDGE ( 'NONE', *, *, #69, .T. ) ;
#1283 = PLANE ( 'NONE',  #1685 ) ;
#1284 = CARTESIAN_POINT ( 'NONE',  ( 32.04293994002401291, 6.000000000000000000, -18.50000000000037303 ) ) ;
#1285 = EDGE_LOOP ( 'NONE', ( #1060, #899, #1290, #732 ) ) ;
#1286 = FACE_OUTER_BOUND ( 'NONE', #1728, .T. ) ;
#1287 = CARTESIAN_POINT ( 'NONE',  ( 0.000000000000000000, 0.000000000000000000, 37.00000000000000000 ) ) ;
#1288 = EDGE_LOOP ( 'NONE', ( #1581, #950, #511, #1521 ) ) ;
#1289 = EDGE_CURVE ( 'NONE', #508, #1699, #568, .T. ) ;
#1290 = ORIENTED_EDGE ( 'NONE', *, *, #874, .F. ) ;
#1291 = DIRECTION ( 'NONE',  ( -0.000000000000000000, 1.000000000000000000, -0.000000000000000000 ) ) ;
#1292 = AXIS2_PLACEMENT_3D ( 'NONE', #286, #414, #8 ) ;
#1293 = DIRECTION ( 'NONE',  ( 0.000000000000000000, 0.000000000000000000, 1.000000000000000000 ) ) ;
#1294 = VECTOR ( 'NONE', #330, 1000.000000000000000 ) ;
#1295 = ORIENTED_EDGE ( 'NONE', *, *, #512, .F. ) ;
#1296 = DIRECTION ( 'NONE',  ( -0.000000000000000000, 1.000000000000000000, -0.000000000000000000 ) ) ;
#1297 = CIRCLE ( 'NONE', #1493, 3.049999999999997158 ) ;
#1298 = EDGE_LOOP ( 'NONE', ( #889, #1322, #411, #1402 ) ) ;
#1299 = VERTEX_POINT ( 'NONE', #141 ) ;
#1300 = CIRCLE ( 'NONE', #1526, 1.550000000000002709 ) ;
#1301 = FACE_OUTER_BOUND ( 'NONE', #1285, .T. ) ;
#1302 = ADVANCED_FACE ( 'NONE', ( #1063 ), #516, .F. ) ;
#1303 = DIRECTION ( 'NONE',  ( 0.000000000000000000, 0.000000000000000000, 1.000000000000000000 ) ) ;
#1304 = EDGE_CURVE ( 'NONE', #1429, #1031, #290, .T. ) ;
#1305 = VERTEX_POINT ( 'NONE', #109 ) ;
#1306 = DIRECTION ( 'NONE',  ( 0.000000000000000000, 0.000000000000000000, 1.000000000000000000 ) ) ;
#1307 = ORIENTED_EDGE ( 'NONE', *, *, #1228, .F. ) ;
#1308 = ORIENTED_EDGE ( 'NONE', *, *, #253, .F. ) ;
#1309 = DIRECTION ( 'NONE',  ( -0.000000000000000000, 1.000000000000000000, -0.000000000000000000 ) ) ;
#1310 = CARTESIAN_POINT ( 'NONE',  ( 0.000000000000000000, 6.000000000000000000, 38.55000000000000426 ) ) ;
#1311 = EDGE_CURVE ( 'NONE', #1661, #1324, #1727, .T. ) ;
#1312 = ORIENTED_EDGE ( 'NONE', *, *, #895, .F. ) ;
#1313 = DIRECTION ( 'NONE',  ( 0.000000000000000000, 0.000000000000000000, 1.000000000000000000 ) ) ;
#1314 = ORIENTED_EDGE ( 'NONE', *, *, #447, .F. ) ;
#1315 = VERTEX_POINT ( 'NONE', #1708 ) ;
#1316 = CARTESIAN_POINT ( 'NONE',  ( -32.04293994002414792, 6.000000000000000000, 16.95000000000015206 ) ) ;
#1317 = VECTOR ( 'NONE', #216, 1000.000000000000000 ) ;
#1318 = CARTESIAN_POINT ( 'NONE',  ( -32.04293994002414792, 0.000000000000000000, 18.50000000000015277 ) ) ;
#1319 = ORIENTED_EDGE ( 'NONE', *, *, #222, .T. ) ;
#1320 = FACE_OUTER_BOUND ( 'NONE', #72, .T. ) ;
#1321 = EDGE_CURVE ( 'NONE', #311, #1681, #919, .T. ) ;
#1322 = ORIENTED_EDGE ( 'NONE', *, *, #1732, .T. ) ;
#1323 = AXIS2_PLACEMENT_3D ( 'NONE', #700, #1488, #1234 ) ;
#1324 = VERTEX_POINT ( 'NONE', #1310 ) ;
#1325 = CIRCLE ( 'NONE', #1381, 1.549999999999995826 ) ;
#1326 = FACE_BOUND ( 'NONE', #1210, .T. ) ;
#1327 = DIRECTION ( 'NONE',  ( -0.000000000000000000, -1.000000000000000000, -0.000000000000000000 ) ) ;
#1328 = ORIENTED_EDGE ( 'NONE', *, *, #772, .T. ) ;
#1329 = DIRECTION ( 'NONE',  ( 0.000000000000000000, 0.000000000000000000, 1.000000000000000000 ) ) ;
#1330 = ORIENTED_EDGE ( 'NONE', *, *, #1549, .T. ) ;
#1331 = CARTESIAN_POINT ( 'NONE',  ( 52.49999999999999289, 6.000000000000000000, -11.95000000000000995 ) ) ;
#1332 = ORIENTED_EDGE ( 'NONE', *, *, #310, .T. ) ;
#1333 = EDGE_CURVE ( 'NONE', #592, #1059, #844, .T. ) ;
#1334 = FACE_BOUND ( 'NONE', #204, .T. ) ;
#1335 = DIRECTION ( 'NONE',  ( 0.000000000000000000, 0.000000000000000000, 1.000000000000000000 ) ) ;
#1336 = VERTEX_POINT ( 'NONE', #1599 ) ;
#1337 = LINE ( 'NONE', #1205, #850 ) ;
#1338 = FACE_BOUND ( 'NONE', #1093, .T. ) ;
#1339 = FACE_OUTER_BOUND ( 'NONE', #1684, .T. ) ;
#1340 = EDGE_LOOP ( 'NONE', ( #807, #1191, #608, #221 ) ) ;
#1341 = EDGE_CURVE ( 'NONE', #1163, #1661, #145, .T. ) ;
#1342 = DIRECTION ( 'NONE',  ( 0.000000000000000000, 0.000000000000000000, 1.000000000000000000 ) ) ;
#1343 = CARTESIAN_POINT ( 'NONE',  ( -18.49999999999981171, 6.000000000000000000, 32.04293994002433266 ) ) ;
#1344 = EDGE_LOOP ( 'NONE', ( #996, #683, #689, #1621 ) ) ;
#1345 = DIRECTION ( 'NONE',  ( -0.000000000000000000, 1.000000000000000000, -0.000000000000000000 ) ) ;
#1346 = VECTOR ( 'NONE', #1141, 1000.000000000000000 ) ;
#1347 = CARTESIAN_POINT ( 'NONE',  ( -52.49999999999999289, 6.000000000000000000, 14.99999999999999289 ) ) ;
#1348 = LINE ( 'NONE', #707, #1012 ) ;
#1349 = CIRCLE ( 'NONE', #1265, 1.549999999999999378 ) ;
#1350 = ORIENTED_EDGE ( 'NONE', *, *, #862, .F. ) ;
#1351 = CIRCLE ( 'NONE', #1126, 1.549999999999999378 ) ;
#1352 = CIRCLE ( 'NONE', #434, 3.049999999999997158 ) ;
#1353 = FACE_BOUND ( 'NONE', #250, .T. ) ;
#1354 = AXIS2_PLACEMENT_3D ( 'NONE', #1726, #136, #686 ) ;
#1355 = DIRECTION ( 'NONE',  ( -0.000000000000000000, 1.000000000000000000, -0.000000000000000000 ) ) ;
#1356 = ORIENTED_EDGE ( 'NONE', *, *, #1162, .F. ) ;
#1357 = DIRECTION ( 'NONE',  ( -0.000000000000000000, 1.000000000000000000, -0.000000000000000000 ) ) ;
#1358 = EDGE_CURVE ( 'NONE', #1567, #1476, #2, .T. ) ;
#1359 = LINE ( 'NONE', #693, #1436 ) ;
#1360 = DIRECTION ( 'NONE',  ( 0.000000000000000000, 0.000000000000000000, 1.000000000000000000 ) ) ;
#1361 = CARTESIAN_POINT ( 'NONE',  ( -52.49999999999999289, 6.000000000000000000, -18.05000000000000426 ) ) ;
#1362 = ORIENTED_EDGE ( 'NONE', *, *, #699, .T. ) ;
#1363 = DIRECTION ( 'NONE',  ( -0.000000000000000000, 1.000000000000000000, -0.000000000000000000 ) ) ;
#1364 = DIRECTION ( 'NONE',  ( 0.000000000000000000, 0.000000000000000000, 1.000000000000000000 ) ) ;
#1365 = CARTESIAN_POINT ( 'NONE',  ( 32.04293994002401291, 0.000000000000000000, -16.95000000000037943 ) ) ;
#1366 = EDGE_CURVE ( 'NONE', #158, #577, #252, .T. ) ;
#1367 = VERTEX_POINT ( 'NONE', #77 ) ;
#1368 = CARTESIAN_POINT ( 'NONE',  ( -32.04293994002414792, 6.000000000000000000, 18.50000000000015277 ) ) ;
#1369 = ORIENTED_EDGE ( 'NONE', *, *, #651, .F. ) ;
#1370 = CARTESIAN_POINT ( 'NONE',  ( 18.50000000000026290, 6.000000000000000000, 30.49293994002407970 ) ) ;
#1371 = CARTESIAN_POINT ( 'NONE',  ( -37.00000000000000000, 0.000000000000000000, 1.291848095371959215E-13 ) ) ;
#1372 = CYLINDRICAL_SURFACE ( 'NONE', #1553, 1.549999999999999378 ) ;
#1373 = ORIENTED_EDGE ( 'NONE', *, *, #842, .T. ) ;
#1374 = DIRECTION ( 'NONE',  ( 0.000000000000000000, 0.000000000000000000, 1.000000000000000000 ) ) ;
#1375 = ADVANCED_FACE ( 'NONE', ( #540 ), #377, .F. ) ;
#1376 = VERTEX_POINT ( 'NONE', #1716 ) ;
#1377 = AXIS2_PLACEMENT_3D ( 'NONE', #731, #193, #1131 ) ;
#1378 = EDGE_CURVE ( 'NONE', #1122, #158, #1049, .T. ) ;
#1379 = CIRCLE ( 'NONE', #628, 33.50000000000000000 ) ;
#1380 = CYLINDRICAL_SURFACE ( 'NONE', #538, 1.550000000000002709 ) ;
#1381 = AXIS2_PLACEMENT_3D ( 'NONE', #789, #663, #644 ) ;
#1382 = CARTESIAN_POINT ( 'NONE',  ( -18.49999999999981171, 6.000000000000000000, 30.49293994002433550 ) ) ;
#1383 = AXIS2_PLACEMENT_3D ( 'NONE', #1447, #1714, #107 ) ;
#1384 = AXIS2_PLACEMENT_3D ( 'NONE', #997, #1123, #1249 ) ;
#1385 = DIRECTION ( 'NONE',  ( -0.000000000000000000, 1.000000000000000000, -0.000000000000000000 ) ) ;
#1386 = ORIENTED_EDGE ( 'NONE', *, *, #1480, .F. ) ;
#1387 = ADVANCED_FACE ( 'NONE', ( #1278 ), #1468, .F. ) ;
#1388 = ORIENTED_EDGE ( 'NONE', *, *, #190, .T. ) ;
#1389 =( LENGTH_UNIT ( ) NAMED_UNIT ( * ) SI_UNIT ( .MILLI., .METRE. ) );
#1390 = CARTESIAN_POINT ( 'NONE',  ( 37.00000000000000000, 6.000000000000000000, -3.875544286115878151E-13 ) ) ;
#1391 = CARTESIAN_POINT ( 'NONE',  ( 18.49999999999959144, 0.000000000000000000, -30.49293994002446695 ) ) ;
#1392 = DIRECTION ( 'NONE',  ( 0.000000000000000000, 0.000000000000000000, 1.000000000000000000 ) ) ;
#1393 = ORIENTED_EDGE ( 'NONE', *, *, #40, .F. ) ;
#1394 = ORIENTED_EDGE ( 'NONE', *, *, #303, .F. ) ;
#1395 = DIRECTION ( 'NONE',  ( 0.000000000000000000, 0.000000000000000000, 1.000000000000000000 ) ) ;
#1396 = EDGE_CURVE ( 'NONE', #195, #1594, #872, .T. ) ;
#1397 = CARTESIAN_POINT ( 'NONE',  ( 52.49999999999999289, 6.000000000000000000, 18.04999999999999005 ) ) ;
#1398 = FACE_BOUND ( 'NONE', #1140, .T. ) ;
#1399 = LINE ( 'NONE', #1518, #457 ) ;
#1400 = ORIENTED_EDGE ( 'NONE', *, *, #790, .F. ) ;
#1401 = AXIS2_PLACEMENT_3D ( 'NONE', #957, #1489, #26 ) ;
#1402 = ORIENTED_EDGE ( 'NONE', *, *, #310, .F. ) ;
#1403 = CARTESIAN_POINT ( 'NONE',  ( 52.49999999999999289, 6.000000000000000000, -11.95000000000000995 ) ) ;
#1404 = CIRCLE ( 'NONE', #597, 1.549999999999999378 ) ;
#1405 = CIRCLE ( 'NONE', #1101, 1.549999999999995826 ) ;
#1406 = DIRECTION ( 'NONE',  ( 0.000000000000000000, 0.000000000000000000, 1.000000000000000000 ) ) ;
#1407 = ADVANCED_FACE ( 'NONE', ( #260 ), #1056, .F. ) ;
#1408 = ORIENTED_EDGE ( 'NONE', *, *, #320, .F. ) ;
#1409 = LINE ( 'NONE', #747, #795 ) ;
#1410 = AXIS2_PLACEMENT_3D ( 'NONE', #594, #1673, #341 ) ;
#1411 = AXIS2_PLACEMENT_3D ( 'NONE', #1548, #350, #754 ) ;
#1412 = CARTESIAN_POINT ( 'NONE',  ( 1.898202538678400417E-16, 6.000000000000000000, -38.55000000000000426 ) ) ;
#1413 = ORIENTED_EDGE ( 'NONE', *, *, #177, .F. ) ;
#1414 = ORIENTED_EDGE ( 'NONE', *, *, #340, .T. ) ;
#1415 = CARTESIAN_POINT ( 'NONE',  ( 59.99999999999998579, 0.000000000000000000, -55.00000000000000711 ) ) ;
#1416 = LINE ( 'NONE', #1432, #1021 ) ;
#1417 = ORIENTED_EDGE ( 'NONE', *, *, #1079, .T. ) ;
#1418 = DIRECTION ( 'NONE',  ( -1.261617073437677999E-16, -0.000000000000000000, -1.000000000000000000 ) ) ;
#1419 = ADVANCED_FACE ( 'NONE', ( #1195 ), #1734, .F. ) ;
#1420 = FACE_OUTER_BOUND ( 'NONE', #238, .T. ) ;
#1421 = VERTEX_POINT ( 'NONE', #1075 ) ;
#1422 = VERTEX_POINT ( 'NONE', #1611 ) ;
#1423 = DIRECTION ( 'NONE',  ( -0.000000000000000000, 1.000000000000000000, -0.000000000000000000 ) ) ;
#1424 = DIRECTION ( 'NONE',  ( -0.000000000000000000, 1.000000000000000000, -0.000000000000000000 ) ) ;
#1425 = ORIENTED_EDGE ( 'NONE', *, *, #883, .T. ) ;
#1426 = DIRECTION ( 'NONE',  ( -0.000000000000000000, 1.000000000000000000, -0.000000000000000000 ) ) ;
#1427 = VERTEX_POINT ( 'NONE', #410 ) ;
#1428 = ADVANCED_FACE ( 'NONE', ( #945 ), #615, .F. ) ;
#1429 = VERTEX_POINT ( 'NONE', #164 ) ;
#1430 = CARTESIAN_POINT ( 'NONE',  ( -52.49999999999999289, 0.000000000000000000, 44.99999999999999289 ) ) ;
#1431 = CIRCLE ( 'NONE', #1292, 1.549999999999995826 ) ;
#1432 = CARTESIAN_POINT ( 'NONE',  ( 0.000000000000000000, 0.000000000000000000, 33.50000000000000000 ) ) ;
#1433 = AXIS2_PLACEMENT_3D ( 'NONE', #1371, #696, #1364 ) ;
#1434 = ORIENTED_EDGE ( 'NONE', *, *, #1480, .T. ) ;
#1435 = DIRECTION ( 'NONE',  ( -0.000000000000000000, 1.000000000000000000, -0.000000000000000000 ) ) ;
#1436 = VECTOR ( 'NONE', #1219, 1000.000000000000000 ) ;
#1437 = VECTOR ( 'NONE', #1296, 1000.000000000000000 ) ;
#1438 = ORIENTED_EDGE ( 'NONE', *, *, #720, .T. ) ;
#1439 = VECTOR ( 'NONE', #74, 1000.000000000000000 ) ;
#1440 = EDGE_LOOP ( 'NONE', ( #522, #1564 ) ) ;
#1441 = EDGE_CURVE ( 'NONE', #733, #981, #115, .T. ) ;
#1442 = DIRECTION ( 'NONE',  ( -0.000000000000000000, 1.000000000000000000, -0.000000000000000000 ) ) ;
#1443 = CARTESIAN_POINT ( 'NONE',  ( -32.04293994002427581, 6.000000000000000000, -18.49999999999992539 ) ) ;
#1444 = ORIENTED_EDGE ( 'NONE', *, *, #144, .T. ) ;
#1445 = CARTESIAN_POINT ( 'NONE',  ( 18.50000000000026290, 0.000000000000000000, 32.04293994002407686 ) ) ;
#1446 = ORIENTED_EDGE ( 'NONE', *, *, #1066, .T. ) ;
#1447 = CARTESIAN_POINT ( 'NONE',  ( -37.00000000000000000, 0.000000000000000000, 1.291848095371959215E-13 ) ) ;
#1448 = ADVANCED_FACE ( 'NONE', ( #972 ), #1380, .F. ) ;
#1449 = CARTESIAN_POINT ( 'NONE',  ( -32.04293994002427581, 6.000000000000000000, -18.49999999999992539 ) ) ;
#1450 = VERTEX_POINT ( 'NONE', #315 ) ;
#1451 = DIRECTION ( 'NONE',  ( 1.000000000000000000, 0.000000000000000000, -1.261617073437677999E-16 ) ) ;
#1452 = ORIENTED_EDGE ( 'NONE', *, *, #1600, .T. ) ;
#1453 = ORIENTED_EDGE ( 'NONE', *, *, #17, .F. ) ;
#1454 = FACE_BOUND ( 'NONE', #832, .T. ) ;
#1455 = CIRCLE ( 'NONE', #1236, 3.049999999999997158 ) ;
#1456 = DIRECTION ( 'NONE',  ( -0.000000000000000000, 1.000000000000000000, -0.000000000000000000 ) ) ;
#1457 = EDGE_LOOP ( 'NONE', ( #933, #1491 ) ) ;
#1458 = FACE_OUTER_BOUND ( 'NONE', #218, .T. ) ;
#1459 = ADVANCED_FACE ( 'NONE', ( #571 ), #427, .F. ) ;
#1460 = VERTEX_POINT ( 'NONE', #22 ) ;
#1461 = AXIS2_PLACEMENT_3D ( 'NONE', #50, #57, #1374 ) ;
#1462 = CARTESIAN_POINT ( 'NONE',  ( -52.49999999999999289, 0.000000000000000000, 18.04999999999999005 ) ) ;
#1463 = AXIS2_PLACEMENT_3D ( 'NONE', #783, #650, #816 ) ;
#1464 = VERTEX_POINT ( 'NONE', #43 ) ;
#1465 = AXIS2_PLACEMENT_3D ( 'NONE', #1222, #796, #1194 ) ;
#1466 = CIRCLE ( 'NONE', #855, 1.549999999999995826 ) ;
#1467 = LINE ( 'NONE', #668, #578 ) ;
#1468 = CYLINDRICAL_SURFACE ( 'NONE', #200, 3.049999999999997158 ) ;
#1469 = ORIENTED_EDGE ( 'NONE', *, *, #404, .T. ) ;
#1470 = DIRECTION ( 'NONE',  ( 0.000000000000000000, 0.000000000000000000, 1.000000000000000000 ) ) ;
#1471 = EDGE_LOOP ( 'NONE', ( #1414, #1724 ) ) ;
#1472 = DIRECTION ( 'NONE',  ( -1.000000000000000000, -0.000000000000000000, -0.000000000000000000 ) ) ;
#1473 = EDGE_CURVE ( 'NONE', #1082, #15, #1647, .T. ) ;
#1474 = DIRECTION ( 'NONE',  ( -0.000000000000000000, 1.000000000000000000, -0.000000000000000000 ) ) ;
#1475 = CARTESIAN_POINT ( 'NONE',  ( 0.000000000000000000, 6.000000000000000000, 38.54999999999999716 ) ) ;
#1476 = VERTEX_POINT ( 'NONE', #986 ) ;
#1477 = DIRECTION ( 'NONE',  ( 0.000000000000000000, 0.000000000000000000, 1.000000000000000000 ) ) ;
#1478 = ORIENTED_EDGE ( 'NONE', *, *, #1702, .F. ) ;
#1479 = CARTESIAN_POINT ( 'NONE',  ( -32.04293994002427581, 0.000000000000000000, -16.94999999999992824 ) ) ;
#1480 = EDGE_CURVE ( 'NONE', #592, #785, #1241, .T. ) ;
#1481 = EDGE_LOOP ( 'NONE', ( #915, #1601 ) ) ;
#1482 = EDGE_CURVE ( 'NONE', #476, #287, #1092, .T. ) ;
#1483 = DIRECTION ( 'NONE',  ( 0.000000000000000000, 0.000000000000000000, 1.000000000000000000 ) ) ;
#1484 = DIRECTION ( 'NONE',  ( -0.000000000000000000, 1.000000000000000000, -0.000000000000000000 ) ) ;
#1485 = ORIENTED_EDGE ( 'NONE', *, *, #1109, .F. ) ;
#1486 = CARTESIAN_POINT ( 'NONE',  ( 37.00000000000000000, 6.000000000000000000, -3.875544286115878151E-13 ) ) ;
#1487 = AXIS2_PLACEMENT_3D ( 'NONE', #119, #128, #781 ) ;
#1488 = DIRECTION ( 'NONE',  ( -0.000000000000000000, 1.000000000000000000, -0.000000000000000000 ) ) ;
#1489 = DIRECTION ( 'NONE',  ( -0.000000000000000000, 1.000000000000000000, -0.000000000000000000 ) ) ;
#1490 = CIRCLE ( 'NONE', #1544, 1.550000000000002709 ) ;
#1491 = ORIENTED_EDGE ( 'NONE', *, *, #391, .F. ) ;
#1492 = AXIS2_PLACEMENT_3D ( 'NONE', #526, #1164, #913 ) ;
#1493 = AXIS2_PLACEMENT_3D ( 'NONE', #95, #1426, #885 ) ;
#1494 = DIRECTION ( 'NONE',  ( 0.000000000000000000, 0.000000000000000000, 1.000000000000000000 ) ) ;
#1495 = EDGE_CURVE ( 'NONE', #1122, #553, #146, .T. ) ;
#1496 = PRESENTATION_LAYER_ASSIGNMENT (  '', '', ( #1270 ) ) ;
#1497 = DIRECTION ( 'NONE',  ( -0.000000000000000000, 1.000000000000000000, -0.000000000000000000 ) ) ;
#1498 = CARTESIAN_POINT ( 'NONE',  ( -60.00000000000001421, 0.000000000000000000, -55.00000000000000711 ) ) ;
#1499 = ORIENTED_EDGE ( 'NONE', *, *, #492, .F. ) ;
#1500 = DIRECTION ( 'NONE',  ( -0.000000000000000000, 1.000000000000000000, -0.000000000000000000 ) ) ;
#1501 = UNCERTAINTY_MEASURE_WITH_UNIT (LENGTH_MEASURE( 1.000000000000000082E-05 ), #1389, 'distance_accuracy_value', 'NONE');
#1502 = ORIENTED_EDGE ( 'NONE', *, *, #415, .F. ) ;
#1503 = DIRECTION ( 'NONE',  ( -0.000000000000000000, 1.000000000000000000, -0.000000000000000000 ) ) ;
#1504 = DIRECTION ( 'NONE',  ( 0.000000000000000000, 0.000000000000000000, 1.000000000000000000 ) ) ;
#1505 = EDGE_CURVE ( 'NONE', #134, #1421, #1153, .T. ) ;
#1506 = FACE_OUTER_BOUND ( 'NONE', #194, .T. ) ;
#1507 = DIRECTION ( 'NONE',  ( 0.000000000000000000, 0.000000000000000000, 1.000000000000000000 ) ) ;
#1508 = CARTESIAN_POINT ( 'NONE',  ( 1.898202538678395980E-16, 6.000000000000000000, 35.45000000000000284 ) ) ;
#1509 = ORIENTED_EDGE ( 'NONE', *, *, #69, .F. ) ;
#1510 = LINE ( 'NONE', #1231, #549 ) ;
#1511 = DIRECTION ( 'NONE',  ( 0.000000000000000000, 0.000000000000000000, 1.000000000000000000 ) ) ;
#1512 = CARTESIAN_POINT ( 'NONE',  ( -52.49999999999999289, 0.000000000000000000, 41.94999999999999574 ) ) ;
#1513 = EDGE_CURVE ( 'NONE', #444, #520, #1014, .T. ) ;
#1514 = ORIENTED_EDGE ( 'NONE', *, *, #492, .T. ) ;
#1515 = FACE_BOUND ( 'NONE', #1147, .T. ) ;
#1516 = ADVANCED_FACE ( 'NONE', ( #825 ), #722, .F. ) ;
#1517 = AXIS2_PLACEMENT_3D ( 'NONE', #1368, #1096, #1360 ) ;
#1518 = CARTESIAN_POINT ( 'NONE',  ( -60.00000000000000000, 0.000000000000000000, 54.99999999999999289 ) ) ;
#1519 = ORIENTED_EDGE ( 'NONE', *, *, #40, .T. ) ;
#1520 = VECTOR ( 'NONE', #561, 1000.000000000000000 ) ;
#1521 = ORIENTED_EDGE ( 'NONE', *, *, #1670, .T. ) ;
#1522 = LINE ( 'NONE', #857, #995 ) ;
#1523 = AXIS2_PLACEMENT_3D ( 'NONE', #285, #817, #1080 ) ;
#1524 = AXIS2_PLACEMENT_3D ( 'NONE', #1704, #1058, #1306 ) ;
#1525 = LINE ( 'NONE', #1382, #515 ) ;
#1526 = AXIS2_PLACEMENT_3D ( 'NONE', #897, #640, #1700 ) ;
#1527 = FACE_BOUND ( 'NONE', #870, .T. ) ;
#1528 = CARTESIAN_POINT ( 'NONE',  ( -37.00000000000000000, 6.000000000000000000, 1.550000000000131939 ) ) ;
#1529 = ORIENTED_EDGE ( 'NONE', *, *, #635, .T. ) ;
#1530 = EDGE_CURVE ( 'NONE', #912, #1429, #586, .T. ) ;
#1531 = ORIENTED_EDGE ( 'NONE', *, *, #790, .T. ) ;
#1532 = DIRECTION ( 'NONE',  ( -0.000000000000000000, 1.000000000000000000, -0.000000000000000000 ) ) ;
#1533 = CARTESIAN_POINT ( 'NONE',  ( -52.49999999999999289, 6.000000000000000000, 48.04999999999999005 ) ) ;
#1534 = DIRECTION ( 'NONE',  ( -0.000000000000000000, 1.000000000000000000, -0.000000000000000000 ) ) ;
#1535 = ORIENTED_EDGE ( 'NONE', *, *, #1238, .F. ) ;
#1536 = ORIENTED_EDGE ( 'NONE', *, *, #439, .T. ) ;
#1537 = PLANE ( 'NONE',  #743 ) ;
#1538 = EDGE_CURVE ( 'NONE', #1699, #508, #1070, .T. ) ;
#1539 = DIRECTION ( 'NONE',  ( -0.000000000000000000, 1.000000000000000000, -0.000000000000000000 ) ) ;
#1540 = CARTESIAN_POINT ( 'NONE',  ( 52.49999999999999289, 0.000000000000000000, 48.04999999999999005 ) ) ;
#1541 = CARTESIAN_POINT ( 'NONE',  ( -18.50000000000003553, 6.000000000000000000, -32.04293994002420476 ) ) ;
#1542 = EDGE_LOOP ( 'NONE', ( #1453, #1669 ) ) ;
#1543 = CIRCLE ( 'NONE', #1206, 3.049999999999997158 ) ;
#1544 = AXIS2_PLACEMENT_3D ( 'NONE', #450, #868, #185 ) ;
#1545 = ORIENTED_EDGE ( 'NONE', *, *, #862, .T. ) ;
#1546 = CARTESIAN_POINT ( 'NONE',  ( 18.49999999999959144, 6.000000000000000000, -30.49293994002446695 ) ) ;
#1547 = CIRCLE ( 'NONE', #573, 3.049999999999997158 ) ;
#1548 = CARTESIAN_POINT ( 'NONE',  ( -37.00000000000000000, 6.000000000000000000, 1.291848095371959215E-13 ) ) ;
#1549 = EDGE_CURVE ( 'NONE', #724, #1299, #428, .T. ) ;
#1550 = CIRCLE ( 'NONE', #1580, 1.550000000000002709 ) ;
#1551 = VERTEX_POINT ( 'NONE', #1251 ) ;
#1552 = DIRECTION ( 'NONE',  ( -0.000000000000000000, 1.000000000000000000, -0.000000000000000000 ) ) ;
#1553 = AXIS2_PLACEMENT_3D ( 'NONE', #723, #979, #1406 ) ;
#1554 = VECTOR ( 'NONE', #143, 1000.000000000000000 ) ;
#1555 = DIRECTION ( 'NONE',  ( -0.000000000000000000, 1.000000000000000000, -0.000000000000000000 ) ) ;
#1556 = ORIENTED_EDGE ( 'NONE', *, *, #210, .T. ) ;
#1557 = VERTEX_POINT ( 'NONE', #704 ) ;
#1558 = LINE ( 'NONE', #611, #1346 ) ;
#1559 = FACE_OUTER_BOUND ( 'NONE', #788, .T. ) ;
#1560 = EDGE_CURVE ( 'NONE', #1039, #287, #118, .T. ) ;
#1561 = ORIENTED_EDGE ( 'NONE', *, *, #1530, .T. ) ;
#1562 = CARTESIAN_POINT ( 'NONE',  ( 52.49999999999999289, 6.000000000000000000, -48.05000000000000426 ) ) ;
#1563 = ORIENTED_EDGE ( 'NONE', *, *, #222, .F. ) ;
#1564 = ORIENTED_EDGE ( 'NONE', *, *, #990, .F. ) ;
#1565 = CARTESIAN_POINT ( 'NONE',  ( 52.49999999999999289, 0.000000000000000000, -48.05000000000000426 ) ) ;
#1566 = DIRECTION ( 'NONE',  ( -0.000000000000000000, 1.000000000000000000, -0.000000000000000000 ) ) ;
#1567 = VERTEX_POINT ( 'NONE', #48 ) ;
#1568 = DIRECTION ( 'NONE',  ( -0.000000000000000000, 1.000000000000000000, -0.000000000000000000 ) ) ;
#1569 = ORIENTED_EDGE ( 'NONE', *, *, #288, .F. ) ;
#1570 = ADVANCED_FACE ( 'NONE', ( #1115 ), #454, .F. ) ;
#1571 = VERTEX_POINT ( 'NONE', #14 ) ;
#1572 = LINE ( 'NONE', #1415, #327 ) ;
#1573 = VECTOR ( 'NONE', #1472, 1000.000000000000000 ) ;
#1574 = DIRECTION ( 'NONE',  ( 0.000000000000000000, 0.000000000000000000, 1.000000000000000000 ) ) ;
#1575 = VECTOR ( 'NONE', #1385, 1000.000000000000000 ) ;
#1576 = DIRECTION ( 'NONE',  ( -0.000000000000000000, 1.000000000000000000, -0.000000000000000000 ) ) ;
#1577 = ORIENTED_EDGE ( 'NONE', *, *, #940, .T. ) ;
#1578 = DIRECTION ( 'NONE',  ( -0.000000000000000000, 1.000000000000000000, -0.000000000000000000 ) ) ;
#1579 = CIRCLE ( 'NONE', #261, 3.049999999999997158 ) ;
#1580 = AXIS2_PLACEMENT_3D ( 'NONE', #1695, #239, #922 ) ;
#1581 = ORIENTED_EDGE ( 'NONE', *, *, #1600, .F. ) ;
#1582 = AXIS2_PLACEMENT_3D ( 'NONE', #786, #1424, #101 ) ;
#1583 = EDGE_CURVE ( 'NONE', #649, #1200, #272, .T. ) ;
#1584 = ORIENTED_EDGE ( 'NONE', *, *, #699, .F. ) ;
#1585 = FACE_OUTER_BOUND ( 'NONE', #501, .T. ) ;
#1586 = DIRECTION ( 'NONE',  ( -0.000000000000000000, 1.000000000000000000, -0.000000000000000000 ) ) ;
#1587 = ORIENTED_EDGE ( 'NONE', *, *, #748, .F. ) ;
#1588 = LINE ( 'NONE', #893, #908 ) ;
#1589 = EDGE_LOOP ( 'NONE', ( #894, #226 ) ) ;
#1590 = ORIENTED_EDGE ( 'NONE', *, *, #842, .F. ) ;
#1591 = CARTESIAN_POINT ( 'NONE',  ( 18.50000000000026290, 0.000000000000000000, 32.04293994002407686 ) ) ;
#1592 = EDGE_CURVE ( 'NONE', #1315, #856, #1229, .T. ) ;
#1593 = DIRECTION ( 'NONE',  ( 0.000000000000000000, 0.000000000000000000, 1.000000000000000000 ) ) ;
#1594 = VERTEX_POINT ( 'NONE', #28 ) ;
#1595 = LINE ( 'NONE', #1729, #1437 ) ;
#1596 = ORIENTED_EDGE ( 'NONE', *, *, #1062, .F. ) ;
#1597 = ORIENTED_EDGE ( 'NONE', *, *, #157, .T. ) ;
#1598 = CARTESIAN_POINT ( 'NONE',  ( 52.49999999999999289, 6.000000000000000000, 11.94999999999999574 ) ) ;
#1599 = CARTESIAN_POINT ( 'NONE',  ( 52.49999999999999289, 0.000000000000000000, 11.94999999999999574 ) ) ;
#1600 = EDGE_CURVE ( 'NONE', #1163, #267, #36, .T. ) ;
#1601 = ORIENTED_EDGE ( 'NONE', *, *, #383, .T. ) ;
#1602 = AXIS2_PLACEMENT_3D ( 'NONE', #839, #156, #962 ) ;
#1603 = CARTESIAN_POINT ( 'NONE',  ( 32.04293994002439661, 6.000000000000000000, 16.94999999999970441 ) ) ;
#1604 = FACE_BOUND ( 'NONE', #1730, .T. ) ;
#1605 = CARTESIAN_POINT ( 'NONE',  ( -60.00000000000000000, 6.000000000000000000, 54.99999999999999289 ) ) ;
#1606 = AXIS2_PLACEMENT_3D ( 'NONE', #964, #929, #263 ) ;
#1607 = ORIENTED_EDGE ( 'NONE', *, *, #558, .T. ) ;
#1608 =( GEOMETRIC_REPRESENTATION_CONTEXT ( 3 ) GLOBAL_UNCERTAINTY_ASSIGNED_CONTEXT ( ( #1501 ) ) GLOBAL_UNIT_ASSIGNED_CONTEXT ( ( #1389, #465, #179 ) ) REPRESENTATION_CONTEXT ( 'NONE', 'WORKASPACE' ) );
#1609 = CIRCLE ( 'NONE', #493, 3.049999999999997158 ) ;
#1610 = FACE_BOUND ( 'NONE', #424, .T. ) ;
#1611 = CARTESIAN_POINT ( 'NONE',  ( 18.49999999999959144, 6.000000000000000000, -30.49293994002446695 ) ) ;
#1612 = VERTEX_POINT ( 'NONE', #1137 ) ;
#1613 = PLANE ( 'NONE',  #1046 ) ;
#1614 = EDGE_CURVE ( 'NONE', #1090, #1367, #767, .T. ) ;
#1615 = EDGE_LOOP ( 'NONE', ( #550, #1587 ) ) ;
#1616 = CARTESIAN_POINT ( 'NONE',  ( 52.49999999999999289, 0.000000000000000000, 41.94999999999999574 ) ) ;
#1617 = EDGE_CURVE ( 'NONE', #1059, #592, #1349, .T. ) ;
#1618 = ORIENTED_EDGE ( 'NONE', *, *, #835, .T. ) ;
#1619 = FACE_OUTER_BOUND ( 'NONE', #1739, .T. ) ;
#1620 = CARTESIAN_POINT ( 'NONE',  ( -18.49999999999981171, 0.000000000000000000, 32.04293994002433266 ) ) ;
#1621 = ORIENTED_EDGE ( 'NONE', *, *, #369, .T. ) ;
#1622 = CARTESIAN_POINT ( 'NONE',  ( 52.49999999999999289, 6.000000000000000000, -45.00000000000000711 ) ) ;
#1623 = CARTESIAN_POINT ( 'NONE',  ( -52.49999999999999289, 6.000000000000000000, -45.00000000000000711 ) ) ;
#1624 = CYLINDRICAL_SURFACE ( 'NONE', #1401, 1.549999999999995826 ) ;
#1625 = VERTEX_POINT ( 'NONE', #1658 ) ;
#1626 = ADVANCED_FACE ( 'NONE', ( #1420 ), #750, .F. ) ;
#1627 = FACE_BOUND ( 'NONE', #283, .T. ) ;
#1628 = CARTESIAN_POINT ( 'NONE',  ( -32.04293994002414792, 6.000000000000000000, 16.95000000000015206 ) ) ;
#1629 = ORIENTED_EDGE ( 'NONE', *, *, #1202, .T. ) ;
#1630 = DIRECTION ( 'NONE',  ( -0.000000000000000000, 1.000000000000000000, -0.000000000000000000 ) ) ;
#1631 = VECTOR ( 'NONE', #661, 1000.000000000000000 ) ;
#1632 = CARTESIAN_POINT ( 'NONE',  ( 18.50000000000026290, 6.000000000000000000, 32.04293994002407686 ) ) ;
#1633 = FACE_OUTER_BOUND ( 'NONE', #610, .T. ) ;
#1634 = AXIS2_PLACEMENT_3D ( 'NONE', #953, #1484, #1511 ) ;
#1635 = CARTESIAN_POINT ( 'NONE',  ( 59.99999999999998579, 6.000000000000000000, -55.00000000000000711 ) ) ;
#1636 = EDGE_LOOP ( 'NONE', ( #1312, #888, #362, #924 ) ) ;
#1637 = AXIS2_PLACEMENT_3D ( 'NONE', #212, #199, #458 ) ;
#1638 = ADVANCED_FACE ( 'NONE', ( #1279 ), #354, .F. ) ;
#1639 = CIRCLE ( 'NONE', #602, 1.549999999999999378 ) ;
#1640 = DIRECTION ( 'NONE',  ( 0.000000000000000000, 0.000000000000000000, 1.000000000000000000 ) ) ;
#1641 = AXIS2_PLACEMENT_3D ( 'NONE', #917, #1442, #1293 ) ;
#1642 = CARTESIAN_POINT ( 'NONE',  ( 32.04293994002401291, 6.000000000000000000, -18.50000000000037303 ) ) ;
#1643 = DIRECTION ( 'NONE',  ( -0.000000000000000000, 1.000000000000000000, -0.000000000000000000 ) ) ;
#1644 = CARTESIAN_POINT ( 'NONE',  ( 60.00000000000000000, 0.000000000000000000, 54.99999999999999289 ) ) ;
#1645 = DIRECTION ( 'NONE',  ( 0.000000000000000000, 0.000000000000000000, 1.000000000000000000 ) ) ;
#1646 = DIRECTION ( 'NONE',  ( -0.000000000000000000, 1.000000000000000000, -0.000000000000000000 ) ) ;
#1647 = LINE ( 'NONE', #846, #875 ) ;
#1648 = DIRECTION ( 'NONE',  ( -0.000000000000000000, 1.000000000000000000, -0.000000000000000000 ) ) ;
#1649 = APPLICATION_CONTEXT ( 'automotive_design' ) ;
#1650 = ORIENTED_EDGE ( 'NONE', *, *, #772, .F. ) ;
#1651 = ORIENTED_EDGE ( 'NONE', *, *, #187, .T. ) ;
#1652 = FILL_AREA_STYLE ('',( #711 ) ) ;
#1653 = DIRECTION ( 'NONE',  ( 0.000000000000000000, 0.000000000000000000, 1.000000000000000000 ) ) ;
#1654 = DIRECTION ( 'NONE',  ( 0.000000000000000000, 0.000000000000000000, 1.000000000000000000 ) ) ;
#1655 = ADVANCED_FACE ( 'NONE', ( #469 ), #1120, .F. ) ;
#1656 = PLANE ( 'NONE',  #1240 ) ;
#1657 = VECTOR ( 'NONE', #73, 1000.000000000000000 ) ;
#1658 = CARTESIAN_POINT ( 'NONE',  ( 4.102566777143633774E-15, 0.000000000000000000, -33.50000000000000000 ) ) ;
#1659 = ORIENTED_EDGE ( 'NONE', *, *, #1109, .T. ) ;
#1660 = AXIS2_PLACEMENT_3D ( 'NONE', #591, #1675, #1007 ) ;
#1661 = VERTEX_POINT ( 'NONE', #739 ) ;
#1662 = DIRECTION ( 'NONE',  ( 0.000000000000000000, 0.000000000000000000, 1.000000000000000000 ) ) ;
#1663 = AXIS2_PLACEMENT_3D ( 'NONE', #68, #319, #859 ) ;
#1664 = AXIS2_PLACEMENT_3D ( 'NONE', #367, #1578, #509 ) ;
#1665 = CARTESIAN_POINT ( 'NONE',  ( 52.49999999999999289, 0.000000000000000000, -15.00000000000000711 ) ) ;
#1666 = ORIENTED_EDGE ( 'NONE', *, *, #288, .T. ) ;
#1667 = CARTESIAN_POINT ( 'NONE',  ( 0.000000000000000000, 6.000000000000000000, 0.000000000000000000 ) ) ;
#1668 = CARTESIAN_POINT ( 'NONE',  ( -32.04293994002414792, 0.000000000000000000, 18.50000000000015277 ) ) ;
#1669 = ORIENTED_EDGE ( 'NONE', *, *, #135, .F. ) ;
#1670 = EDGE_CURVE ( 'NONE', #1324, #267, #1490, .T. ) ;
#1671 = EDGE_LOOP ( 'NONE', ( #562, #1350 ) ) ;
#1672 = CARTESIAN_POINT ( 'NONE',  ( -18.49999999999981171, 0.000000000000000000, 30.49293994002433550 ) ) ;
#1673 = DIRECTION ( 'NONE',  ( -0.000000000000000000, 1.000000000000000000, -0.000000000000000000 ) ) ;
#1674 = DIRECTION ( 'NONE',  ( 0.000000000000000000, 0.000000000000000000, 1.000000000000000000 ) ) ;
#1675 = DIRECTION ( 'NONE',  ( -0.000000000000000000, 1.000000000000000000, -0.000000000000000000 ) ) ;
#1676 = EDGE_LOOP ( 'NONE', ( #1703, #1282 ) ) ;
#1677 = EDGE_CURVE ( 'NONE', #577, #94, #1399, .T. ) ;
#1678 = ORIENTED_EDGE ( 'NONE', *, *, #1183, .F. ) ;
#1679 = CARTESIAN_POINT ( 'NONE',  ( 1.898202538678399431E-16, 0.000000000000000000, 35.45000000000000284 ) ) ;
#1680 = CARTESIAN_POINT ( 'NONE',  ( 32.04293994002439661, 0.000000000000000000, 20.04999999999969518 ) ) ;
#1681 = VERTEX_POINT ( 'NONE', #460 ) ;
#1682 = DIRECTION ( 'NONE',  ( 0.000000000000000000, 0.000000000000000000, 1.000000000000000000 ) ) ;
#1683 = DIRECTION ( 'NONE',  ( -0.000000000000000000, 1.000000000000000000, -0.000000000000000000 ) ) ;
#1684 = EDGE_LOOP ( 'NONE', ( #1254, #1434, #1044, #1356 ) ) ;
#1685 = AXIS2_PLACEMENT_3D ( 'NONE', #1605, #1706, #505 ) ;
#1686 = VECTOR ( 'NONE', #291, 1000.000000000000000 ) ;
#1687 = ORIENTED_EDGE ( 'NONE', *, *, #168, .F. ) ;
#1688 = DIRECTION ( 'NONE',  ( -0.000000000000000000, 1.000000000000000000, -0.000000000000000000 ) ) ;
#1689 = EDGE_CURVE ( 'NONE', #51, #646, #821, .T. ) ;
#1690 = CIRCLE ( 'NONE', #600, 3.049999999999997158 ) ;
#1691 = CYLINDRICAL_SURFACE ( 'NONE', #991, 1.549999999999999378 ) ;
#1692 = ADVANCED_FACE ( 'NONE', ( #70 ), #475, .F. ) ;
#1693 = CIRCLE ( 'NONE', #65, 3.049999999999997158 ) ;
#1694 = ORIENTED_EDGE ( 'NONE', *, *, #951, .T. ) ;
#1695 = CARTESIAN_POINT ( 'NONE',  ( -18.49999999999981171, 6.000000000000000000, 32.04293994002433266 ) ) ;
#1696 = AXIS2_PLACEMENT_3D ( 'NONE', #473, #438, #871 ) ;
#1697 = DIRECTION ( 'NONE',  ( 0.000000000000000000, 0.000000000000000000, 1.000000000000000000 ) ) ;
#1698 = VERTEX_POINT ( 'NONE', #1412 ) ;
#1699 = VERTEX_POINT ( 'NONE', #1528 ) ;
#1700 = DIRECTION ( 'NONE',  ( 0.000000000000000000, 0.000000000000000000, 1.000000000000000000 ) ) ;
#1701 = CYLINDRICAL_SURFACE ( 'NONE', #266, 3.049999999999997158 ) ;
#1702 = EDGE_CURVE ( 'NONE', #639, #1681, #148, .T. ) ;
#1703 = ORIENTED_EDGE ( 'NONE', *, *, #1505, .T. ) ;
#1704 = CARTESIAN_POINT ( 'NONE',  ( 37.00000000000000000, 0.000000000000000000, -3.875544286115878151E-13 ) ) ;
#1705 = ORIENTED_EDGE ( 'NONE', *, *, #579, .F. ) ;
#1706 = DIRECTION ( 'NONE',  ( 0.000000000000000000, 0.000000000000000000, -1.000000000000000000 ) ) ;
#1707 = CARTESIAN_POINT ( 'NONE',  ( -32.04293994002427581, 0.000000000000000000, -18.49999999999992539 ) ) ;
#1708 = CARTESIAN_POINT ( 'NONE',  ( 59.99999999999998579, 6.000000000000000000, -55.00000000000000711 ) ) ;
#1709 = ORIENTED_EDGE ( 'NONE', *, *, #675, .T. ) ;
#1710 = CARTESIAN_POINT ( 'NONE',  ( -52.49999999999999289, 6.000000000000000000, -15.00000000000000711 ) ) ;
#1711 = EDGE_CURVE ( 'NONE', #1422, #368, #1404, .T. ) ;
#1712 = ORIENTED_EDGE ( 'NONE', *, *, #135, .T. ) ;
#1713 = VECTOR ( 'NONE', #1327, 1000.000000000000000 ) ;
#1714 = DIRECTION ( 'NONE',  ( -0.000000000000000000, 1.000000000000000000, -0.000000000000000000 ) ) ;
#1715 = AXIS2_PLACEMENT_3D ( 'NONE', #1223, #834, #1084 ) ;
#1716 = CARTESIAN_POINT ( 'NONE',  ( 0.000000000000000000, 6.000000000000000000, -35.44999999999999574 ) ) ;
#1717 = EDGE_LOOP ( 'NONE', ( #485, #1171 ) ) ;
#1718 = CARTESIAN_POINT ( 'NONE',  ( 1.898202538678400417E-16, 6.000000000000000000, 35.44999999999999574 ) ) ;
#1719 = AXIS2_PLACEMENT_3D ( 'NONE', #948, #547, #556 ) ;
#1720 = APPLICATION_PROTOCOL_DEFINITION ( 'draft international standard', 'automotive_design', 1998, #1165 ) ;
#1721 = CIRCLE ( 'NONE', #207, 3.049999999999997158 ) ;
#1722 = EDGE_LOOP ( 'NONE', ( #1666, #670 ) ) ;
#1723 = CIRCLE ( 'NONE', #1582, 3.049999999999997158 ) ;
#1724 = ORIENTED_EDGE ( 'NONE', *, *, #1183, .T. ) ;
#1725 = ADVANCED_FACE ( 'NONE', ( #616 ), #1260, .F. ) ;
#1726 = CARTESIAN_POINT ( 'NONE',  ( 52.49999999999999289, 6.000000000000000000, -45.00000000000000711 ) ) ;
#1727 = LINE ( 'NONE', #1475, #710 ) ;
#1728 = EDGE_LOOP ( 'NONE', ( #256, #1071, #436, #1425 ) ) ;
#1729 = CARTESIAN_POINT ( 'NONE',  ( -37.00000000000000000, 6.000000000000000000, 1.550000000000128608 ) ) ;
#1730 = EDGE_LOOP ( 'NONE', ( #98, #188 ) ) ;
#1731 = ORIENTED_EDGE ( 'NONE', *, *, #1689, .F. ) ;
#1732 = EDGE_CURVE ( 'NONE', #724, #508, #1017, .T. ) ;
#1733 = CARTESIAN_POINT ( 'NONE',  ( 52.49999999999999289, 6.000000000000000000, -45.00000000000000711 ) ) ;
#1734 = CYLINDRICAL_SURFACE ( 'NONE', #652, 3.049999999999997158 ) ;
#1735 = EDGE_LOOP ( 'NONE', ( #106, #372, #1502, #1307 ) ) ;
#1736 = CARTESIAN_POINT ( 'NONE',  ( 0.000000000000000000, 6.000000000000000000, 0.000000000000000000 ) ) ;
#1737 = CYLINDRICAL_SURFACE ( 'NONE', #1182, 1.549999999999999378 ) ;
#1738 = LINE ( 'NONE', #224, #684 ) ;
#1739 = EDGE_LOOP ( 'NONE', ( #84, #727, #983, #1015 ) ) ;
#1740 = FACE_BOUND ( 'NONE', #324, .T. ) ;
#1741 = EDGE_CURVE ( 'NONE', #1661, #1163, #61, .T. ) ;
ENDSEC;
END-ISO-10303-21;
